seller_id,order_count,avg_vlt_days,vlt_std_dev,on_time_rate,vlt_cv,total_units,active_days,avg_daily_demand,safety_stock_units,demand_during_lead_time,reorder_point_units,max_stock_level_units
1f50f920176fa81dab994f9023523100,1399,15.571830969241567,9.23353614990319,0.9055036344755972,0.5929640623599007,1931,510,3.7862745098039214,58.0,58.95922666981464,117.0,176.0
7c67e1448b00f6e969d365cea6b010ab,973,22.392545647123136,12.020685160641015,0.904059040590406,0.5368163740769404,1364,559,2.440071556350626,48.0,54.63941370782819,103.0,158.0
4a3ca9315b744ce9f8e9374361493884,1772,14.416470988208578,9.326389020534066,0.8902001026167266,0.6469259382661847,1987,597,3.3283082077051924,51.0,47.9824587161984,99.0,147.0
7d13fca15225358621be4086e1eb0964,558,15.692606558506844,10.048943993907772,0.8809106830122592,0.6403616860234297,578,193,2.994818652849741,50.0,46.99651083324848,97.0,144.0
8b321bb669392f5163d04c59e235e066,930,12.61689872397273,9.425964887941834,0.8975124378109453,0.7470904771575947,1018,299,3.404682274247492,53.0,42.95653144148575,96.0,139.0
ea8482cd71df3c1969d7b9473ff13abc,1132,13.315562346068711,9.192070167242196,0.8964646464646465,0.6903253447614297,1203,375,3.208,49.0,42.71632400618843,92.0,135.0
955fee9216a65b617aa5c0531780ce60,1261,10.74037917673108,8.201792064812787,0.9191576086956522,0.7636408296070111,1499,401,3.7381546134663344,51.0,40.14919796987504,91.0,131.0
1025f0e2d44d7041d6cf58b6550e0bfa,910,12.051349105046947,7.840125885009999,0.9077464788732394,0.6505600175275527,1428,414,3.449275362318841,45.0,41.56842155074165,87.0,129.0
6560211a19b47992c3666cc44a7e94c0,1819,9.539485927874267,7.4975898527278515,0.937875751503006,0.7859532378804587,2033,559,3.636851520572451,45.0,34.693693902269025,80.0,115.0
cc419e0650a3c5ba77189a1882b7556a,1651,11.539753288410576,8.107940781242174,0.9400814426992438,0.7026095427347667,1775,574,3.092334494773519,41.0,35.68477715492818,77.0,113.0
da8622b14eb17ae2831f4ac5b9dab84a,1311,11.169686722413628,9.412003210109113,0.9270025839793282,0.8426380653293108,1551,570,2.721052631578947,42.0,30.393305449936026,72.0,102.0
4869f7a5dfa277a7dca6462dcf3b52b2,1124,15.005261495434894,9.542576323955029,0.8841463414634146,0.6359486855232881,1156,536,2.156716417910448,34.0,32.362093822243914,66.0,98.0
06a2c3af7b3aee5d69171b0e14f0ee87,389,17.7378431338677,9.119375795786237,0.763681592039801,0.5141197679425963,405,216,1.875,28.0,33.25845587600193,61.0,94.0
3d871de0142ce09b7081e2b9d1733cb1,1064,13.42082487023938,9.07299091333697,0.9407603890362513,0.6760382466100341,1147,540,2.1240740740740742,32.0,28.50682615956402,61.0,90.0
5151aea44289d6c6b090ee31c2132508,7,17.37599537037037,10.368202025462,1.0,0.5966968685513067,7,4,1.75,30.0,30.407991898148147,60.0,90.0
8160255418d5aaa7dbdc9f4c64ebda44,380,16.77892969841894,12.319459795343931,0.8207547169811321,0.734222028268274,431,316,1.3639240506329111,28.0,22.885185759552407,51.0,74.0
7a67c85e85bb2ce8582c35f2203ad736,1144,11.000076304640864,7.601444199861272,0.9419410745233968,0.6910355882398989,1171,572,2.047202797202797,26.0,22.519386980304983,49.0,72.0
2eb70248d66e0e3ef83659f71b244378,187,17.974676865952247,10.174695308197014,0.8578680203045685,0.5660572028123626,212,164,1.2926829268292683,22.0,23.235557899889493,45.0,68.0
ecccfa2bb93b34a3bf033cc5d1dcdc69,12,35.13316116898148,15.86720996546956,0.75,0.451630580270086,19,26,0.7307692307692307,19.0,25.674233161948003,45.0,71.0
c70c1b0d8ca86052f45a432a38b73958,260,7.6691412794863325,6.287386315592,0.9196428571428572,0.8198292463863855,338,146,2.315068493150685,24.0,17.754587345660138,42.0,60.0
1835b56ce799e6a4dc4eddc053f04066,417,12.770313550278953,8.654464285761208,0.8947368421052632,0.6777017848220461,558,355,1.5718309859154929,22.0,20.072774538184945,42.0,62.0
c7dcd301ecfe5ab7f778ac172cf74be7,3,25.347723765432097,2.733733420551029,1.0,0.1078492666974362,4,3,1.3333333333333333,6.0,33.796965020576124,40.0,74.0
cca3071e3e9bb7d12640c9fbe2301306,699,14.24264624133007,11.714720666487072,0.9461444308445532,0.8225101198183713,830,689,1.204644412191582,23.0,17.157324209439707,40.0,57.0
88460e8ebdecbfecb5f9601833981930,246,18.26756948302469,10.324457363352924,0.8033333333333333,0.5651795863126194,302,270,1.1185185185185185,19.0,20.432614755086874,39.0,59.0
de722cd6dad950a92b7d4f82673f8833,337,12.76760370615974,6.4059616994487225,0.960212201591512,0.5017356308105148,379,227,1.669603524229075,18.0,21.3168361437645,39.0,60.0
a1043bafd471dff536d0c462352beb48,702,13.586722905585107,8.111506995792059,0.9441489361702128,0.5970171800926075,770,558,1.3799283154121864,18.0,18.748703651076223,37.0,56.0
81f89e42267213cb94da7ddc301651da,46,7.642944043803419,3.436361552920481,1.0,0.4496122872581463,52,20,2.6,15.0,19.87165451388889,35.0,55.0
633ecdf879b94b5337cca303328e4a25,6,25.72286072530865,12.578349667717672,0.3333333333333333,0.4889949761824847,6,8,0.75,16.0,19.292145543981487,35.0,54.0
e9779976487b77c6d4ac45f75ec7afe9,645,9.849296302569508,9.29261358120465,0.9254742547425474,0.9434799498092438,750,546,1.3736263736263736,21.0,13.529253162870203,35.0,49.0
634964b17796e64304cadf1ad3050fb7,265,14.50425538929022,9.560061565269775,0.9040247678018576,0.6591211550459058,326,280,1.1642857142857144,18.0,16.887097346102188,35.0,52.0
f457c46070d02cadd8a68551231220dd,195,14.452987067230271,7.718540614162112,0.9347826086956522,0.5340446634497176,234,190,1.231578947368421,16.0,17.79999459858886,34.0,52.0
620c87c171fb2a6dd6e8bb4dec959fc6,724,12.88467291755584,9.481444379019662,0.9052496798975672,0.7358700092495825,798,690,1.1565217391304348,18.0,14.901404330738492,33.0,48.0
128639473a139ac0f3e5f5ade55873a5,527,14.412933066753578,7.370243397555311,0.9368231046931408,0.5113631877300747,560,464,1.206896551724138,15.0,17.394919218495698,32.0,49.0
1fe5540d7c1c37a595fefbacd5570d9e,20,11.997797222222223,3.876274836128216,0.96,0.3230822095366482,25,15,1.6666666666666667,11.0,19.996328703703707,31.0,51.0
7ddcbb64b5bc1ef36ca8c151f6ec77df,325,12.63763847305389,10.138633338199064,0.9161676646706588,0.802256953292086,343,334,1.026946107784431,17.0,12.978173641489473,30.0,43.0
d2374cbcbb3ca4ab1086534108cc3ab7,514,14.297114882019116,7.507897853222044,0.9467741935483872,0.5251337710564538,631,558,1.1308243727598566,14.0,16.16752596873488,30.0,46.0
562fc2f2c2863ab7e79a9e4388a58a14,255,11.255386355695318,7.9089684485369185,0.9660377358490566,0.7026829820492937,270,219,1.2328767123287672,16.0,13.876503726199708,30.0,44.0
fa1c13f2614d7b5c4749cbc52fecda94,578,13.341870562272115,9.8611061750917,0.8981001727115717,0.7391097169670305,586,600,0.9766666666666668,16.0,13.030560249152435,29.0,42.0
00fc707aaaad2d31347cf883cd2dfe10,103,15.77124777091907,7.86336294963376,0.9555555555555556,0.4985885114387193,135,134,1.007462686567164,13.0,15.888943649806524,29.0,45.0
1900267e848ceeba8fa32d80c1a5f5a8,406,12.79522909142412,7.694125831148051,0.9005736137667304,0.6013277117722703,529,467,1.1327623126338329,14.0,14.493953296281283,28.0,42.0
53243585a1d6dc2643021fd1853d8905,348,13.37442884837963,6.872166156860419,0.96,0.5138287574570343,410,359,1.1420612813370474,13.0,15.274417347731612,28.0,43.0
c9aafcd0621b2207c10e32c649cada4d,40,9.011922773837668,4.249096278010527,0.9148936170212766,0.4714971915145559,52,30,1.7333333333333334,12.0,15.620666141318624,28.0,44.0
7aa4334be125fcdd2ba64b3180029f14,214,15.979772620721988,10.707680304983665,0.8649789029535865,0.6700771380875804,240,288,0.8333333333333334,15.0,13.31647718393499,28.0,41.0
f8db351d8c4c4c22c6835c19a46f01b0,659,9.914259048526818,7.53898514997161,0.9411764705882352,0.7604184148377529,724,578,1.2525951557093429,16.0,12.41855285663221,28.0,40.0
d13e50eaa47b4cbe9eb81465865d8cfc,66,4.972586465141612,2.7762792686862827,0.7941176470588235,0.5583169419271663,69,25,2.76,13.0,13.724338643790848,27.0,41.0
ceaec5548eefc6e23e6607c5435102e7,198,12.918996932308522,8.645740576355,0.941747572815534,0.6692269238591788,211,210,1.0047619047619047,14.0,12.980515965319515,27.0,40.0
c826c40d7b19f62a09e2d7c5e7295ee2,346,13.195016837899542,8.565215079191706,0.9095890410958904,0.6491249828943125,373,366,1.0191256830601092,14.0,13.447380547914014,27.0,40.0
53e4c6e0f4312d4d2107a8c9cddf45cd,463,12.027491274233215,10.37429030121379,0.947265625,0.8625481461324259,522,553,0.9439421338155516,16.0,11.353255777847629,27.0,38.0
9f505651f4a6abe901a56cdc21508025,393,8.16848548078595,7.623831472670278,0.9530516431924884,0.9333225223455662,430,329,1.3069908814589666,16.0,10.6761360387172,27.0,38.0
612170e34b97004b3ba37eae81836b4c,107,10.901777988215487,4.395456899043186,0.9818181818181818,0.4031871593601108,110,73,1.5068493150684932,11.0,16.42733669457128,27.0,43.0
391fc6631aebcf3004804e51b40bcf1e,521,14.269101584022035,8.531901792457663,0.9041322314049588,0.5979284499601112,613,689,0.8896952104499274,13.0,12.695151336727877,26.0,39.0
640e21a7d01df7614a3b4923e990d40c,115,10.44772314133987,11.919595421052476,0.9338235294117648,1.1408797170254883,137,162,0.845679012345679,17.0,8.835420187429396,26.0,35.0
8581055ce74af1daba164fdbd55a40de,379,12.83171940206051,8.82839708084005,0.9014084507042254,0.6880135704512359,435,456,0.9539473684210528,14.0,12.24078495591299,26.0,38.0
eebb3372362aa9a46975164bed19a7e7,4,52.58219039351852,75.84641942766396,0.5,1.4424355254134311,8,57,0.1403508771929824,18.0,7.379956546458737,25.0,32.0
e5a3438891c0bfdb9394643f95273d8e,216,15.375952401034638,10.651137877240382,0.8178137651821862,0.6927140250852801,255,332,0.7680722891566265,13.0,11.809842958626001,25.0,37.0
939f6e231201f26803cb5c3a3d2940b3,3,9.902161458333332,5.298935753019761,1.0,0.5351292013684903,4,3,1.3333333333333333,12.0,13.202881944444442,25.0,38.0
9c0e69c7bf2619675bbadf47b43f655a,151,15.161132060185183,19.84249426309817,0.905,1.308773921652379,206,410,0.5024390243902439,16.0,7.617544400971092,24.0,32.0
855668e0971d4dfd7bef1b6a4133b41b,300,16.15309012891509,11.573344506244394,0.8617363344051447,0.7164786684083035,327,482,0.6784232365145229,13.0,10.958631684969365,24.0,35.0
beadbee30901a7f61d031b6b686095ad,64,13.541908700980391,10.4002527784114,0.7647058823529411,0.7680049399283319,68,87,0.7816091954022989,13.0,10.584480363984675,24.0,35.0
c33847515fa6305ce6feb1e818569f13,114,9.561364474826387,5.926892276965802,0.953125,0.6198793375747157,128,106,1.2075471698113207,12.0,11.545798611111108,24.0,36.0
a7f13822ceb966b076af67121f87b063,73,22.157743468915346,21.31732196587847,0.9404761904761904,0.962070979645744,86,213,0.4037558685446009,14.0,8.946318959280372,23.0,32.0
6973a06f484aacf400ece213dbf3d946,89,14.988384880829903,9.947109669132384,0.8333333333333334,0.6636545397132619,115,163,0.7055214723926381,12.0,10.574627369910669,23.0,34.0
d91fb3b7d041e83b64a00a3edfb37e4f,524,11.286405930335096,7.493924091475427,0.9371428571428572,0.6639778985206968,536,564,0.950354609929078,12.0,10.726087905424844,23.0,34.0
218d46b86c1881d022bce9c68a7d4b15,382,13.80322260802469,10.1927569526133,0.9095238095238096,0.7384331356568578,427,582,0.7336769759450171,12.0,10.127106621351446,22.0,32.0
240b9776d844d37535668549a396af32,35,11.357760582010584,6.512113535810052,0.9428571428571428,0.5733624589802068,36,36,1.0,11.0,11.357760582010584,22.0,33.0
427165bf50f8ca07efc7bdc2bfcf1688,5,38.565872685185184,33.7262355289483,0.4,0.8745098497901748,5,22,0.2272727272727272,13.0,8.764971064814812,22.0,31.0
7ad32824caee82087b3e2e5f33b1bf32,147,11.489481738683128,8.593978436016345,0.8722222222222222,0.7479866047466601,184,214,0.8598130841121495,12.0,9.878806728587362,22.0,32.0
85d9eb9ddc5d00ca9336a2219c97bb13,499,14.738470594618056,8.093171418439612,0.96484375,0.5491188089349609,522,683,0.7642752562225475,10.0,11.264248390030197,21.0,32.0
4d6d651bd7684af3fffabd5f08d12e5a,363,13.056570146624775,7.446572097453582,0.9537275064267352,0.5703314127545647,395,486,0.8127572016460906,10.0,10.611821415466638,21.0,32.0
f46490624488d3ff7ce78613913a7711,80,10.08549622179651,6.8370850846546105,0.8850574712643678,0.6779126117640579,91,91,1.0,11.0,10.08549622179651,21.0,31.0
897060da8b9a21f655304d50fd935913,304,14.86209574813918,9.816266227361831,0.8789346246973365,0.6604900408201773,430,619,0.6946688206785138,11.0,10.324234526170999,21.0,31.0
5d378b73ab7dd6f0418d743e5dcb0bd1,6,30.48887152777778,47.00588401626055,0.8333333333333334,1.5417390562794184,7,37,0.1891891891891892,15.0,5.768164883633634,21.0,27.0
e8b3a3a38279a82f0e5d006d5e5b7d2c,80,16.894898420479304,9.343973139540184,0.9529411764705882,0.5530647718019898,92,147,0.6258503401360545,10.0,10.573677923021062,21.0,32.0
1ca7077d890b907f89be8c954a02686a,108,15.028811242344709,8.745442182914868,0.8031496062992126,0.5819117721216688,137,207,0.6618357487922706,10.0,9.946604542034905,20.0,30.0
dbc22125167c298ef99da25668e1011f,394,11.405500294209078,6.9143252797729575,0.9760191846522782,0.6062272676704565,429,502,0.8545816733067729,10.0,9.746931526326085,20.0,30.0
54965bbe3e4f07ae045b90b0b8541f52,73,26.727943958619115,19.19515790828111,0.6790123456790124,0.7181681440966632,86,259,0.332046332046332,11.0,8.874915754599396,20.0,29.0
0dd184061fb0eaa7ca37932c68ab91c5,161,11.247586475724429,9.82909510531899,0.9015544041450776,0.873884822004529,193,256,0.75390625,12.0,8.47962574146412,20.0,28.0
2c9e548be18521d1c43cde1c582c6de8,124,13.734119693523931,14.2121703896899,0.8304093567251462,1.0348075236588612,174,326,0.5337423312883436,13.0,7.330481063414614,20.0,27.0
4e922959ae960d389249c378d1c939f5,412,14.63096879671151,9.35360667660321,0.8923766816143498,0.6393019359528365,454,688,0.6598837209302325,10.0,9.654738130388118,20.0,30.0
213b25e6f54661939f11710a6fddb871,152,15.226612816764131,6.446790016293856,0.8894736842105263,0.423389633260793,194,267,0.7265917602996255,8.0,11.06353140993349,19.0,30.0
4b9750c8ad28220fe6702d4ecb7c898f,217,9.406085030165912,10.720242852716773,0.9230769230769232,1.1397135809783,222,320,0.69375,12.0,6.525471489677601,19.0,26.0
282c7480173bb9c01dd41cc739fec010,5,13.80601996527778,11.18428853894237,0.875,0.8101023008130455,8,14,0.5714285714285714,11.0,7.889154265873017,19.0,27.0
41b86b552e54e3a7009596125aa8b167,10,15.680195707070707,12.809270166115253,1.0,0.8169075441028544,11,21,0.5238095238095238,11.0,8.213435846560847,19.0,27.0
46dc3b2cc0980fb8ec44634e21d2718e,504,11.798776704304494,7.980839687378779,0.9370229007633588,0.6764124694780574,542,683,0.7935578330893118,10.0,9.363011674572526,19.0,28.0
25c5c91f63607446a97b143d2d535d31,156,13.9284769649819,7.669969451248478,0.9398496240601504,0.5506682080554702,269,386,0.6968911917098446,9.0,9.706632910829356,19.0,29.0
b2479f944e1b90cf8a5de1bbfde284d6,101,15.440582023399369,10.436370584220713,0.8527131782945736,0.6759052585197214,131,221,0.5927601809954751,10.0,9.15256219486569,19.0,28.0
0b90b6df587eb83608a64ea8b390cf07,163,14.400937832270069,7.71934941706297,0.9665071770334928,0.5360310215189744,210,297,0.7070707070707071,9.0,10.182481295544493,19.0,29.0
7142540dd4c91e2237acb7e911c4eba2,316,14.759572782576782,9.31182418009924,0.9207317073170732,0.6309006579845969,331,526,0.629277566539924,10.0,9.287868043788812,19.0,28.0
37515688008a7a40ac93e3b2e4ab203f,227,15.078823173330234,8.178505525096114,0.899581589958159,0.5423835422091398,240,372,0.6451612903225806,9.0,9.728273015051764,19.0,29.0
f7ba60f8c3f99e7ee4042fdef03b70c4,218,13.124415534530163,10.770988911536373,0.834061135371179,0.8206833198170267,230,392,0.5867346938775511,10.0,7.700549930974331,18.0,26.0
d17f467e4bf608a510c20d82f4ba3b6b,11,12.06053451178451,5.961294314717161,0.8181818181818182,0.4942811041162645,12,15,0.8,8.0,9.648427609427609,18.0,28.0
ef506c96320abeedfb894c34db06f478,316,13.33943067408523,10.618563868411597,0.9126506024096386,0.7960282659619414,340,576,0.5902777777777778,10.0,7.873969495119754,18.0,26.0
fe2032dab1a61af8794248c8196565c9,293,10.600771782027929,12.133805959979084,0.9147540983606556,1.144615336455992,306,532,0.575187969924812,12.0,6.097436400940876,18.0,24.0
16090f2ca825584b5a147ab24aa30c86,398,9.222865951696772,9.305832796807437,0.8916256157635468,1.0089957769683728,410,574,0.7142857142857143,11.0,6.587761394069123,18.0,25.0
8cc6a0e5738e61a87b03c78b2ba9db4b,23,16.687734857253087,25.542062568054497,0.9166666666666666,1.5305889497011635,26,86,0.3023255813953488,13.0,5.045129142890468,18.0,23.0
7e93a43ef30c4f03f38b393420bc753a,319,11.335140901771338,12.779805338825163,0.9440993788819876,1.1274500643241294,340,644,0.5279503105590062,11.0,5.984391159320271,17.0,23.0
c3867b4666c7d76867627c2f7fb22e21,228,15.219363906177962,10.348780256608311,0.8879668049792531,0.6799745587532376,259,467,0.5546038543897216,9.0,8.440717883726107,17.0,25.0
5dceca129747e92ff8ef7a997dc4f8ca,322,11.273755027804771,7.849548630247323,0.9416909620991254,0.6962674469054689,346,515,0.6718446601941748,9.0,7.574212115767866,17.0,25.0
92eb0f42c21942b6552362b9b114707d,334,13.478276950134491,7.791365034989491,0.9245810055865922,0.5780683290464472,365,564,0.6471631205673759,8.0,8.72264377092037,17.0,26.0
e26901d5ab434ce92fd9b5c256820a4e,197,9.29815358527132,5.104875657283466,0.9767441860465116,0.5490203630718481,221,226,0.9778761061946902,8.0,9.092442222765317,17.0,26.0
7299e27ed73d2ad986de7f7c77d919fa,335,11.322033060469687,7.941200244186083,0.952513966480447,0.7013934866444073,361,531,0.67984934086629,9.0,7.697276713426661,17.0,25.0
77530e9772f57a62c906e1c21538ab82,312,15.0941146592787,10.12890430671211,0.884514435695538,0.6710499115286394,389,691,0.5629522431259045,9.0,8.497265705440542,17.0,25.0
ba143b05f0110f0dc71ad71b4466ce92,83,10.277845982142855,7.630418337084807,0.8452380952380952,0.7424141547112306,86,117,0.7350427350427351,9.0,7.55465602106227,17.0,25.0
0241d4d5d36f10f80c644447315af0bd,238,10.94086523261066,7.438952190704368,0.943089430894309,0.679923573917318,246,325,0.7569230769230769,9.0,8.281393376068376,17.0,25.0
b33e7c55446eabf8fe1a42d037ac7d6d,149,16.425508269371345,10.890946700791131,0.868421052631579,0.6630508184090405,155,310,0.5,9.0,8.212754134685673,17.0,25.0
8e6d7754bc7e0f22c96d255ebda59eba,84,14.082051751363768,9.126102668384869,0.875968992248062,0.6480662640301018,130,240,0.5416666666666666,8.0,7.627778031988707,16.0,24.0
7040e82f899a04d1b434b795a43b4617,208,10.244739972595914,8.10444459093895,0.9103139013452914,0.7910834840725943,228,351,0.6495726495726496,9.0,6.654702888181961,16.0,23.0
bf84056e679dbe9c69929847a40e338f,35,12.35544864766082,9.994849087713188,0.9210526315789472,0.8089426270737202,40,70,0.5714285714285714,9.0,7.0602563700918965,16.0,23.0
4c2b230173bb36f9b240f2b8ac11786e,258,12.7983538494763,7.406493159633649,0.9096209912536444,0.5787067029668599,346,553,0.6256781193490054,8.0,8.007649967303434,16.0,24.0
37be5a7c751166fbc5f8ccba4119e043,269,10.607953304023448,6.595871058680938,0.974820143884892,0.6217854537669596,281,384,0.7317708333333334,8.0,7.762590829246326,16.0,24.0
ede0c03645598cdfc63ca8237acbe73d,43,18.401936071710008,11.358518452283883,0.6595744680851063,0.6172458380477565,50,119,0.4201680672268907,8.0,7.731905912483196,16.0,24.0
688756f717c462a206ad854c5027a64a,81,10.765330387205386,6.309814973870463,0.9090909090909092,0.5861236717239713,101,135,0.7481481481481481,8.0,8.054061993390697,16.0,24.0
2a84855fd20af891be03bc5924d2b453,155,8.543380066387142,8.454376326478236,0.9685534591194968,0.9895821397131704,168,245,0.6857142857142857,10.0,5.858317759808326,16.0,22.0
70a12e78e608ac31179aea7f8422044b,312,14.695408819229447,8.491096013978567,0.891640866873065,0.5778060425830193,328,581,0.5645438898450946,8.0,8.296203257671701,16.0,24.0
1c129092bf23f28a5930387c980c0dfc,200,11.589614673177744,6.611244728319646,0.9497716894977168,0.5704456027878376,220,314,0.7006369426751592,8.0,8.12011219139842,16.0,24.0
edb1ef5e36e0c8cd84eb3c9b003e486d,165,11.709806034482758,9.75925805745395,0.9252873563218392,0.8334261070350029,175,327,0.5351681957186545,9.0,6.26671576768955,15.0,21.0
2138ccb85b11a4ec1e37afbd1c8eda1f,388,11.263819941660037,7.630068861503736,0.9451073985680192,0.6773962031551468,429,694,0.6181556195965417,8.0,6.9627935950607425,15.0,22.0
8d956fec2e4337affcb520f56fd8cbfd,210,9.30171148433676,6.574737739095696,0.9030837004405288,0.7068309687058084,228,319,0.7147335423197492,8.0,6.648245198836305,15.0,22.0
f262cbc1c910c83959f849465454ddd3,189,8.951072871278141,7.705879513293909,0.9068627450980392,0.8608889262895222,207,297,0.696969696969697,9.0,6.238626546648402,15.0,21.0
7ea5bfa6c340f58f8e71fc1f0412b0d6,96,12.737575912309367,15.07458551648877,0.931372549019608,1.1834736546630475,104,265,0.3924528301886792,10.0,4.998897716528959,15.0,20.0
8d92f3ea807b89465643c219455e7369,3,42.1159056712963,12.639206411252076,0.125,0.3001052977442252,8,33,0.2424242424242424,5.0,10.209916526374858,15.0,25.0
48efc9d94a9834137efd9ea76b065a38,33,10.829713371459697,1.811112508205695,1.0,0.1672354979383523,34,35,0.9714285714285714,3.0,10.52029298941799,14.0,25.0
e9bc59e7b60fc3063eb2290deda4cced,209,14.569640357905982,8.07319424004378,0.8730769230769231,0.5541107427310648,269,528,0.509469696969697,7.0,7.422790258099829,14.0,21.0
70c27847eca8195c983ed7e798c56743,77,10.848642172146636,5.779329376066318,0.9081632653061223,0.5327237532918605,98,142,0.6901408450704225,7.0,7.487091076551904,14.0,21.0
ef0ace09169ac090589d85746e3e036f,128,12.55617106314948,10.22602088379596,0.920863309352518,0.8144219151177248,140,283,0.4946996466431095,8.0,6.211533388130484,14.0,20.0
9b013e03b2ab786505a1d3b5c0756754,170,7.997937447390573,6.532130708043161,0.9454545454545454,0.8167269062818628,225,313,0.7188498402555911,8.0,5.749316056430923,14.0,20.0
17e34d8224d27a541263c4c64b11a56b,247,14.041841435185184,8.421579438952655,0.9192307692307692,0.5997489344845027,268,551,0.4863883847549909,7.0,6.829788574645425,14.0,21.0
6a8b085f816a1f75f92dbac6eb545f8f,125,14.367179493873572,16.490007600096455,0.9097744360902256,1.147755382824311,135,391,0.3452685421994885,9.0,4.960535119368113,14.0,19.0
1c68394e931a64f90ea236c5ea590300,142,15.752728909465022,10.109517887707714,0.9649122807017544,0.6417629571237916,171,395,0.4329113924050632,7.0,6.819535806375995,14.0,21.0
d6b1ce66b035a475f00c017792ff9769,92,10.171494770233195,6.61377821385878,0.925925925925926,0.6502267722944667,108,163,0.6625766871165644,7.0,6.73939530788457,14.0,21.0
f08c008c8a8d31417763738a1788a2a8,20,19.12531525573192,28.502043792724265,0.8571428571428571,1.4902783777214916,23,105,0.219047619047619,10.0,4.189354770303181,14.0,18.0
a21c11ec5c3f03e7cc9f9203bff9e1c6,3,8.954418402777778,5.610930329226218,1.0,0.6266102472367869,4,5,0.8,7.0,7.163534722222223,14.0,21.0
c003204e1ab016dfa150abc119207b24,195,9.686840162037036,7.848443320898393,0.935,0.8102170769428646,202,313,0.645367412140575,8.0,6.2515709671932305,14.0,20.0
fa40cc5b934574b62717c68f3d678b6d,304,11.200961884547754,8.85924066243003,0.940652818991098,0.790935702999915,340,589,0.5772495755517827,8.0,6.465750493626887,14.0,20.0
b2ba3715d723d245138f291a6fe42594,324,13.97076597222222,8.148072138863787,0.9142857142857144,0.5832230068891303,363,688,0.5276162790697675,7.0,7.37120355801841,14.0,21.0
8a432f4e5b471f8da497d7dc517666e2,95,7.961400462962962,5.696691272438782,0.9339622641509434,0.7155388425617102,106,146,0.726027397260274,7.0,5.78019485667174,13.0,19.0
5343d0649eca2a983820bfe93fc4d17e,70,11.36370422979798,8.026967367299957,0.9090909090909092,0.7063689097302964,111,224,0.4955357142857143,7.0,5.631121292444535,13.0,19.0
82e0a475a88cc9595229d8029273f045,41,15.259298816221284,21.66942539216856,0.9367088607594936,1.4200800215756335,80,331,0.2416918429003021,9.0,3.6880480522589205,13.0,17.0
b561927807645834b59ef0d16ba55a24,85,12.522224049707605,11.92115338895225,0.8526315789473684,0.9519996880450812,95,220,0.4318181818181818,8.0,5.407324021464648,13.0,18.0
0b35c634521043bf4b47e21547b99ab5,50,17.4247843013468,15.621093045734682,0.8831168831168831,0.8964870253531513,78,249,0.3132530120481928,8.0,5.458366166686949,13.0,18.0
87142160b41353c4e5fca2360caf6f92,305,10.805449647656506,7.3818529184292,0.943952802359882,0.6831601792740002,339,565,0.6,7.0,6.483269788593903,13.0,19.0
7d76b645482be4a332374e8223836592,172,13.264018480570735,9.142813717776171,0.8907103825136612,0.6892944043442532,187,384,0.4869791666666667,7.0,6.459300666319603,13.0,19.0
5058e8c1e82653974541e83690655b4a,62,26.44018774050024,13.541671248279073,0.8701298701298701,0.512162446847394,78,292,0.2671232876712329,6.0,7.06278987588705,13.0,20.0
dfa0c4c6229ab200a4a1336b4d7128ff,77,9.643763727390182,4.9091624755943695,0.9651162790697676,0.5090504718247487,86,114,0.7543859649122807,6.0,7.275120004873295,13.0,20.0
04308b1ee57b6625f47df1d56f00eedf,92,18.87600291867955,9.758812132844492,0.8804347826086957,0.5169956889118323,94,272,0.3455882352941176,6.0,6.523324538073078,13.0,20.0
516e7738bd8f735ac19a010ee5450d8d,74,8.784532802619692,4.421175793447771,0.951219512195122,0.5032909424766795,84,106,0.7924528301886793,6.0,6.961327881321266,13.0,20.0
95e03ca3d4146e4011985981aeb959b9,172,12.354240740740742,11.450843563183888,0.968421052631579,0.9268755404306062,193,459,0.420479302832244,8.0,5.194702533688373,13.0,18.0
813348c996469b40f2e028d5429d3495,172,10.19760576923077,7.819950152513748,0.953846153846154,0.7668417792840041,202,359,0.5626740947075209,7.0,5.737928594386116,13.0,19.0
00ee68308b45bc5e2660cd833c3f81cc,135,9.16644191429802,9.0140244977627,0.9186046511627908,0.9833722377820804,172,325,0.5292307692307693,8.0,4.851163105413106,13.0,18.0
42b729f859728f5079499127a9c2ef37,103,7.89449409810574,7.843182355102352,0.900763358778626,0.9935003127032928,132,227,0.5814977973568282,8.0,4.590630929294968,13.0,18.0
8fec2e460530482132c436cfb5439925,3,32.48059259259259,22.07601301846245,0.4,0.6796678033361075,5,25,0.2,7.0,6.496118518518519,13.0,19.0
e83c76265fc54bf41eac728805e4da77,8,32.602546296296296,63.11430837981944,0.875,1.935870523922524,8,88,0.0909090909090909,9.0,2.9638678451178446,12.0,15.0
d921b68bf747894be13a97ae52b0f386,77,9.97529761904762,5.5564672535996085,0.987012987012987,0.5570227040634509,77,128,0.6015625,6.0,6.000764973958334,12.0,18.0
6f892e20a171e98efe17fdb971ff319b,41,16.756710648148147,9.535741783724696,0.92,0.5690700271642234,53,144,0.3680555555555556,6.0,6.16740044688786,12.0,18.0
1da3aeb70d7989d1e6d9b0e887f97c23,261,8.350644397290809,6.893147594038708,0.9506172839506172,0.8254629542451891,328,536,0.6119402985074627,7.0,5.110095825207808,12.0,17.0
4830e40640734fc1c52cd21127c341d4,204,9.937044461914745,7.4067022491982835,0.9339622641509434,0.7453626958785997,219,399,0.5488721804511278,7.0,5.454167261050951,12.0,17.0
001cca7ae9ae17fb1caed9dfb1094831,195,13.096631647673313,8.286708341098393,0.9444444444444444,0.632735848730278,239,524,0.4561068702290076,6.0,5.973463671362445,12.0,18.0
33a6f4b1e7cdc205511e76ba1b6e0186,105,8.538114987507349,6.972756666466621,0.984126984126984,0.8166623050484677,126,215,0.586046511627907,7.0,5.003732504306632,12.0,17.0
41b39e28db005d9731d9d485a83b4c38,187,12.488878352848364,11.023313329860056,0.9417040358744396,0.8826503884831216,231,579,0.3989637305699481,7.0,4.982609498286652,12.0,17.0
8b9d6eec4a7eb7d0f9d579ce0b38324d,48,10.042015446937322,7.7642317583754465,0.8461538461538461,0.7731746479979207,53,100,0.53,7.0,5.322268186876781,12.0,17.0
8b28d096634035667e8263d57ba3368c,139,14.29172338729458,16.302500928180873,0.8675496688741722,1.1406952462201925,155,507,0.3057199211045365,8.0,4.369264546411558,12.0,16.0
79ebd9a61bac3eaf882805ed4ecfa12a,133,15.332816468253966,6.381619235629287,0.9428571428571428,0.4162065885835257,143,313,0.4568690095846645,5.0,7.0050886739946225,12.0,19.0
1554a68530182680ad5c8b042c3ab563,246,14.082570138021916,11.404975629596771,0.9288389513108616,0.809864642449333,269,711,0.3783403656821378,7.0,5.328004735763566,12.0,17.0
7178f9f4dd81dcef02f62acdf8151e01,202,15.640292420327304,7.8328689021646705,0.9534883720930232,0.5008134561464134,216,515,0.4194174757281553,5.0,6.5598119665838786,12.0,19.0
7681ef142fd2c19048da7430856b5588,58,10.372716709307992,10.26757208527954,0.881578947368421,0.9898633475708346,77,195,0.3948717948717948,7.0,4.095893264701104,11.0,15.0
d9bd94811c3338dceb4181f3dbc0c73e,54,7.769682187310261,8.187324974017809,0.8852459016393442,1.0537528790289077,61,113,0.5398230088495575,7.0,4.1942532161586366,11.0,15.0
2ff97219cb8622eaf3cd89b7d9c09824,87,8.793597690110323,8.17871901205752,0.9361702127659576,0.9300765511771908,96,191,0.5026178010471204,7.0,4.419818734296288,11.0,15.0
aac29b1b99776be73c3049939652091d,94,14.373473812553012,17.61024559615041,0.9083969465648856,1.2251906411636255,138,561,0.2459893048128342,7.0,3.5357208308953934,11.0,15.0
54a1852d1b8f10312c55e906355666ee,198,11.517078692244224,11.351542671198867,0.900990099009901,0.9856269089177248,204,587,0.3475298126064736,7.0,4.002528199689645,11.0,15.0
cd68562d3f44870c08922d380acae552,122,16.78016392118863,11.300887791477022,0.7984496124031008,0.6734670676969476,132,426,0.3098591549295774,6.0,5.199487412199293,11.0,16.0
dc4a0fc896dc34b0d5bfec8438291c80,225,13.81114736378941,7.513609475480096,0.9338842975206612,0.5440250022369295,249,563,0.4422735346358792,5.0,6.1083049619601475,11.0,17.0
4e5725ba188db8252977a4f0227bd462,21,20.76478973765432,12.928987180436929,0.7083333333333334,0.622639927674868,25,95,0.2631578947368421,6.0,5.464418352014294,11.0,16.0
cbd996ad3c1b7dc71fd0e5f5df9087e2,160,12.841035726533413,10.05285233744815,0.9153439153439152,0.7828692756204984,196,559,0.3506261180679785,6.0,4.502402508766634,11.0,16.0
b1b3948701c5c72445495bd161b83a4c,14,23.403023313492064,12.17331851508531,0.3571428571428571,0.5201600815424252,18,68,0.2647058823529412,5.0,6.19491793592437,11.0,17.0
c31eff8334d6b3047ed34bebd4d62c36,120,12.768233566727885,6.968161693013913,0.859504132231405,0.5457420289656907,123,266,0.462406015037594,5.0,5.9041080026598864,11.0,17.0
ccc4bbb5f32a6ab2b7066a4130f114e3,184,15.853247415735842,11.370298327179848,0.925925925925926,0.7172220321177701,192,592,0.3243243243243243,6.0,5.141593756454867,11.0,16.0
d1c281d3ae149232351cd8c8cc885f0d,214,12.459742610026344,7.853566461711152,0.9121338912133892,0.63031530485962,240,549,0.4371584699453552,6.0,5.446882015312063,11.0,16.0
609e1a9a6c2539919b8205cf7c4e6ff0,87,10.343952012108264,5.093261019569485,0.9769230769230768,0.4923902405586853,130,210,0.6190476190476191,5.0,6.40339886463845,11.0,17.0
3c7c4a49ec3c6550809089c6a2ca9370,139,9.755601046061884,9.405812184814504,0.9177215189873418,0.9641448169522489,160,349,0.4584527220630373,7.0,4.472481854928084,11.0,15.0
c4d51195486dc781531876a7d00453d8,17,23.733787445533768,11.26543732417053,0.7058823529411765,0.4746582209023054,17,67,0.2537313432835821,5.0,6.022005769762299,11.0,17.0
62760d278921b5f352461620d68a9cee,3,19.679513888888888,10.772953547639643,0.6666666666666666,0.5474196978880705,3,10,0.3,5.0,5.903854166666666,11.0,17.0
004c9cd9d87a3c30c522c48c4fc07416,156,14.43036361882716,9.068556061605143,0.9226190476190476,0.6284357276883505,170,462,0.3679653679653679,6.0,5.309874058875794,11.0,16.0
aac51c486b672a9850d59f3e84b1cf88,10,4.934210292022792,3.602208934925732,1.0,0.7300477121434151,13,13,1.0,6.0,4.934210292022792,11.0,16.0
c679fb69a36e1d8349e8c50a217b4d58,14,10.436830746187365,5.422993064994459,0.8235294117647058,0.5196015147582526,17,30,0.5666666666666667,5.0,5.914204089506173,11.0,17.0
056b4ada5bbc2c50cc7842547dda6b51,64,12.71058992165242,16.996361284672993,0.8923076923076924,1.3371811528369573,66,266,0.2481203007518796,7.0,3.1537553940942082,10.0,13.0
966cb4760537b1404caedd472cc610a5,67,10.04094527363184,5.941813872941886,0.9701492537313432,0.5917584162663914,75,143,0.5244755244755245,5.0,5.266230038618097,10.0,15.0
951e8cef368f09bb3f3d03c00ca4702c,62,9.187698604401504,5.247554265125554,0.9130434782608696,0.5711500225542482,71,128,0.5546875,5.0,5.0963015696289595,10.0,15.0
dd7ddc04e1b6c2c614352b383efe2d36,121,14.815091451486696,8.852719092261692,0.852112676056338,0.597547380740152,143,456,0.3135964912280701,5.0,4.645960696409204,10.0,15.0
1a3df491d1c4f1589fc2b934ada68bf2,160,15.035251380766733,6.564623364081126,0.9473684210526316,0.4366154710574821,178,474,0.3755274261603376,4.0,5.646149252692993,10.0,16.0
3fd1e727ba94cfe122d165e176ce7967,35,15.640605709876544,10.067862829934269,0.8055555555555556,0.6437003154920485,38,125,0.304,5.0,4.754744135802469,10.0,15.0
58f1a6197ed863543e0136bdedb3fce2,42,10.38838851205857,6.786047920218146,0.9767441860465116,0.6532339363647286,45,101,0.4455445544554455,5.0,4.628489931115205,10.0,15.0
c3cfdc648177fdbbbb35635a37472c53,278,9.690750919893835,5.587135622076247,0.977198697068404,0.5765431046841369,307,578,0.5311418685121108,5.0,5.147163550877868,10.0,15.0
0c8380b62e38e8a1e6adbeba7eb9688c,180,12.583845300288822,11.544226096871377,0.9495412844036696,0.9173846166565964,220,687,0.3202328966521106,6.0,4.029761231533538,10.0,14.0
18a349e75d307f4b4cc646a691ed4216,109,11.065197663483795,9.495586039400306,0.9453125,0.8581487948233083,148,371,0.398921832884097,6.0,4.414148933141783,10.0,14.0
9e9b539eb2806acee3f5c28085c1db9f,3,24.787878086419752,14.62916421288663,0.6666666666666666,0.5901741230888714,3,16,0.1875,5.0,4.647727141203704,10.0,15.0
db2956745b3a8e9f3785c99f34b5d25e,45,14.345947061191625,6.36767629996854,0.8913043478260869,0.4438658718596734,48,119,0.4033613445378151,4.0,5.78660049527057,10.0,16.0
08633c14ef2db992c11f840f04fad4cd,74,10.11452796869034,9.047063839712283,0.9381443298969072,0.894462289067527,97,255,0.3803921568627451,6.0,3.847487109658678,10.0,14.0
8444e55c1f13cd5c179851e5ca5ebd00,92,21.292399010530136,12.918159776184654,0.8921568627450981,0.6067028787970763,109,480,0.2270833333333333,5.0,4.835148941974551,10.0,15.0
adbc26658d6c7b4b6219f9d934598091,88,17.181017512077293,13.313121324287488,0.8478260869565217,0.7748738580197074,92,359,0.2562674094707521,6.0,4.4029348498916745,10.0,14.0
f3da5b2ff499efb8d4a6d371d175d7dd,77,11.274847702122855,11.095707756164355,0.8658536585365854,0.9841115418415124,84,249,0.3373493975903614,6.0,3.8035630802342157,10.0,14.0
17a053fcb14bd219540cbde0df490be0,124,11.984233061186186,9.340645825621124,0.918918918918919,0.7794112295657071,149,404,0.3688118811881188,6.0,4.419927539892925,10.0,14.0
712e6ed8aa4aa1fa65dab41fed5737e4,77,23.799676879084966,20.347294247251035,0.788235294117647,0.8549399368162066,87,465,0.1870967741935484,6.0,4.4528427709255745,10.0,14.0
8f2ce03f928b567e3d56181ae20ae952,151,14.378301639211886,8.96894166956481,0.8546511627906976,0.6237831069773289,175,482,0.3630705394190871,5.0,5.220337732079004,10.0,15.0
11bfa66332777660bd0640ee84d47006,76,16.1661926969862,10.960871613153348,0.8235294117647058,0.6780119363043804,102,352,0.2897727272727273,5.0,4.684521747422138,10.0,15.0
5f06030071324cc52bf0304014ac7234,4,10.357387152777775,4.758643752704404,1.0,0.4594444218905315,4,7,0.5714285714285714,4.0,5.9185069444444425,10.0,16.0
850f4f8af5ea87287ac68de36e29107f,186,10.143654801725807,7.800803887038865,0.93717277486911,0.7690328623674832,192,444,0.4324324324324324,6.0,4.386445319665214,10.0,14.0
3c4e0452bff7a2a788179488d3d77032,32,13.534090470679011,10.375972381402793,0.9722222222222222,0.7666545752654649,36,109,0.3302752293577982,6.0,4.469974834352701,10.0,14.0
99a54764c341d5dc80b4a8fac4eba3fb,44,7.078410669191919,6.290883748978716,0.7727272727272727,0.8887424088516317,67,124,0.5403225806451613,6.0,3.82462511964402,10.0,14.0
7e1fb0a3ebfb01ffb3a7dae98bf3238d,155,15.597190102454524,8.9833568930171,0.863905325443787,0.5759599539408956,174,566,0.3074204946996466,5.0,4.794895897221002,10.0,15.0
a49928bcdf77c55c6d6e05e09a9b4ca5,96,16.937956508190883,10.142611272514214,0.75,0.5988096183627248,106,355,0.2985915492957746,5.0,5.057530675685164,10.0,15.0
5d0363b33554b373851fc1622e4d5f3c,93,12.73062192178881,10.304768159823045,0.9148936170212766,0.8094473485373209,95,288,0.3298611111111111,6.0,4.199337092256726,10.0,14.0
670c26e0f1bf8d0576271d5cfaec6d2b,77,13.737166639750216,11.216399736606112,0.9534883720930232,0.8165002311430111,87,271,0.3210332103321033,6.0,4.410086707226084,10.0,14.0
a3a38f4affed601eb87a97788c949667,251,12.492160211894587,8.356231763764947,0.953846153846154,0.6689180751787384,263,688,0.3822674418604651,5.0,4.775346127512029,10.0,15.0
91f848e9f4be368f4318775aac733370,60,10.34480357142857,5.82661442098661,0.9714285714285714,0.5632407015517629,73,161,0.453416149068323,4.0,4.690500998225377,9.0,14.0
994f04b3718c2bab35c2adfa8afecd2a,47,13.48990845959596,16.505138539242704,0.9272727272727272,1.223517460379939,57,271,0.2103321033210332,6.0,2.837360819915017,9.0,12.0
4fb41dff7c50136976d1a5cf004a42e2,3,66.75465663580248,87.76021712725232,0.6666666666666666,1.314668092835099,3,68,0.0441176470588235,6.0,2.945058380991284,9.0,12.0
2a261b5b644fa05f4f2700eb93544f2c,51,14.461137929087624,11.145163757839128,0.7804878048780488,0.7706975628398762,82,290,0.2827586206896552,5.0,4.089011414431673,9.0,13.0
de23c3b98a88888289c6f5cc1209054a,161,10.772300834893883,8.4566769097933,0.9101123595505618,0.785039058916758,181,470,0.3851063829787234,5.0,4.1484818108846655,9.0,13.0
86ccac0b835037332a596a33b6949ee1,178,11.856614972845442,6.01900726500876,0.971153846153846,0.5076497194851789,210,496,0.4233870967741935,4.0,5.019937790922465,9.0,14.0
cc63f0dd2acba93ffed4fe9f8e0321fa,55,9.015471597589654,3.882813207828909,1.0,0.4306833165407569,63,107,0.5887850467289719,4.0,5.308174865870543,9.0,14.0
23c38debaffe4a25a30fdbd9b586a13f,41,11.556786936392914,8.57530267313021,0.8478260869565217,0.742014430163642,46,128,0.359375,5.0,4.153220305266204,9.0,13.0
6b3bd31ad8fcda4b2635ec9f3ff2ecdf,35,12.867135141093476,10.548788995258189,0.9047619047619048,0.8198242172469892,43,140,0.3071428571428571,5.0,3.95204865047871,9.0,13.0
0be8ff43f22e456b4e0371b2245e4d01,156,10.33649470899471,8.193689674397294,0.9371428571428572,0.7926951935908438,180,478,0.3765690376569037,5.0,3.892403865311815,9.0,13.0
6fd52c528dcb38be2eea044946b811f8,67,21.19375303130512,9.76153286082188,0.8928571428571429,0.4605853831741458,84,359,0.233983286908078,4.0,4.9589839961828135,9.0,14.0
327b89b872c14d1c0be7235ef4871685,3,47.8408024691358,37.483714925228654,0.3333333333333333,0.7835093265714145,3,41,0.073170731707317,5.0,3.5005465221318843,9.0,13.0
48436dade18ac8b2bce089ec2a041202,134,14.145738063744016,10.983249805010644,0.9319727891156464,0.7764352595472602,151,522,0.289272030651341,5.0,4.0919663747612,9.0,13.0
59b22a78efb79a4797979612b885db36,125,12.501321620022278,9.604615014213223,0.8721804511278195,0.7682879703558982,133,404,0.3292079207920792,5.0,4.115534097680602,9.0,13.0
972d0f9cf61b499a4812cf0bfa3ad3c4,81,18.16777279823428,8.806998123574813,0.8837209302325582,0.4847593715191529,88,305,0.2885245901639344,4.0,5.241849200802021,9.0,14.0
6bb66d9870c2e01c05655c7ed0e7ee13,3,8.319984567901235,3.800365134629697,1.0,0.4567755028406694,3,5,0.6,4.0,4.991990740740741,9.0,14.0
2eeb6531ee027a48d401e72bebdd87d3,3,12.211415895061728,5.763798196907233,1.0,0.472000810261331,3,8,0.375,4.0,4.579280960648148,9.0,14.0
289cdb325fb7e7f891c38608bf9e0962,109,6.65641787037037,3.821169634830176,0.984,0.5740579556820344,126,186,0.6774193548387096,4.0,4.5091862992831535,9.0,14.0
81783131d2a97c8d44d406a4be81b5d9,8,7.282520576131688,3.485866478303652,0.8888888888888888,0.4786620843514686,15,20,0.75,4.0,5.461890432098766,9.0,14.0
e0878efa0e0b7e5313ac0b43bc04c081,26,18.21572958002645,12.332687865392757,0.8214285714285714,0.6770350762626355,29,122,0.2377049180327868,5.0,4.329968506727598,9.0,13.0
431af27f296bc6519d890aa5a05fdb11,116,16.937258251194745,9.628942772938164,0.8467741935483871,0.5685065805889182,125,462,0.2705627705627705,4.0,4.582591518180395,9.0,14.0
d673a59aac7a70d8b01e6902bf090a11,79,13.790570023148147,10.21174525664388,0.9047619047619048,0.7404875389126748,84,297,0.2828282828282828,5.0,3.9003632388701828,9.0,13.0
f45122a9ab94eb4f3f8953578bc0c560,184,12.486274734442564,8.971186156057543,0.9289340101522844,0.7184838029641554,200,560,0.3571428571428571,5.0,4.459383833729486,9.0,13.0
042573af89b6d931f672efaf789d8358,3,20.024783950617284,26.9898412290264,0.6666666666666666,1.3478218439502518,3,22,0.1363636363636363,6.0,2.7306523569023557,9.0,12.0
2e1c9f22be269ef4643f826c9e650a52,161,9.716660983588378,7.517410646229877,0.934131736526946,0.7736619255243055,173,403,0.4292803970223325,5.0,4.171172084766226,9.0,13.0
fd386aa7bed2af3c7035c65506c9b4a3,69,8.330300469054581,8.300215664742574,0.8947368421052632,0.996388509103151,76,187,0.4064171122994652,6.0,3.3855766612200435,9.0,12.0
ebef8d8c92b4fd3226e5d407bbff21ac,3,40.11726851851852,54.69365593461613,0.6666666666666666,1.3633444637281078,3,44,0.0681818181818181,6.0,2.735268308080805,9.0,12.0
527801b552d0077ffd170872eb49683b,90,13.005903155193236,9.19485025330506,0.9021739130434784,0.7069751437933451,92,324,0.2839506172839506,4.0,3.6930342292524,8.0,12.0
9d4db00d65d7760644ac0c14edb5fd86,97,8.073691428170594,6.582130525921011,0.9595959595959596,0.8152566374972849,100,238,0.4201680672268907,5.0,3.3923073227607534,8.0,11.0
cfb1a033743668a192316f3c6d1d2671,143,11.871563599213738,7.584372561738023,0.8938547486033519,0.6388688817907981,184,556,0.3309352517985611,4.0,3.928718888948431,8.0,12.0
34056b8b55c1775a22af2331670a799c,77,12.927642496392496,9.227845314711464,0.8831168831168831,0.7138072790368798,78,281,0.2775800711743772,4.0,3.5884559242655327,8.0,12.0
fc906263ca5083d09dce42fe02247800,112,9.348499525166192,4.736658866421625,1.0,0.5066758417937043,119,257,0.4630350194552529,4.0,4.32868265951275,8.0,12.0
6cd68b3ed6d59aaa9fece558ad360c0a,149,10.455253007784854,6.129584198202025,0.9808917197452228,0.5862683756804365,157,453,0.3465783664459161,4.0,3.623564508216826,8.0,12.0
1e8b33f18b4f7598d87f5cbee2282cc2,122,7.793638339328537,5.539745138511215,0.9568345323741008,0.7108034652514416,140,285,0.4912280701754385,4.0,3.8284539210736668,8.0,12.0
1d8dbc4f32378d715c717c1c1fc57bae,91,15.572452510500192,13.44595091017283,0.9072164948453608,0.8634446565887097,98,462,0.2121212121212121,5.0,3.303247502227313,8.0,11.0
dee656f0f566ed1aa85bd137c943f08f,92,12.480772754137115,8.541836978268826,0.946808510638298,0.684399687946997,95,317,0.2996845425867508,4.0,3.7402946739527634,8.0,12.0
c42fd8e4d47dfb18ce5222f2dd7752f9,7,34.291219486531986,20.5374084264654,0.5454545454545454,0.5989115795234855,11,98,0.1122448979591836,4.0,3.849014432161751,8.0,12.0
f4aba7c0bca51484c30ab7bdc34bcdd1,108,10.892263586956522,5.98370082277581,0.9304347826086956,0.549353288690267,117,296,0.3952702702702703,4.0,4.305387971871328,8.0,12.0
dd2bdf855a9172734fbc3744021ae9b9,105,15.247500736531986,10.15463368544862,0.9454545454545454,0.6659867647108094,113,456,0.2478070175438596,4.0,3.7784376825177937,8.0,12.0
8bb48dc19fccaa8613b6229bf7f452a2,82,11.172459673489278,6.363379865504703,0.9789473684210528,0.5695594391451807,95,280,0.3392857142857143,4.0,3.7906559606481482,8.0,12.0
66922902710d126a0e7d26b0e3805106,150,11.38841696535245,7.216137451721207,0.9290322580645162,0.6336383251223785,156,465,0.3354838709677419,4.0,3.8206302077311443,8.0,12.0
0ffa40d54288e4f3499b8780dd0f144f,33,13.458394841269842,9.289772510755297,0.8571428571428571,0.6902585798915954,35,122,0.2868852459016393,4.0,3.861014913479052,8.0,12.0
8c5e007d7bd5693fa1386ffefbc99f6c,9,11.9124324845679,8.270918393834124,1.0,0.6943097813606736,24,76,0.3157894736842105,4.0,3.7618207846003893,8.0,12.0
3340ef1913fb70d28420f6ceb685c339,32,15.509944334215168,24.78066510258872,0.9047619047619048,1.5977275332911547,42,310,0.1354838709677419,6.0,2.1013472968936675,8.0,10.0
3d8fa2f5b647373c8620330c4e077a9f,42,9.32216903073286,5.312775337810887,0.9787234042553192,0.5699076384794134,48,108,0.4444444444444444,4.0,4.143186235881271,8.0,12.0
c847e075301870dd144a116762eaff9a,41,16.810005787037035,29.96138663546689,0.9047619047619048,1.7823543319997837,43,330,0.1303030303030303,6.0,2.1903946934624017,8.0,10.0
002100f778ceb8431b7a1020ff7ab48f,50,16.192371399176952,8.402256926149477,0.8333333333333334,0.518902186654177,55,211,0.2606635071090047,4.0,4.220760317321006,8.0,12.0
6a8a889bde935bafa76d7848782dfaf9,26,7.555369212962963,7.008898464372554,0.9333333333333332,0.9276712053127976,30,76,0.3947368421052631,5.0,2.982382584064327,8.0,11.0
537eb890efff034a88679788b647c564,158,9.117996602230884,6.188723656298549,0.9415204678362572,0.6787372189614947,173,408,0.4240196078431372,4.0,3.8662093435929967,8.0,12.0
522620dcb18a6b31cd7bdf73665113a9,172,15.232024292550978,10.126971863117303,0.898876404494382,0.6648474075812607,180,671,0.2682563338301043,4.0,4.086086993530813,8.0,12.0
ad781527c93d00d89a11eecd9dcad7c1,38,25.504659478557503,17.06136486706589,0.6842105263157895,0.6689508982235135,44,304,0.1447368421052631,4.0,3.6914638718964796,8.0,12.0
31561f325664a8a7aba4c8d0c3a9b3db,36,7.351872867933724,4.4781938525281255,0.9736842105263158,0.6091228633808982,38,74,0.5135135135135135,4.0,3.7752860673173174,8.0,12.0
6d66611d7c44cc30ce351abc49a68421,164,12.124869425819496,7.910384165540781,0.9310344827586208,0.6524098435811512,176,570,0.3087719298245614,4.0,3.7438193314811077,8.0,12.0
0ea22c1cfbdc755f86b9b54b39c16043,234,11.021397274633124,6.186979441267772,0.9849056603773584,0.5613607138096491,269,686,0.3921282798833819,4.0,4.32180155521328,8.0,12.0
a416b6a846a11724393025641d4edd5e,157,12.603594933712122,8.460600740827152,0.875,0.6712847235511131,181,573,0.3158813263525305,4.0,3.9812402844710193,8.0,12.0
a3e9a2c700480d9bb01fba070ba80a0e,129,13.146437775187776,7.8943120976240255,0.902097902097902,0.6004905840366531,144,468,0.3076923076923077,4.0,4.045057776980855,8.0,12.0
c9c7905cffc4ef9ff9f113554423e671,127,11.062386923794298,9.193779211895576,0.8848920863309353,0.8310845819468221,139,446,0.3116591928251121,5.0,3.447694579388806,8.0,11.0
8759e7aedd644f487315e5860962f162,3,32.80336033950618,29.5255360895292,0.6666666666666666,0.9000765709350396,3,30,0.1,5.0,3.280336033950618,8.0,11.0
93dc87703c046b603023e75222018b45,33,19.72265727124183,23.916427300454973,0.9117647058823528,1.2126371701103482,36,263,0.1368821292775665,5.0,2.6996793222992608,8.0,11.0
a673821011d0cec28146ea42f5ab767f,125,12.565776858418705,10.279284022538288,0.8865248226950354,0.8180380837856013,146,542,0.2693726937269373,5.0,3.3848771611238577,8.0,11.0
bf961104a38e01b9062ee026bb657dee,4,9.05714988425926,3.6653581702871576,1.0,0.4046922284743585,4,8,0.5,3.0,4.52857494212963,8.0,13.0
671585f5a2af58b6e276bc01003c0d2b,27,5.58787122770919,1.7105004203088627,1.0,0.3061094915406813,27,30,0.9,3.0,5.0290841049382715,8.0,13.0
669ae81880e08f269a64487cfb287169,161,11.98548385885886,6.845677948720379,0.9621621621621622,0.571164087268827,186,566,0.3286219081272085,4.0,3.9386925755260567,8.0,12.0
f7ccf836d21b2fb1de37564105216cc1,69,11.043061897513953,9.337523694314529,0.9041095890410958,0.845555678395375,74,255,0.2901960784313726,4.0,3.204653256533461,7.0,10.0
080102cd0a76b09e0dcf55fcacc60e05,122,9.722531919126157,6.570314156142729,0.9609375,0.6757822150439653,130,400,0.325,4.0,3.159822873716001,7.0,10.0
cab85505710c7cb9b720bceb52b01cee,201,10.18005049473493,7.304787261954192,0.9754901960784312,0.7175590401768823,209,690,0.3028985507246376,4.0,3.0835225411588403,7.0,10.0
f84fa566034f5e8e880a07ec624c56af,89,11.47134224537037,8.920929607587722,0.88,0.7776709487669633,102,390,0.2615384615384615,4.0,3.0001972026353267,7.0,10.0
ebd2d60905fb58271facef5596b620d3,82,12.877629221132898,18.51181721444919,0.9647058823529412,1.4375174883953237,88,551,0.1597096188747731,5.0,2.0566812549177764,7.0,9.0
cac4c8e7b1ca6252d8f20b2fc1a2e4af,74,19.899524333785006,26.769694725222127,0.7682926829268293,1.3452429453187025,83,678,0.1224188790560472,5.0,2.436077462690495,7.0,9.0
f5a590cf36251cf1162ea35bef76fe84,113,11.821742879001883,9.675625061244006,0.8983050847457628,0.818460117114383,122,509,0.2396856581532416,4.0,2.8335022224719637,7.0,10.0
8648b1e89e9b349e32d3741b30ec737e,93,9.24941273148148,7.955668588777036,0.9,0.8601268880238166,103,333,0.3093093093093093,4.0,2.860929463491268,7.0,10.0
6ee85be3693ed79a8e80718743d80655,5,29.12103703703704,20.409723221333763,0.6,0.7008583930364859,13,125,0.104,4.0,3.028587851851852,7.0,10.0
e24d3429d294b2eb200b064ebb035879,19,7.71035563973064,6.1901565300268455,0.9545454545454546,0.8028367067959394,22,63,0.3492063492063492,4.0,2.6925051440329217,7.0,10.0
6860153b69cc696d5dcfe1cdaaafcf62,74,10.229695491622577,7.947110773568081,0.9166666666666666,0.7768667972645152,84,277,0.3032490974729241,4.0,3.1021459252573873,7.0,10.0
fcb5ace8bcc92f75707dc0f01a27d269,59,10.425272817460316,7.710913325454917,0.9714285714285714,0.7396365985301246,73,263,0.2775665399239543,4.0,2.893706903705714,7.0,10.0
226b05fe067266c59c15dae208213d06,10,9.617001262626262,7.173247178433637,1.0,0.7458922987054624,11,36,0.3055555555555556,4.0,2.938528163580247,7.0,10.0
4a3ccda38b2129705f3fb522db62ca31,64,13.361919710806696,9.93236625746498,0.9041095890410958,0.7433337778127792,78,341,0.2287390029325513,4.0,3.056392191914728,7.0,10.0
4c18691b6037662be2df78a765d98ab5,63,9.115787037037038,6.574811557100216,0.9253731343283582,0.7212555021729938,67,185,0.3621621621621622,4.0,3.3013931431431436,7.0,10.0
4371b634e0efc0e22b09b52907d9d469,101,10.74003607774441,9.204611530588773,0.927927927927928,0.8570373008022424,112,424,0.2641509433962264,4.0,2.836990662045693,7.0,10.0
dbd66278cbfe1aa1000f90a217ca4695,85,9.060559062850729,6.964088851845216,0.9393939393939394,0.7686157999232888,99,272,0.3639705882352941,4.0,3.2977770118464047,7.0,10.0
b499c00f28f4b7069ff6550af8c1348a,147,10.819418752543752,9.953842582066446,0.8901098901098901,0.9199979046680488,187,691,0.2706222865412446,4.0,2.9279758418606106,7.0,10.0
ececbfcff9804a2d6b40f589df8eef2b,97,13.07182926555196,9.027895899875002,0.9029126213592232,0.6906375317849439,104,416,0.25,4.0,3.26795731638799,7.0,10.0
f80edd2c5aaa505cc4b0a3b219abf4b8,116,12.15315824074074,8.87571572230984,0.936,0.7303217440678087,128,509,0.2514734774066797,4.0,3.05619696427272,7.0,10.0
ce7d1888639e6fb06b2749cbfdac1ff7,78,14.191560433201058,10.088963307997572,0.9166666666666666,0.7109128947084995,84,372,0.2258064516129032,4.0,3.2045459042712063,7.0,10.0
ac51cac5e20d69ff485a54746488ef48,3,16.31224922839506,8.234020694233264,1.0,0.5047753120336181,4,17,0.2352941176470588,3.0,3.8381762890341315,7.0,11.0
66e0557ecc2b4dbea057e93f215f68d8,30,31.725889660493827,13.67853425253031,0.7333333333333333,0.4311473814889829,31,265,0.1169811320754717,3.0,3.7113304885860705,7.0,11.0
d66c305afaec317ebee552073a674429,38,10.057621001683502,5.313984233235715,0.9772727272727272,0.5283539946818666,47,129,0.3643410852713178,3.0,3.664404551000966,7.0,11.0
d20b021d3efdf267a402c402a48ea64b,86,16.661318877087872,12.144210466362187,0.8235294117647058,0.728886503880706,106,520,0.2038461538461538,4.0,3.3963457710986806,7.0,10.0
cb41bfbcbda0aea354a834ab222f9a59,11,37.56390677609427,53.18088232320844,0.6363636363636364,1.4157441780537277,12,221,0.0542986425339366,5.0,2.0396691462132615,7.0,9.0
4a23adac87cf538689fa600d976f78b2,3,8.555979938271605,2.0331054944050395,1.0,0.2376239202374459,3,5,0.6,2.0,5.133587962962963,7.0,12.0
062ce95fa2ad4dfaedfc79260130565f,54,13.336690207156307,6.749676763316739,0.9661016949152542,0.5060983391287699,60,228,0.2631578947368421,3.0,3.509655317672712,7.0,11.0
3d5d0dc7073a299e31fa718ce1bc00b6,21,8.343190761784511,4.156387149702065,0.8636363636363636,0.4981771684689446,24,55,0.4363636363636363,3.0,3.640665059687786,7.0,11.0
12b9676b00f60f3b700e83af21824c0e,133,15.053846247563351,7.717077097811861,0.9849624060150376,0.5126315873633267,135,538,0.2509293680297397,3.0,3.7774521253179403,7.0,11.0
4e326052e5dbba8adcd512f3450a307e,3,19.841226851851854,4.361539699632742,1.0,0.2198220771426573,6,26,0.2307692307692307,2.0,4.578744658119657,7.0,12.0
179d859f51292aac5c10806a356f7af9,18,9.148045199805068,4.090793067456404,0.8421052631578947,0.4471767441139854,19,43,0.4418604651162791,3.0,4.042159506890612,7.0,11.0
822166ed1e47908f7cfb49946d03c726,69,13.872606631515774,7.32109861531826,0.9907407407407408,0.5277377791918496,108,424,0.2547169811320754,3.0,3.5335884816125076,7.0,11.0
f5f1f2c5f923f36ad79ea1d07185ddc9,10,12.885341961279464,5.506344750306335,0.9090909090909092,0.4273340022215116,13,42,0.3095238095238095,3.0,3.9883201308722143,7.0,11.0
808d4348b916efa08e766ebad39f61eb,20,7.961432870370371,4.09377917851789,0.95,0.514201305867124,21,47,0.4468085106382978,3.0,3.5572359633569737,7.0,11.0
5b0cc932433fa5184b5b94bfe6bcc256,12,11.721945806100218,4.257587148630939,0.7647058823529411,0.3632150514136695,17,47,0.3617021276595745,3.0,4.239852738376674,7.0,11.0
44073f8b7e41514de3b7815dd0237f4f,142,13.167524987736082,7.182799556766994,0.9536423841059604,0.5454935201153507,153,533,0.2870544090056285,3.0,3.7797961034214267,7.0,11.0
6c7d50c24b3ccd2fd83b44d8bb34e073,112,12.137579824368018,5.9817559569291605,0.984126984126984,0.4928293814323581,128,405,0.3160493827160494,3.0,3.836074611158287,7.0,11.0
67883baaae6134ee81b271a542613728,19,5.838590399610137,4.691531429171928,0.8421052631578947,0.8035383728040243,19,37,0.5135135135135135,4.0,2.99819507007007,7.0,10.0
2a1348e9addc1af5aaa619b1a3679d6b,47,23.555052083333337,32.09298611405497,0.72,1.3624672108775662,55,566,0.097173144876325,5.0,2.2889184886631315,7.0,9.0
e9d99831abad74458942f21e16f33f92,130,12.633741688416604,10.301958548780254,0.8993288590604027,0.8154321026070785,149,580,0.2568965517241379,4.0,3.245564675127713,7.0,10.0
6edacfd9f9074789dad6d62ba7950b9c,205,9.054125085733885,6.277596220964862,0.9444444444444444,0.6933410088243807,219,588,0.3724489795918367,4.0,3.3721996492784365,7.0,10.0
5656537e588803a555b8eb41f07a944b,171,11.422552615115116,7.839756475178134,0.9243243243243244,0.6863401499944962,188,687,0.2736535662299854,4.0,3.125822258575897,7.0,10.0
382229d1e840115ffe3dbf5ff460e417,45,8.98560402199074,5.632110324851491,0.8958333333333334,0.6267926241872953,49,129,0.3798449612403101,4.0,3.413136411453847,7.0,10.0
b18dc380845b24038cfc48006478f099,43,13.993235918209876,11.91768979389594,0.8541666666666666,0.8516750423958079,54,302,0.1788079470198675,4.0,2.5021017866997783,7.0,10.0
7b7ed56ae755e2880f2b69632e839c1e,5,7.304652777777778,3.787875094385285,0.8,0.5185564885313594,5,9,0.5555555555555556,3.0,4.0581404320987655,7.0,11.0
02f623a8eb246f3c5f7c2f96462654e6,44,8.482709648569024,6.845294911413538,0.9090909090909092,0.8069703190381264,44,120,0.3666666666666666,4.0,3.1103268711419747,7.0,10.0
2528513dd95219a6013d4d05176e391a,160,10.570914839915217,7.53803893721647,0.9457831325301204,0.7130923909019902,167,521,0.3205374280230326,4.0,3.3883738546369306,7.0,10.0
d93919c944be9cff128f6c9cb899eacb,33,22.92127034231201,17.783519596255257,0.8181818181818182,0.775852268686321,33,238,0.1386554621848739,4.0,3.1781593331777147,7.0,10.0
8e6cc767478edae941d9bd9eb778d77a,100,16.496237675754458,7.52207107918795,0.925925925925926,0.4559870697209706,114,507,0.2248520710059171,3.0,3.709213205199226,7.0,11.0
b1fc4f64df5a0e8b6913ab38803c57a9,107,15.73235058922559,6.809508702750722,0.8842975206611571,0.432834792495297,121,459,0.2636165577342048,3.0,4.147308107399338,7.0,11.0
d94a40fd42351c259927028d163af842,100,13.691236196058444,7.160707413988492,0.963302752293578,0.5230139420171556,110,383,0.2872062663185378,3.0,3.932208829155166,7.0,11.0
6b90f847357d8981edd79a1eb1bf0acb,45,5.477807821118992,3.895208535727954,0.9574468085106383,0.7110889361087975,47,84,0.5595238095238095,4.0,3.0649638999118167,7.0,10.0
8a130737016f838139d31878787a39c9,56,10.23534535543608,7.74119463406662,0.935483870967742,0.7563198275430153,62,226,0.2743362831858407,4.0,2.8079266019337914,7.0,10.0
05f51e13da97139648b8125c31e5f51b,57,12.294118248456789,9.3265510100942,0.85,0.7586189445725324,63,257,0.245136186770428,4.0,3.0137332671314305,7.0,10.0
bf00385a5f7fc1ef39a13c2e9ee50a5f,28,5.772894758597884,5.041609744633691,1.0,0.8733243815201982,29,56,0.5178571428571429,4.0,2.989534785702476,7.0,10.0
f593898ec748b7a8cb81fc04edafd98a,19,18.028862584175084,13.811698882780206,0.8181818181818182,0.7660881998681097,23,143,0.1608391608391608,4.0,2.8997471289232646,7.0,10.0
d9a84e1403de8da0c3aa531d6d108ba6,53,7.471924489144317,8.37849174949569,0.9482758620689656,1.1213298209408422,59,188,0.3138297872340425,4.0,2.3449124726569925,6.0,8.0
4e17c65a516f69d023a2ae78b84f28d6,61,14.778386042292292,15.292848815464245,0.8918918918918919,1.034811837483449,74,532,0.1390977443609022,4.0,2.055640163777498,6.0,8.0
bdb3edbaee43a761e2d4f258dc08f348,5,11.946273148148148,13.03662108965772,0.8,1.091270970284033,5,28,0.1785714285714285,4.0,2.133263062169311,6.0,8.0
ca7c6bd577e559472af1c699de9e764e,6,4.270792824074074,3.761906707082548,1.0,0.8808450472888826,8,14,0.5714285714285714,4.0,2.440453042328042,6.0,8.0
5160d23075764e18e07c1f4a87fad743,33,9.392214912280702,4.885543045095653,0.9736842105263158,0.5201694265649317,39,114,0.3421052631578947,3.0,3.213126154201292,6.0,9.0
72146da5774cabf2632faedcae097a76,4,27.30135802469136,37.55709752868509,0.8333333333333334,1.3756494272086552,6,94,0.0638297872340425,4.0,1.7426398739164686,6.0,8.0
7f7b8245c336066a1f9933c359f11d77,38,7.916265342377261,6.208638972741191,0.9767441860465116,0.784288891821902,43,129,0.3333333333333333,3.0,2.6387551141257535,6.0,9.0
259f7b5e6e482c230e5bfaa670b6bb8f,136,8.603689700502972,6.182523592339139,0.9814814814814816,0.7185897920025763,165,523,0.3154875717017208,3.0,2.7143571712867884,6.0,9.0
c60b801f2d52c7f7f91de00870882a75,39,16.103873160018995,9.81585599842774,0.7948717948717948,0.60953386187849,41,207,0.1980676328502415,3.0,3.189656036525501,6.0,9.0
acce39e832338debb07b02385cde5967,44,7.04824626473064,3.798145926493238,1.0,0.5388781526404839,44,107,0.411214953271028,3.0,2.898344258393908,6.0,9.0
d98eec89afa3380e14463da2aabaea72,168,8.535790325844971,6.08740401554221,0.9781420765027322,0.7131623180937975,183,587,0.3117546848381601,3.0,2.661072622878415,6.0,9.0
2075d8cd4dd63ff12df0749a5866bb06,3,4.744471450617284,1.8799257029240024,1.0,0.3962350121591337,3,4,0.75,2.0,3.558353587962963,6.0,10.0
77714512e8d4dda9c234da8e3faf16e4,4,12.796510416666663,4.378798596969033,1.0,0.3421869286540742,6,20,0.3,2.0,3.838953124999999,6.0,10.0
d4910f1cdcfdabd48d6b316e395d4a23,11,6.035258487654321,2.275293482569744,0.9166666666666666,0.3770001711151339,12,19,0.631578947368421,2.0,3.811742202729045,6.0,10.0
0d83f8e03188682112cc0d93523705cc,4,25.21679976851852,18.15999661449517,0.5,0.7201546897781498,8,70,0.1142857142857142,3.0,2.8819199735449716,6.0,9.0
6e4a902d1054e4e17aa6eab87fac1c75,7,6.364619502314815,3.3904570019467406,0.75,0.5327038011798867,8,16,0.5,3.0,3.1823097511574074,6.0,9.0
98dac6635aee4995d501a3972e047414,89,8.496727095516569,5.069904869193017,0.9526315789473684,0.5966891500926553,195,490,0.3979591836734694,3.0,3.3813505788280223,6.0,9.0
ed859002ad59dbf8cf3602696a6c3000,6,22.084942129629628,13.565720025593135,1.0,0.6142520069089553,13,112,0.1160714285714285,3.0,2.5634307829034375,6.0,9.0
5c243662ce92d84573bfaff24c3e3700,98,10.806852083333332,6.175536763044212,0.97,0.5714464041354207,100,378,0.2645502645502645,3.0,2.8589555776014097,6.0,9.0
81a1104df0f08b59c68aa5b03cfe398e,72,12.830092431841564,7.145047832320623,0.9444444444444444,0.5568976116327995,73,331,0.2205438066465256,3.0,2.829597424545117,6.0,9.0
0691148aee60ca47977c187804f935ae,47,13.014661949685536,11.299614010432885,0.9622641509433962,0.8682218603999858,53,277,0.1913357400722021,4.0,2.490169975932611,6.0,8.0
8b2492b7ff4468839593fafeed55bad9,29,14.963503086419754,17.614166610946334,0.8888888888888888,1.1771419105017067,45,336,0.1339285714285714,4.0,2.0040405919312168,6.0,8.0
bfd27a966d91cfaafdb25d076585f0da,114,12.37191223832528,7.876634337449192,0.9478260869565216,0.6366545595958261,118,513,0.2300194931773879,3.0,2.8457809826947034,6.0,9.0
17ca9b9e9b9ef8fdb529001b49ebb50f,115,8.056528862847223,4.9807534378923854,0.9765625,0.6182257300487296,129,407,0.3169533169533169,3.0,2.553543546209562,6.0,9.0
709e16e2b25c7474d980076c6bfc4806,60,10.457269965277778,6.584067191387809,0.975,0.6296162586649752,80,317,0.252365930599369,3.0,2.6390586663161577,6.0,9.0
701938c450705b8ae65fc923b70f35c7,74,12.521549674674674,7.130825800632047,0.945945945945946,0.5694842879595344,112,430,0.2604651162790697,3.0,3.2614268920082865,6.0,9.0
b14db04aa7881970e83ffa9426897925,78,15.616071318342152,9.348239161053078,0.8857142857142857,0.5986293844645116,111,683,0.1625183016105417,3.0,2.5378973884860594,6.0,9.0
9de4643a8dbde634fe55621059d92273,72,15.001743541380886,7.6008483904283795,0.9382716049382716,0.5066643333464648,81,405,0.2,3.0,3.0003487082761775,6.0,9.0
0adac9fbd9a2b63cccaac4f8756c1ca8,106,12.779218663626311,7.656348525935784,0.9477611940298508,0.5991249330233441,142,572,0.2482517482517482,3.0,3.1724633745366013,6.0,9.0
70eea00b476a314817cefde4aad4f89a,106,13.332505373677249,9.078790065247963,0.9285714285714286,0.6809515399238077,114,560,0.2035714285714285,3.0,2.7141171653557246,6.0,9.0
3db66a856d18a9cba7c9241fc5221c50,94,15.825872470408552,8.317184174794233,0.8865979381443299,0.5255434852230628,97,489,0.1983640081799591,3.0,3.1392834961751115,6.0,9.0
a56e351445e5863fc8960640ba9190c7,3,9.26288773148148,11.742704675206127,0.75,1.267715318981636,4,22,0.1818181818181818,4.0,1.6841614057239054,6.0,8.0
f27e33c6d29b5138fa9967bcd445b6d5,93,12.444732024754346,7.323561507692488,0.8979591836734694,0.5884868788757267,98,397,0.2468513853904282,3.0,3.071999341123239,6.0,9.0
900ba814c251a692506d7834c1218441,86,12.483181524547804,9.124844416821825,0.8604651162790697,0.7309710588505094,88,418,0.2105263157894736,3.0,2.628038215694273,6.0,9.0
714b9a1332840f257b49f476bea4e341,6,32.30243055555556,23.822051928252964,0.6666666666666666,0.7374693333767081,6,76,0.0789473684210526,3.0,2.5501918859649115,6.0,9.0
05d2173d43ea568aa0540eba70d2ca76,62,14.65211595117845,9.601480283798836,0.9393939393939394,0.6552964988668823,66,320,0.20625,3.0,3.0219989149305553,6.0,9.0
2a7dc43cecabf23403078e2188437d1d,52,12.95549575617284,8.025459394600306,0.925925925925926,0.619463704488225,54,213,0.2535211267605634,3.0,3.2844918818466358,6.0,9.0
5a8e7d5003a1f221f9e1d6e411de7c23,137,10.46790567452928,6.517223850056765,0.9385474860335196,0.6225909988771304,181,690,0.2623188405797101,3.0,2.745928879840289,6.0,9.0
cc5a78bbad32776dc4e3af205218368c,33,7.63766904239766,4.877652357757083,0.9736842105263158,0.6386310182701845,38,109,0.3486238532110092,3.0,2.662673611111111,6.0,9.0
dd55f1bb788714a40e7954c3be6df745,35,18.751437374874875,12.507084055031315,0.8378378378378378,0.6669933512291494,37,249,0.1485943775100401,3.0,2.7863581641380324,6.0,9.0
3ab971ce71839580d2ae5b4e40fe8044,35,6.743047422422423,3.871943573445192,0.918918918918919,0.5742127158367524,38,79,0.4810126582278481,3.0,3.243491165215849,6.0,9.0
ef990a83bbea832f36ebe81376335aa8,43,16.851660090488217,9.813818791641388,0.75,0.5823651046213968,44,259,0.1698841698841698,3.0,2.8628302856427843,6.0,9.0
323ce52b5b81df2cd804b017b7f09aa7,29,17.057155970625796,11.75319678010022,0.8275862068965517,0.6890478577050273,30,189,0.1587301587301587,3.0,2.7074850747025065,6.0,9.0
850913d59ce317156b00f3705f1c3edb,29,13.462101080246914,7.332278075317623,0.8333333333333334,0.5446607503249514,34,143,0.2377622377622377,3.0,3.200779277820944,6.0,9.0
0dfbed20065e425d2eaefb101f9816c0,3,21.56864197530864,13.981942266877018,0.6666666666666666,0.6482532503846683,3,24,0.125,3.0,2.69608024691358,6.0,9.0
282f23a9769b2690c5dda22e316f9941,98,11.209118459055386,7.642610544075134,0.9541284403669724,0.6818208382748407,110,406,0.270935960591133,3.0,3.0369532770839713,6.0,9.0
7e3f87d16fb353f408d467e74fbd8014,91,12.5582905217045,9.561338789180091,0.8817204301075269,0.7613567127353221,94,424,0.2216981132075471,3.0,2.7841493137741096,6.0,9.0
4c03b9dd4c11ee2cb35c96c49efc9420,48,10.534739824459876,5.861650852497017,0.9791666666666666,0.5564115441073598,48,156,0.3076923076923077,3.0,3.241458407526116,6.0,9.0
94144541854e298c2d976cb893b81343,68,12.354747807017544,8.700779168984718,0.9605263157894736,0.7042457931875099,76,349,0.2177650429799427,3.0,2.6904321872015284,6.0,9.0
e62b2d6ac10570a035a30bafcf01d263,62,14.706772463484612,9.600594629505691,0.8450704225352113,0.6528009223874899,71,339,0.2094395280235988,3.0,3.0801794835026763,6.0,9.0
8e8a7ce9f2f970dc00e2acf6f6e199f6,63,12.201920572916666,7.1832410267696805,0.90625,0.5886975729635197,66,265,0.2490566037735849,3.0,3.03896889740566,6.0,9.0
1b4c3a6f53068f0b6944d2d005c9fc89,111,14.341758756038647,8.915396031366958,0.9391304347826088,0.6216389623492377,117,526,0.2224334600760456,3.0,3.1900870236816,6.0,9.0
ca4b77513ac2040591b0d8fae6958380,14,7.591638888888889,4.699584222774496,0.8,0.6190473877324171,15,39,0.3846153846153846,3.0,2.919861111111111,6.0,9.0
e59aa562b9f8076dd550fcddf0e73491,69,13.709238510614272,8.330789770065575,0.9146341463414634,0.6076770612470945,84,350,0.24,3.0,3.290217242547425,6.0,9.0
ce248b21cb2adc36282ede306b7660e5,64,15.604850071225073,9.669266587035835,0.8923076923076924,0.619632136348795,66,383,0.1723237597911227,3.0,2.6890864352502732,6.0,9.0
2ee0a0689f2f6a72f35a7cb6033f6e7e,4,9.681559606481482,6.152002011591261,1.0,0.6354350189067369,4,13,0.3076923076923077,3.0,2.9789414173789175,6.0,9.0
aafe36600ce604f205b86b5084d3d767,129,12.440077484450098,7.496468999762187,0.9541984732824428,0.6026062947865602,131,545,0.2403669724770642,3.0,2.990183762317363,6.0,9.0
f12ff17ad8bbf01ec5c33b17e506649b,28,13.791368220899471,8.229655794051848,0.8928571428571429,0.5967251154661078,29,140,0.2071428571428571,3.0,2.8567834171863185,6.0,9.0
cb5df0dcb9e280b1780e9d589889f2c7,11,20.691591435185185,10.950296626333024,0.8333333333333334,0.52921480982427,19,137,0.1386861313868613,3.0,2.8696367683833466,6.0,9.0
db4350fd57ae30082dec7acbaacc17f9,136,10.869059067688378,7.079746874823284,0.9586206896551724,0.6513670438934324,146,534,0.2734082397003745,3.0,2.9716903068960727,6.0,9.0
b76dba6c951ab00dc4edf0a1aa88037e,157,10.246473372699048,7.156768390521943,0.9700598802395208,0.6984616199355587,169,599,0.2821368948247078,3.0,2.89090818027736,6.0,9.0
78c99c6dff4eeae5be99bf635ed21e3f,31,13.988194741215574,9.708854067763244,0.8717948717948718,0.6940748429214065,39,192,0.203125,3.0,2.8413520568094137,6.0,9.0
b74d1c09cb380e1d03a6f859c6f4224b,30,11.470774549220272,6.531265916011483,0.8421052631578947,0.5693831648408997,39,168,0.2321428571428571,3.0,2.6628583774975625,6.0,9.0
bbad7e518d7af88a0897397ffdca1979,68,15.275709738756612,9.093107282936398,0.7738095238095238,0.5952657806704662,85,428,0.1985981308411215,3.0,3.0337274013885795,6.0,9.0
138dbe45fc62f1e244378131a6801526,49,6.209949113984674,3.913781442008197,0.9655172413793104,0.6302437218357303,58,110,0.5272727272727272,3.0,3.274336805555555,6.0,9.0
b4ffb71f0cb1b1c3d63fad021ecf93e1,143,9.748157393292685,6.439998121346651,0.975609756097561,0.6606374786047008,165,564,0.2925531914893617,3.0,2.8518545565483917,6.0,9.0
276677b5d08786d5dce7c2149dcce48b,31,11.097764146090537,7.487292828828046,0.9333333333333332,0.6746667824496552,47,194,0.2422680412371134,3.0,2.6886335817848206,6.0,9.0
8a87611c08849ffeeccab52aa798b6c7,6,8.858441358024692,4.158043275610725,1.0,0.4693876843067921,14,38,0.3684210526315789,3.0,3.2636362897985705,6.0,9.0
3b15288545f8928d3e65a8f949a28291,101,14.329092219868174,8.585236239375487,0.9322033898305084,0.5991472528504999,121,510,0.2372549019607843,3.0,3.399647369811861,6.0,9.0
8a32e327fe2c1b3511609d81aaf9f042,126,9.098777531229455,5.558958458987052,0.940828402366864,0.6109566301524804,180,505,0.3564356435643564,3.0,3.2431286249926767,6.0,9.0
59fb871bf6f4522a87ba567b42dafecf,123,12.075128888888887,8.920183748005103,0.936,0.7387236881763758,128,553,0.2314647377938517,3.0,2.79496654209363,6.0,9.0
7008613ea464bad5cb9b83456e1e6a8f,123,14.095737771076998,6.840068662356745,0.9605263157894736,0.4852579392042793,156,682,0.2287390029325513,3.0,3.2242450033548558,6.0,9.0
d566c37fa119d5e66c4e9052e83ee4ea,65,5.827972158802639,3.796492616777442,0.958904109589041,0.6514260043338016,73,164,0.4451219512195122,3.0,2.5941583389792235,6.0,9.0
1dfe5347016252a7884b694d4f10f5c4,20,19.4560385505698,10.500708363202207,0.7692307692307693,0.5397146153832367,27,163,0.1656441717791411,3.0,3.222779391812175,6.0,9.0
0d85bbda9889ce1f7e63778d24f346eb,51,18.322939814814813,12.192209065593444,0.8103448275862069,0.6654068172911625,58,371,0.1563342318059299,3.0,2.864502720375361,6.0,9.0
ca3bd7cd9f149df75950150d010fe4a2,68,13.791865569272977,7.561957994573656,0.9777777777777776,0.5482911616700362,138,559,0.2468694096601073,3.0,3.4047897111979792,6.0,9.0
ea566164622c6b439516ab18062c42cd,50,14.229441773504274,11.345210278086284,0.7692307692307693,0.797305365781212,52,281,0.1850533807829181,3.0,2.633206306840648,6.0,9.0
55f7a3319d80f7fdf078b8f03e6725fe,22,6.7771659301346805,4.460916630928356,0.9090909090909092,0.6582274474191169,22,52,0.4230769230769231,3.0,2.867262508903134,6.0,9.0
d71d863e5ef30d94e440c11be17dcd8f,23,19.68345833333333,10.742625689331536,0.9,0.5457692193825122,36,217,0.1658986175115207,3.0,3.265458525345621,6.0,9.0
602044f2c16190c2c6e45eb35c2e21cb,48,15.828208543771044,9.969754107322522,0.7636363636363637,0.6298725518906542,57,308,0.185064935064935,3.0,2.9292463863472373,6.0,9.0
0db783cfcd3b73998abc6e10e59a102f,132,11.658036631522032,7.891222723215913,0.9635036496350364,0.6768912272825534,137,547,0.2504570383912248,3.0,2.9198373281874184,6.0,9.0
6d803cb79cc31c41c4c789a75933b3c7,58,12.8883890993266,9.007238583290537,0.9393939393939394,0.6988645760051697,66,317,0.2082018927444795,3.0,2.683387004907116,6.0,9.0
3504c0cb71d7fa48d967e0e4c94d59d9,53,7.327788478336827,4.3341674423711165,1.0,0.5914700533707045,53,125,0.424,3.0,3.1069823148148146,6.0,9.0
3df020b72d3d44b3af9d110fa3940b65,55,12.83312385405207,7.634253532814545,0.8811881188118812,0.5948866090312082,101,402,0.2512437810945274,3.0,3.224242560346416,6.0,9.0
cd3d09fbe6e3e9ff0c0ac0c300e93ae7,12,11.708241705246913,8.154463188434804,0.9166666666666666,0.6964720573525977,12,53,0.2264150943396226,3.0,2.6509226502445835,6.0,9.0
710e3548e02bc1d2831dfc4f1b5b14d4,131,14.306008972019464,8.737414705604548,0.9562043795620438,0.610751378857213,142,679,0.2091310751104565,3.0,2.9918310368582675,6.0,9.0
5a413ade68e8f8d93071a7f52a64cb9e,14,4.118708664021164,3.245789759729888,0.8571428571428571,0.7880600509774752,14,22,0.6363636363636364,3.0,2.6209964225589224,6.0,9.0
75d34ebb1bd0bd7dde40dd507b8169c3,57,16.071696724709785,8.647764591517658,0.8507462686567164,0.5380741523215755,72,391,0.1841432225063938,3.0,2.9594940260335147,6.0,9.0
2e90cb1677d35cfe24eef47d441b7c87,127,12.098287037037036,8.16256447471231,0.8759124087591241,0.6746876189764617,137,537,0.25512104283054,3.0,3.0865276053520923,6.0,9.0
76d5af76d0271110f9af36c92573f765,128,11.488301971326164,8.217519214551519,0.9161290322580644,0.7152945000106853,159,667,0.2383808095952024,3.0,2.7385907247988905,6.0,9.0
01fdefa7697d26ad920e9e0346d4bd1b,128,10.75119756054131,7.329809350024494,0.9384615384615383,0.6817667807469298,131,482,0.2717842323651452,3.0,2.9220059759977417,6.0,9.0
36a968b544695394e4e9d7572688598f,148,10.72726851851852,6.830437480518218,0.9551282051282052,0.6367359471543769,162,552,0.2934782608695652,3.0,3.1482201086956523,6.0,9.0
25e47381a6c510ddeb36084e33b89f0c,16,9.804970043572984,3.722159263131093,1.0,0.3796196466271627,17,45,0.3777777777777777,2.0,3.704099794238682,6.0,10.0
406740ee611378a662d274c7d8c43c4a,8,16.01571296296296,5.58721590809396,0.8,0.3488583943165466,10,37,0.2702702702702703,2.0,4.328571071071071,6.0,10.0
271c58a1d139c45eaf3316107c6d3a3b,27,13.15568329903978,5.053573607992052,0.925925925925926,0.3841361556918072,29,105,0.2761904761904762,2.0,3.6334744349728916,6.0,10.0
5b07547f10dd980738a1a27f685af669,13,6.200850694444445,2.5800062090159943,0.8571428571428571,0.4160729448505365,14,24,0.5833333333333334,2.0,3.6171629050925933,6.0,10.0
32b8764b4ef628b53608fc34011fcc13,36,11.274994212962964,5.272892279320712,0.9210526315789472,0.4676625264479887,38,170,0.2235294117647059,2.0,2.5202928240740743,5.0,8.0
827f8f69dfa529c561901c4f2e0f332f,91,13.232379473824787,7.500546714949361,0.9134615384615384,0.5668328005394895,104,529,0.1965973534971644,2.0,2.601450785024154,5.0,8.0
95f83f51203c626648c875dd41874c7f,50,11.095884081196582,5.990207634213946,0.953846153846154,0.5398585268536765,67,270,0.2481481481481481,2.0,2.7534230868154475,5.0,8.0
17f51e7198701186712e53a39c564617,56,22.76142418032787,8.933547785495147,0.918032786885246,0.3924863275126777,61,548,0.1113138686131386,2.0,2.5336621806569326,5.0,8.0
269c5fc9fcadee614364c3620c30a1f9,3,4.606662808641976,1.927466107417508,0.6666666666666666,0.4184083332085068,6,9,0.6666666666666666,2.0,3.0711085390946504,5.0,8.0
e3e290b38963293022cdcd6db8328103,3,9.766523919753086,3.918830582821852,1.0,0.4012513167449373,3,9,0.3333333333333333,2.0,3.2555079732510284,5.0,8.0
f08a5b9dd6767129688d001acafc21e5,11,19.10467399691358,5.988997526267955,0.7777777777777778,0.3134833668051858,18,102,0.1764705882352941,2.0,3.3714130582788666,5.0,8.0
9803a40e82e45418ab7fb84091af5231,11,15.709532536008233,6.737272465550822,1.0,0.4288652415409651,18,95,0.1894736842105263,2.0,2.976543006822612,5.0,8.0
e819bcfade7b5d88a27325eb6cfd62c5,5,8.968803661616162,3.942957069725753,0.9090909090909092,0.4396302136259764,11,32,0.34375,2.0,3.083026258680556,5.0,8.0
9d5a9018aee56acb367ba9c3f05d1d6a,66,14.43177424620133,6.319043552414744,0.9871794871794872,0.4378563193003116,79,376,0.2101063829787234,2.0,3.0322078868348536,5.0,8.0
112453736dbe3889cfb74e1aaa0ba0c1,7,13.670192625661375,6.068867409825731,1.0,0.4439489315193255,14,67,0.208955223880597,2.0,2.8564581605859587,5.0,8.0
b0398568231ba5e6734af1881671a317,4,13.211869212962965,5.042269806015826,1.0,0.3816469664314078,4,20,0.2,2.0,2.642373842592593,5.0,8.0
2a61c271b1ac763450d846849783e922,18,20.192742552334945,9.439748962709537,0.8260869565217391,0.4674822619187996,23,161,0.1428571428571428,2.0,2.8846775074764195,5.0,8.0
9f50216bfd01913736a55a11b55ea842,17,10.640924098440546,3.283383424268935,0.7894736842105263,0.3085618686773757,19,58,0.3275862068965517,2.0,3.485819963282248,5.0,8.0
6a38087bc8ad4f89ff453561005f6dea,15,11.966243686868689,4.90257586416547,1.0,0.4097004868407766,22,92,0.2391304347826087,2.0,2.861493055555556,5.0,8.0
729b2d09b2a0bdab221076327f13d050,48,12.23961400462963,6.722075422529135,0.9333333333333332,0.549206488046642,61,281,0.2170818505338078,2.0,2.65699805794451,5.0,8.0
52956b80ae65fda598f06f6b9943e7a9,3,25.60918209876544,11.007895277999154,0.6666666666666666,0.4298417354972778,3,25,0.12,2.0,3.073101851851853,5.0,8.0
ed8cb7b190ceb6067227478e48cf8dde,15,7.246978485838779,2.824130324769316,0.9411764705882352,0.3896976278166011,17,40,0.425,2.0,3.0799658564814814,5.0,8.0
94e93ce877be27a515118dbfd2c2be41,29,13.381931849128542,5.631103046340127,1.0,0.4207989630964109,35,151,0.2317880794701986,2.0,3.1017722829105883,5.0,8.0
a13aaf2d2886ab9fb30fb9a920160b8f,4,9.351059027777778,2.858415153303345,0.75,0.3056782279752789,4,12,0.3333333333333333,2.0,3.117019675925926,5.0,8.0
e06f09ec0a4aca210779cf1cfc63cf19,29,15.057558617084828,8.434334718829847,0.935483870967742,0.5601395905747933,31,176,0.1761363636363636,2.0,2.6521836200547133,5.0,8.0
402916f742e5c740cc751493d9cf5053,9,6.265953703703704,2.0515775713378863,1.0,0.3274166500983293,10,20,0.5,2.0,3.132976851851852,5.0,8.0
3bfba5a77604f6dfae7e6dd7aaf65821,4,9.362138310185186,3.3701595712372936,1.0,0.3599775456821499,4,13,0.3076923076923077,2.0,2.880657941595442,5.0,8.0
9e6229250fedbe05838fef417b74e7fb,73,11.88666366041366,5.330180463834753,0.961038961038961,0.4484168658347704,78,333,0.2342342342342342,2.0,2.784263560096893,5.0,8.0
ff1e15b778c700abdd4d239b81ac466d,7,7.551547619047619,3.828267745603598,1.0,0.5069514142965054,7,20,0.35,2.0,2.6430416666666665,5.0,8.0
09f952a5f58d2285b0372551ae8f9b01,50,13.147993138227514,10.17770015551628,0.9464285714285714,0.7740877294744571,56,344,0.1627906976744186,3.0,2.140370975990525,5.0,7.0
d650b663c3b5f6fb392b6326366efa9a,57,9.836265432098765,7.641433305690279,0.9298245614035088,0.7768632677147902,60,254,0.2362204724409448,3.0,2.3235272674249043,5.0,7.0
26e2c91ef821e1ff8985f408788fe35b,12,24.875859788359787,22.5729475736662,0.6428571428571429,0.9074238143209348,14,155,0.0903225806451612,3.0,2.2468518518518494,5.0,7.0
750303a20e9c56b2a6bc45cdce0b897d,53,13.664087094907408,11.426728275902889,0.9642857142857144,0.8362599123187394,57,353,0.1614730878186968,3.0,2.2063823354383056,5.0,7.0
5cf13accae3222c70a9cac40818ae839,148,10.625281212664277,5.635861129553451,0.967741935483871,0.5304199499996354,156,585,0.2666666666666666,2.0,2.8334083233771397,5.0,8.0
0bae85eb84b9fb3bd773911e89288d54,136,10.269420977011494,5.15834488788922,0.993103448275862,0.5023014344661085,146,516,0.2829457364341085,2.0,2.905688881092399,5.0,8.0
1da366cade6d8276e7d8beea7af5d4bf,42,17.411914544753085,6.996372676908886,0.875,0.4018152431730821,49,321,0.1526479750778816,2.0,2.657893497485673,5.0,8.0
835f0f7810c76831d6c7d24c7a646d4d,42,18.481009114583333,8.519049493622164,0.6875,0.4609623555079466,50,368,0.1358695652173913,2.0,2.511006673177083,5.0,8.0
e5a38146df062edaf55c38afa99e42dc,120,12.23224602374552,11.097511753156995,0.9112903225806452,0.9072341850886786,125,683,0.1830161054172767,3.0,2.2386980277718735,5.0,7.0
ce27a3cc3c8cc1ea79d11e561e9bebb6,122,10.078763643610497,7.556428928598373,0.9801324503311258,0.7497376856722723,164,691,0.2373371924746743,3.0,2.392065466790334,5.0,7.0
e81e1f9c3e762e620f3fb60a51499e16,17,30.89604102366255,35.03777352720881,0.8888888888888888,1.1340538258728423,18,359,0.0501392757660167,3.0,1.5491051209635815,5.0,7.0
52f0fe436a347ddad7ed5f9aa4e27eaa,19,13.99463458994709,10.136142782311204,0.8571428571428571,0.7242877773737947,23,133,0.1729323308270676,3.0,2.420124778712654,5.0,7.0
3c010235b7345c92f125d14ee232a76b,15,11.039577932098764,2.288920906937534,1.0,0.2073377189794774,15,45,0.3333333333333333,1.0,3.679859310699588,5.0,9.0
821fb029fc6e495ca4f08a35d51e53a5,24,16.362201388888888,12.710646010428324,0.64,0.7768298230982397,29,207,0.1400966183574879,3.0,2.292289083467525,5.0,7.0
411f3b52d857390502ee4e4d5ceabc2d,21,8.472231095679012,8.50540160861594,0.8,1.0039152039837351,30,136,0.2205882352941176,3.0,1.8688745063997818,5.0,7.0
f615fe7efbef0f4f08fd3086bc7a3e60,22,7.495673309178743,7.546988374421994,0.9130434782608696,1.0068459580782976,24,102,0.2352941176470588,3.0,1.7636878374538216,5.0,7.0
df56d7b40d437f88407c5f78b63bc328,22,12.269970833333334,12.243028992203437,0.96,0.997804245707194,25,161,0.15527950310559,3.0,1.905274974120082,5.0,7.0
7139dc5186aa238b006e066d8fbab2e4,22,14.19316020447531,14.164747807216113,0.875,0.9979981627171206,24,186,0.1290322580645161,3.0,1.8313755102548783,5.0,7.0
abe42c5d03695b4257b5c6cbf4e6784e,49,14.357426303854876,12.529642567654276,0.8367346938775511,0.87269419340778,50,340,0.1470588235294117,3.0,2.1113862211551275,5.0,7.0
c66dccfb3f109511246da627dd5a2498,44,11.345025252525254,8.100988364026614,0.9545454545454546,0.7140564418068123,45,222,0.2027027027027027,3.0,2.299667280917281,5.0,7.0
a420f60ff1aa9acc80d0e42959f2b313,67,11.347290827965647,10.691163272359558,0.9130434782608696,0.9421776029579636,69,363,0.1900826446280991,3.0,2.1569230499438823,5.0,7.0
5d76d80a2f5f39c891b996a1bf4c9853,6,10.233966049382715,6.754818156752781,1.0,0.6600391406575179,6,25,0.24,3.0,2.4561518518518515,5.0,7.0
dbb9b48c841a0e39e21f98e1a6b2ec3e,108,9.954499470338984,7.495594617980951,0.9576271186440678,0.7529855860975501,118,532,0.2218045112781954,3.0,2.207952890037593,5.0,7.0
066a6914e1ebf3ea95a216c73a986b91,66,14.171297743055554,15.459021358820776,0.9583333333333334,1.090868432737309,74,674,0.1097922848664688,3.0,1.555899158733102,5.0,7.0
643214e62b870443ccbe55ab29a4dccf,65,9.53655425785634,7.322715789185771,0.8636363636363636,0.7678576130527668,68,327,0.2079510703363914,3.0,1.9831366652422966,5.0,7.0
698f5fa55a5f73d0740e9d9a773e8093,4,5.899454089506173,0.6273234656886367,1.0,0.1063358500923851,6,9,0.6666666666666666,1.0,3.932969393004115,5.0,9.0
1eade46fba20122dc4aefb379f8c636b,58,12.068996913580246,11.77785797000385,0.8666666666666667,0.9758771217143324,75,525,0.1428571428571428,3.0,1.7241424162257488,5.0,7.0
5acd070dd3fe441bbb2ec1f1ede515ee,7,23.23549045138889,23.98980328255891,0.625,1.0324638222183482,8,94,0.0851063829787234,3.0,1.9774885490543737,5.0,7.0
78a4d36f65a019172c6154468831a69f,7,15.5092791005291,13.36239574303522,0.8571428571428571,0.8615742650849169,7,50,0.14,3.0,2.1712990740740743,5.0,7.0
1127b7f2594683f2510f1c2c834a486b,110,10.25074951171875,7.436941875666712,0.9375,0.7255022539732078,132,545,0.2422018348623853,3.0,2.4827503404529816,5.0,7.0
5b925e1d006e9476d738aa200751b73b,63,10.885000367430925,9.432775089880623,0.9365079365079364,0.866584728660597,63,319,0.1974921630094044,3.0,2.1497022669220947,5.0,7.0
715bbd5ba4e6b74cb0d2f29eb45058b0,62,11.971359772858795,8.2642966062389,0.921875,0.6903390060146327,64,344,0.1860465116279069,3.0,2.227229725183031,5.0,7.0
c990d6cf976a5718aaedc539f383ab88,8,21.00126414609053,16.488241697542914,0.5555555555555556,0.7851071051173967,11,108,0.1018518518518518,3.0,2.1390176445092197,5.0,7.0
95b293867b5862941c9cd74f756a3c68,9,21.46414480452675,15.99523145885494,0.5555555555555556,0.7452070233649176,9,88,0.1022727272727272,3.0,2.195196627735689,5.0,7.0
bafc5aa11e413978be29040f51342e70,9,13.440901491769546,11.539527066195324,0.8888888888888888,0.8585381771647894,9,53,0.1698113207547169,3.0,2.2824172344514313,5.0,7.0
508808d438fe2ff972ed13bb8f4a82e2,9,4.517637731481481,3.426293046305703,1.0,0.7584258079016242,11,24,0.4583333333333333,3.0,2.0705839602623457,5.0,7.0
058fd0aa2bfdb2274e05e1ae971dabb6,60,10.22073357583774,8.811413426486556,0.9206349206349206,0.8621116440523526,64,309,0.2071197411003236,3.0,2.1169156920828973,5.0,7.0
90b36c5aeb728d5504a39f435bef0c5f,4,11.74271412037037,2.77171611441328,1.0,0.2360370938099495,7,23,0.3043478260869565,1.0,3.5738695148953297,5.0,9.0
72c5da29406b4234927b81855e7b64f6,31,10.797208781362007,6.947126226527284,0.967741935483871,0.643418717485515,31,142,0.2183098591549295,3.0,2.357137128325508,5.0,7.0
77a515caa36327151d1cc6c32a9f00e1,26,10.33738425925926,13.045029148981678,0.8846153846153846,1.2619274684789978,26,177,0.1468926553672316,3.0,1.518485823394015,5.0,7.0
1a932caad4f9d804097d7f8e615baed1,20,8.8093487654321,6.841645704827285,0.8666666666666667,0.7766346737994885,30,113,0.2654867256637168,3.0,2.338765158964274,5.0,7.0
b494891378bd8f4560abe576c52deacd,19,5.217683531746031,4.620822651503958,0.9047619047619048,0.8856080717409204,22,54,0.4074074074074074,3.0,2.1257229203409755,5.0,7.0
06579cb253ecd5a3a12a9e6eb6bf8f47,61,10.958568783068785,9.797056701848062,0.8428571428571429,0.894008779411479,72,374,0.1925133689839572,3.0,2.109670995670996,5.0,7.0
66fd84ee7528c0c0de85d0f44a73d5ab,11,14.563925264550264,10.594950990196866,0.9523809523809524,0.7274790825785001,21,129,0.1627906976744186,3.0,2.370871554694229,5.0,7.0
c5f7feb04a6a1fb3596322bfc3cf1917,11,10.024396043771045,9.746263210210849,0.9090909090909092,0.972254404919185,11,65,0.1692307692307692,3.0,1.6964362535612536,5.0,7.0
891071be6ba827b591264c90c2ae8a63,85,13.207583976337448,10.89352273726438,0.8333333333333334,0.8247929944478178,98,577,0.169844020797227,3.0,2.2432291675581792,5.0,7.0
3be634553519fb6536a03e1358e9fdc7,80,9.783901803118908,7.331900901814507,0.9157894736842104,0.7493841464636579,99,415,0.2385542168674699,3.0,2.333991032551258,5.0,7.0
bd23da7354813347129d751591d1a6e2,86,9.830312899106003,7.940257401948429,0.9540229885057472,0.8077319087849726,90,397,0.2267002518891687,3.0,2.228534410376675,5.0,7.0
bd0389da23d89b726abf911cccc54596,87,13.493771219135803,11.305988545334134,0.9222222222222224,0.8378672175278081,90,520,0.173076923076923,3.0,2.3354604033119646,5.0,7.0
f84a00e60c73a49e7e851c9bdca3a5bb,88,11.270389222985871,9.91505292161294,0.8969072164948454,0.8797436118169962,99,521,0.1900191938579654,3.0,2.1415902746172764,5.0,7.0
7a91bf945c6fae0779f1c61ce97fe45c,4,43.84916666666667,47.70574998080491,0.75,1.0879511198800031,5,127,0.0393700787401574,3.0,1.7263451443569522,5.0,7.0
b1a81260566c1bac3114a6d124413f27,51,8.556352023319617,3.741037248943608,0.9814814814814816,0.4372233913176698,54,160,0.3375,2.0,2.887768807870371,5.0,8.0
ef2fbc2b607d8492bcffe657a4645434,19,6.999620260141094,2.9613972658126824,0.9047619047619048,0.4230797037199542,22,56,0.3928571428571428,2.0,2.7498508164840008,5.0,8.0
0ed6ce5d87fd9c69eaacaeb778d67235,42,15.995893132716049,12.51211062670521,0.8571428571428571,0.7822076906174414,43,321,0.1339563862928348,3.0,2.142752039585014,5.0,7.0
fdb9095204a334cd8872252ffec6f2db,46,8.870835610200364,9.16768032203328,0.9508196721311476,1.033462993214707,61,336,0.181547619047619,3.0,1.6104790839947087,5.0,7.0
ff1fb4c404b2efe68b03350a8dc24122,46,9.905753023431595,7.130753473595396,0.8571428571428571,0.7198598084091066,49,214,0.2289719626168224,3.0,2.2681397109726547,5.0,7.0
6e386f64c84e482f0b9abf960797ee1b,29,10.478848978288635,7.525488135716052,0.896551724137931,0.7181598046988062,30,146,0.2054794520547945,3.0,2.153188146223692,5.0,7.0
cac876b37d3abcd6bd76caca30277996,27,12.067220468574634,7.619501081524072,0.8484848484848485,0.6314213866703373,33,164,0.2012195121951219,3.0,2.428160216237578,5.0,7.0
4170f6a9367e6b5d6401d03ce6d54569,4,22.090104166666663,24.06692878638586,0.8,1.089489148842592,5,62,0.0806451612903225,3.0,1.781460013440858,5.0,7.0
1f9ab4708f3056ede07124aad39a2554,76,14.565484607984606,9.5604195717763,0.948051948051948,0.6563749733761282,79,492,0.1605691056910569,3.0,2.3387668374609425,5.0,7.0
6b243f80ed07b10f0e8aa0f21a205f3c,79,11.021512432376197,8.425803013602899,0.9662921348314608,0.7644870035124868,89,402,0.2213930348258706,3.0,2.440086085774829,5.0,7.0
080199a181c46c657dc5aa235411be3b,79,8.108475011155734,8.071632878562763,0.9759036144578314,0.9954563425869496,83,339,0.2448377581120944,3.0,1.9852608434393098,5.0,7.0
117cfc326c6d50da67ca858ff5c0c852,5,6.073467592592593,5.746119242427195,1.0,0.9461019022206288,5,18,0.2777777777777778,3.0,1.6870743312757204,5.0,7.0
729f06993dac8e860d4f02d7088ca48a,94,10.856161094723042,9.170942040258916,0.9026548672566372,0.8447684186186887,115,522,0.2203065134099616,3.0,2.391682999795305,5.0,7.0
eeb6de78f79159600292e314a77cbd18,82,12.113948153726016,13.534675914512851,0.963855421686747,1.1172803237027102,84,540,0.1555555555555555,3.0,1.8843919350240463,5.0,7.0
440dd6ab244315c632130ecfb63827b1,91,16.668735909822864,11.267463104466218,0.8695652173913043,0.6759638622522249,95,670,0.1417910447761194,3.0,2.363477479751003,5.0,7.0
7b07b3c7487f0ea825fc6df75abd658b,91,9.44808967496142,9.995652532857465,0.9583333333333334,1.0579548751899712,98,577,0.169844020797227,3.0,1.604701539248213,5.0,7.0
ad420dd0c4f92f8af951ac24b86d0cf5,42,14.698960094605477,24.150664289818632,0.9347826086956522,1.6430185628357434,46,486,0.0946502057613168,4.0,1.3912595974317932,5.0,6.0
88ae906ea2acf6971f26c3e8b7cb4357,3,15.088244598765431,5.417570892450153,0.6666666666666666,0.3590590579962784,3,15,0.2,2.0,3.0176489197530865,5.0,8.0
55a5b51f93f2b70ea513f5a047b0262a,39,13.728832712285456,6.749105647248677,0.926829268292683,0.4916008366253262,41,186,0.2204301075268817,2.0,3.026248070987654,5.0,8.0
ba90964cff9b9e0e6f32b23b82465f7b,38,10.018161245126706,8.259053907175591,0.9473684210526316,0.8244081628445714,38,172,0.2209302325581395,3.0,2.2133146936907835,5.0,7.0
3c03b12bab54d8b37d79d914bfdb1aa0,37,13.75025785960379,9.245399149957258,0.8372093023255814,0.6723800560219939,43,245,0.1755102040816326,3.0,2.4133105631141336,5.0,7.0
20a7efa9721046319bdde5d60b6b5365,3,15.33033564814815,6.39929072226448,1.0,0.4174266545193021,6,32,0.1875,2.0,2.874437934027778,5.0,8.0
184725737946a1a938bbbd1a9e978103,3,8.57604938271605,3.229750555313594,1.0,0.3766012077568898,3,10,0.3,2.0,2.572814814814815,5.0,8.0
4c61e37f664c3c88aff092aa5ac779d7,7,16.80345920138889,7.089348354476898,0.625,0.4218981502267657,8,39,0.2051282051282051,2.0,3.4468634259259257,5.0,8.0
38e6dada03429a47197d5d584d793b41,7,12.767726658950616,5.600450421970494,0.5833333333333334,0.4386411591952734,12,54,0.2222222222222222,2.0,2.8372725908779146,5.0,8.0
89de2d6f23e9746ff309705b23581faa,8,9.644796006944444,1.5584163994522733,1.0,0.1615810638535208,8,19,0.4210526315789473,1.0,4.060966739766081,5.0,9.0
7f35f9daf223da737b78738fbae4d977,5,7.866502314814815,4.305603835659029,1.0,0.5473339564841133,5,17,0.2941176470588235,2.0,2.3136771514161216,4.0,6.0
870d0118f7a9d85960f29ad89d5d989a,45,14.932304948391014,9.273368385321646,0.9508196721311476,0.621027257169756,61,507,0.1203155818540434,2.0,1.7965889582876764,4.0,6.0
1838dd9b8977065acf51d95e0053ea7a,62,12.563077635327636,7.58626248953512,0.953846153846154,0.6038538254513681,67,370,0.1810810810810811,2.0,2.27493567991068,4.0,6.0
45ba18c210d42734ec52c0c1c574e9ee,35,7.174404544346979,4.985935156409064,0.9473684210526316,0.6949615296418845,41,143,0.2867132867132867,2.0,2.0569971071204627,4.0,6.0
7357b52d27cbaa90f81a96cbc1279396,12,9.85083236882716,14.104892889576274,0.9166666666666666,1.431847823764724,12,100,0.12,3.0,1.1820998842592592,4.0,5.0
655220df33262c7e0c4949a147366f94,13,12.130904320987655,13.923150040538289,0.8666666666666667,1.1477421362931592,15,122,0.1229508196721311,3.0,1.4915046296296293,4.0,5.0
7fc87cc3e89b3d1d5cabdca32f8485aa,14,19.740683697089946,5.1567928637433,0.7142857142857143,0.2612266597688045,14,93,0.1505376344086021,1.0,2.9717158253683778,4.0,7.0
13fa2a6c6b9d0f43cb588d7c82117a12,9,20.52068634259259,14.060480845475434,0.7,0.6851857004554277,10,111,0.09009009009009,2.0,1.848710481314646,4.0,6.0
01fd077212124329bac32490e8ef80d9,31,7.986924857549857,4.099615562229485,0.9743589743589745,0.5132908641746157,39,131,0.2977099236641221,2.0,2.377786789652247,4.0,6.0
18e694e0e48ed6f7aa3f24aade5fd697,31,6.078709490740741,3.352290445533754,0.9705882352941176,0.5514806145350515,34,83,0.4096385542168674,2.0,2.4900737672913875,4.0,6.0
4e8dacf3d38f281ae26c3e0321d92d88,8,13.565163323045269,8.616302220596351,0.7777777777777778,0.6351786569320909,15,130,0.1153846153846153,2.0,1.5652111526590682,4.0,6.0
7a9c12e235c36247c3c81f50d6ea9cea,5,12.8360625,7.521220073013777,1.0,0.5859444882738594,5,35,0.1428571428571428,2.0,1.8337232142857136,4.0,6.0
0ef83d7d83ed97cd2a0049ac8be5f88a,48,9.616123106060606,5.883830182757161,0.9818181818181818,0.6118713454332599,55,278,0.197841726618705,2.0,1.9024703986810547,4.0,6.0
aded58c8142dedc5494a81f948431fab,4,8.000819444444444,4.528702550706532,1.0,0.5660298400873354,5,23,0.217391304347826,2.0,1.7393085748792263,4.0,6.0
04fdea0c111866e6cf812f1570d6b5bd,8,18.002058738425927,10.276740399794138,0.875,0.5708647299243687,10,110,0.0909090909090909,2.0,1.6365507944023567,4.0,6.0
fe1b067411b8c5066e962aa146ccee03,8,8.78437210648148,5.1810378228085225,1.0,0.58980172515526,8,29,0.2758620689655172,2.0,2.4232750638569596,4.0,6.0
fa74b2f3287d296e9fbd2cc80f2d1cf1,5,30.38007407407407,14.014586935046296,0.6,0.4613085175788346,11,160,0.06875,2.0,2.0886300925925925,4.0,6.0
b92e3c8f9738272ff7c59e111e108d7c,62,16.306628306878306,10.248079977771424,0.9714285714285714,0.6284610027842897,70,568,0.1232394366197183,2.0,2.0096196857068334,4.0,6.0
0d4c8269e7f0401201794deef160edd6,3,18.80715277777778,4.981975384050037,1.0,0.2648979057551262,4,22,0.1818181818181818,1.0,3.419482323232323,4.0,7.0
94c49f20a123aeb9360dbf80ff912bf6,3,14.152438271604938,3.075956059098223,1.0,0.2173446016909846,3,15,0.2,1.0,2.830487654320988,4.0,7.0
c6218512d16fcac0af02fe92691cf274,8,14.866530671296296,7.154797088476697,0.875,0.4812687806369575,8,53,0.1509433962264151,2.0,2.2440046296296297,4.0,6.0
8fb791022c1fc8909664f48ab7dc636d,5,5.729247685185185,3.664878167902709,1.0,0.6396787797077497,5,19,0.2631578947368421,2.0,1.5076967592592592,4.0,6.0
99eaacc9e6046db1c82b163c5f84869f,63,15.014922090934215,7.846184727168448,0.8955223880597015,0.5225591368140269,70,503,0.1391650099403578,2.0,2.089551782038558,4.0,6.0
1bb2bdb95f4841f1bba2c0d2cd83d3c9,79,12.310494477911648,6.864955662952154,0.927710843373494,0.5576506837535843,85,561,0.1515151515151515,2.0,1.865226436047219,4.0,6.0
c8b3445d737de6befde0c88ede534a5e,30,11.37756719393004,6.795763333173665,0.9722222222222222,0.5972949416461562,36,223,0.1614349775784753,2.0,1.836737304849692,4.0,6.0
e8b4225284fbb02d16f200513f1f395d,30,10.22229050925926,4.852130504140838,0.9,0.474661769761466,31,137,0.2262773722627737,2.0,2.313073034941876,4.0,6.0
f62d7bb4a613ec758a03342d46b580b2,32,13.872097077546297,6.637658078721289,0.875,0.4784898809182325,32,212,0.1509433962264151,2.0,2.0939014456673655,4.0,6.0
1acde099eb406aa220b1169b188b42da,9,12.41763425925926,7.821360848670774,1.0,0.6298591732832479,10,58,0.1724137931034483,2.0,2.1409714240102176,4.0,6.0
6c1b6d0c604b776f844125f911eb7377,4,17.514010416666668,7.768165393956588,1.0,0.4435400693015606,5,40,0.125,2.0,2.1892513020833335,4.0,6.0
6bb62a4912377c7bfe7cb17b406bc7e6,4,5.126489197530864,2.619623836538421,1.0,0.5109976312444282,6,16,0.375,2.0,1.922433449074074,4.0,6.0
0743a0239d764b9a0f959a57d07e36ab,4,5.358070023148148,3.2651774603794688,1.0,0.60939432412662,4,12,0.3333333333333333,2.0,1.7860233410493827,4.0,6.0
8ed8ea9a57c862f2c18c2fe41f601d56,19,8.578249878167641,2.2234527098314385,1.0,0.2591965425826905,19,61,0.3114754098360656,1.0,2.6719138964784457,4.0,7.0
b33aaadd1a8891d2dfef0c4c3bdf0371,16,13.492799564270152,14.933613782675147,0.8823529411764706,1.1067839340191763,17,161,0.1055900621118012,3.0,1.4247055440533696,4.0,5.0
6c17baf138731a4aaacc3210adf2037b,4,7.580141203703704,2.582577806441888,1.0,0.3407031263718444,5,15,0.3333333333333333,1.0,2.526713734567901,4.0,7.0
f783a638e9c6af4a7d0dbfde811e7a81,5,17.646319444444444,23.012643030714337,0.8,1.3041044113003044,5,59,0.0847457627118644,3.0,1.4954508003766478,4.0,5.0
f22a247b79dd22ecd91dc8e3b2a1b07c,8,18.033972800925923,28.3452375740865,0.75,1.5717688990099377,8,114,0.0701754385964912,3.0,1.2655419509421695,4.0,5.0
7fdb0720c8d7c9075538b365dc8c3a22,9,17.469016203703703,12.78104052504815,0.9,0.7316405443792748,10,93,0.1075268817204301,2.0,1.8783888391079249,4.0,6.0
c500367424994318b9e779ff1ae9a330,9,16.712573302469135,9.437056598681426,0.8888888888888888,0.5646680752201808,9,92,0.0978260869565217,2.0,1.6349256491545887,4.0,6.0
f7720c4fa8e3aba4546301ab80ea1f1b,59,9.924344185906689,9.022392700553102,0.961038961038961,0.9091172707780104,78,508,0.1535433070866141,2.0,1.5238166269699238,4.0,6.0
22c32ec35d0116ef02c281798a25bf8b,4,9.717814429012346,3.811641173354921,1.0,0.3922323482505839,6,24,0.25,2.0,2.4294536072530866,4.0,6.0
0f0c984a4a955310903b6b6008660bad,4,14.240300925925926,8.680526547343506,0.75,0.6095746566380292,4,34,0.1176470588235294,2.0,1.6753295206971675,4.0,6.0
432c37c9dfba871172ec162e20118b8c,44,15.700738636363637,8.883551721224446,0.8545454545454545,0.5658047004648387,57,407,0.14004914004914,2.0,2.198874944159034,4.0,6.0
b32be1695eb7ec5f10f72d9610a12527,44,12.322987911522636,6.385953343970063,0.9555555555555556,0.5182146886631986,46,263,0.1749049429657794,2.0,2.155351497832856,4.0,6.0
4c498c7345e89aebad651544829beca0,47,10.82899847320725,8.076229799365397,0.8723404255319149,0.7457965590582857,48,258,0.1860465116279069,2.0,2.0146973903641388,4.0,6.0
817245bcc3badd82bbd222e0366951a6,28,11.013731849747474,8.07103050811179,0.9772727272727272,0.7328152363085583,45,246,0.1829268292682926,2.0,2.0147070456855127,4.0,6.0
e7d5b006eb624f13074497221eb37807,28,10.946910089653144,5.519629080488449,0.9682539682539684,0.5042179971593554,63,342,0.1842105263157894,2.0,2.016536069146631,4.0,6.0
43402bdf22aa2310e8f99e2f94f78628,4,16.233270833333332,11.627908364281176,1.0,0.7163010143590087,5,46,0.108695652173913,2.0,1.7644859601449268,4.0,6.0
c3aad7dc65449ae90a5e9c3c6c1e78e0,6,7.48622299382716,1.6265866952090746,1.0,0.2172773502138919,6,14,0.4285714285714285,1.0,3.2083812830687823,4.0,7.0
8d79c8a04e42d722a75097ce5cbcf2ef,26,19.56749485596708,25.15885197404395,0.8518518518518519,1.2857472128769614,28,413,0.0677966101694915,3.0,1.3266098207435304,4.0,5.0
5f3ae9136c875522250f8184f253413a,42,7.676426440329219,5.235193026744158,0.9333333333333332,0.6819830903661517,46,220,0.209090909090909,2.0,1.6050709829779268,4.0,6.0
a2e874074c877c5a05abae80ad6e488f,40,19.19160907186949,12.51096025641412,0.9523809523809524,0.651897410454881,46,524,0.0877862595419847,2.0,1.684759575011443,4.0,6.0
822bad9bc42b51213ba522fe87b7ab5d,18,26.65635223765432,20.769304206987744,0.7222222222222222,0.7791502761450372,18,304,0.0592105263157894,2.0,1.578336645650583,4.0,6.0
2089a6d640999f9b9141ac719b2af596,41,19.527540932701,11.13559762918967,0.8536585365853658,0.5702508916799606,44,457,0.0962800875273523,2.0,1.8801133501944072,4.0,6.0
5a93f3ab0ef4c84ed5e1b5dbf23978bc,38,15.054766634366924,8.834990380904276,0.9767441860465116,0.5868566810418581,44,299,0.1471571906354515,2.0,2.215417163585768,4.0,6.0
229c3efbfb0ea2058de4ccdfbc3d784a,118,10.838898148148148,6.504017271005547,0.9793103448275862,0.6000625877379219,148,682,0.2170087976539589,2.0,2.352136255023351,4.0,6.0
7a241947449cc45dbfda4f9d0798d9d0,56,12.756627560325478,7.109881265122051,0.9393939393939394,0.5573480319543519,72,518,0.138996138996139,2.0,1.7731219774969778,4.0,6.0
8c3b533c63cca56240f94f1e3a6b18ef,3,49.224266203703706,20.855302268132963,0.2,0.4236792922788919,8,183,0.0437158469945355,2.0,2.151880489779396,4.0,6.0
7722b1df1b0e383e000397b2c11e3e19,133,8.58964369534465,5.4322640006809815,0.9722222222222222,0.6324201786885664,145,586,0.2474402730375426,2.0,2.1254237812712864,4.0,6.0
c013e57c075a06e5b5c48ee03c525719,42,9.355028806584365,5.458444942835592,0.9111111111111112,0.5834770855001288,45,181,0.2486187845303867,2.0,2.3258358911397585,4.0,6.0
a5a1bfcf728ab0e19182959cf0771ee4,21,13.616142939814814,16.203735786006472,0.9166666666666666,1.1900386076754017,24,226,0.1061946902654867,3.0,1.4459620821042276,4.0,5.0
054694fa03fe82cec4b7551487331d74,20,30.169812610229275,38.212683852125565,0.7142857142857143,1.2665867151978698,22,458,0.0480349344978165,3.0,1.4492049725437615,4.0,5.0
c8660dcf9ba70575f45d80fe28c27713,4,11.137800925925928,8.059246135074895,0.8571428571428571,0.7235940190235444,7,42,0.1666666666666666,2.0,1.8563001543209874,4.0,6.0
d05ae8f7a5bd1d2a690a44cd079e4e27,77,11.235804832175926,8.484736738869172,0.9125,0.7551516660890609,81,484,0.1673553719008264,2.0,1.8803722962939045,4.0,6.0
744dac408745240a2c2528fb1b6028f3,78,11.141101768183846,6.456063961742277,0.9879518072289156,0.5794816433846026,84,480,0.175,2.0,1.949692809432173,4.0,6.0
c8b0e2b0a7095e5d8219575d5e7e1181,84,10.063569852941177,7.1508560454172345,0.9294117647058824,0.7105685308407063,85,402,0.2114427860696517,2.0,2.1278692475124372,4.0,6.0
28f10b1c5e5abb9d4857745bede6147c,28,7.637304894179894,4.809961237801184,0.7857142857142857,0.6297982474768915,28,112,0.25,2.0,1.9093262235449735,4.0,6.0
f00e21b1e91a79653163b7fd8f293ff1,31,12.97160431600956,9.734124587226976,0.967741935483871,0.7504179398390309,31,253,0.1225296442687747,2.0,1.589406062435954,4.0,6.0
d1ef48b38baca7e831711c4a0aeb398f,28,9.788525326797386,5.59504950854258,0.8823529411764706,0.5715926885559963,35,153,0.2287581699346405,2.0,2.2392051401170487,4.0,6.0
5f5b43b2bffa8656e4bc6efeb13cc649,27,14.025877634099617,8.314604874881816,0.9655172413793104,0.5928046067268836,29,206,0.1407766990291262,2.0,1.9745167543149944,4.0,6.0
ffc470761de7d0232558ba5e786e57b7,27,10.081843364197532,7.832604683945351,0.9333333333333332,0.7769020407280242,31,179,0.1731843575418994,2.0,1.7460175658666113,4.0,6.0
d57e18d5f73c7ccb7f7339b61166898d,61,9.040871546149324,6.2374398058245575,0.9682539682539684,0.689915764645633,63,346,0.1820809248554913,2.0,1.6461702526225646,4.0,6.0
116ccb1a1604bc88e4d234a8c23f33de,61,8.779757420091324,5.901138889850598,0.9452054794520548,0.6721300609452621,73,286,0.2552447552447552,2.0,2.2409870337995335,4.0,6.0
0c7533c71df861ec58ad7ff999ed0e8d,61,10.596120306950786,7.722871090068556,0.958904109589041,0.7288395060032066,73,383,0.1906005221932115,2.0,2.0196260637269123,4.0,6.0
cce6ab8d1682639fe45ab70234f1665f,61,15.456308955439814,6.527174311674583,0.953125,0.4222983851120133,66,411,0.1605839416058394,2.0,2.4820350147421597,4.0,6.0
01cf7e3d21494c41fb86034f2e714fa1,59,11.565541132478632,7.415648806261101,0.953846153846154,0.6411847678649722,67,509,0.1316306483300589,2.0,1.5223796775561262,4.0,6.0
834f3294fba9f932f56edc879193f925,66,14.296499017957352,7.199673539616868,0.9393939393939394,0.5035969666820947,66,463,0.142548596112311,2.0,2.0379458643308532,4.0,6.0
e504a4e2efaa45cbff7e268a2c58c956,10,12.567527356902358,7.765457501747628,0.7272727272727273,0.6178985954212123,12,94,0.1276595744680851,2.0,1.6043651944981734,4.0,6.0
0bf0150d5b9d60d9cd2906003332f085,39,14.129168533452807,11.3658834678596,0.8064516129032258,0.8044269159186022,62,514,0.1206225680933852,2.0,1.7042965935293268,4.0,6.0
c8417879a15366a17c30af34c798c332,25,9.486715939153438,7.237400030940197,0.9142857142857144,0.7628983599129499,36,219,0.1643835616438356,2.0,1.559460154381387,4.0,6.0
4bfc7a4a1cf8d4d2121c27422d9e50b5,26,8.025635127314814,4.580535246775955,0.975,0.5707380380633492,40,151,0.2649006622516556,2.0,2.1259960602158445,4.0,6.0
3771c85bac139d2344864ede5d9341e3,26,12.76786689814815,7.428001799505601,0.8333333333333334,0.5817731230095262,30,202,0.1485148514851485,2.0,1.8962178561606162,4.0,6.0
4e7c18b98d84e05cbae3ff0ff03846c2,81,12.08698824179293,6.0005951967827045,0.9545454545454546,0.4964508177508248,89,524,0.1698473282442748,2.0,2.052942659388494,4.0,6.0
406822777a0b9eb5c50e442dd4cd3ec5,44,13.607906350644123,8.62625273831125,0.8695652173913043,0.6339147636699404,47,298,0.1577181208053691,2.0,2.1462134177190393,4.0,6.0
1d4587203296c8f4ad134dc286fa6db0,40,9.532752371273713,8.579099554111373,0.951219512195122,0.8999603912888678,43,256,0.16796875,2.0,1.6012044998623813,4.0,6.0
baa49d93c8c8841e27400a300f5d74b2,6,12.282937885802468,8.04244554831509,0.8333333333333334,0.6547656288005125,6,34,0.1764705882352941,2.0,2.1675772739651413,4.0,6.0
b3b17aab11f273023a5f22ca52e1eb70,7,17.222088675213676,10.228053184864644,0.8461538461538461,0.5938915643597303,13,136,0.0955882352941176,2.0,1.6462290645424829,4.0,6.0
cf8ab1616079e2793aa29d524df01bb1,6,26.40703896604938,15.630599487708553,0.8333333333333334,0.5919103428371607,9,99,0.0909090909090909,2.0,2.4006399060044887,4.0,6.0
822b63912576852aea9a8436d72317b7,6,21.4192757936508,15.494119849961676,1.0,0.7233727227395111,9,113,0.079646017699115,2.0,1.7059600189633373,4.0,6.0
23d7c96d4a1160db1c726b248601b25a,50,13.258936075498577,10.383590856173816,0.8846153846153846,0.7831390691566754,55,393,0.1399491094147582,2.0,1.855576295553235,4.0,6.0
751bdc4d83a466c7206cd42e8f426b03,51,11.123993225762527,7.426147830513043,0.9852941176470588,0.6675793197459445,71,435,0.1632183908045977,2.0,1.8156402736302057,4.0,6.0
43f8c9950d11ecd03a0304a49e010da6,41,11.497686314363143,8.450144406434688,0.926829268292683,0.7349430290056354,41,307,0.1335504885993485,2.0,1.5355216250452404,4.0,6.0
0432ead42b6c8a0bdf68154add917fdf,82,8.863279320987655,6.839941970205516,0.9655172413793104,0.7717168468344431,90,482,0.1867219917012448,2.0,1.6549691678192713,4.0,6.0
aba1721a889e04decc910aa13b768ef4,83,9.191300070450886,6.544852268892333,0.8913043478260869,0.7120703511719066,92,560,0.1642857142857142,2.0,1.5099992972883591,4.0,6.0
9674754b5a0cb32b638cec001178f799,84,7.946671052631579,6.401196351134088,0.968421052631579,0.8055192304725259,97,442,0.2194570135746606,2.0,1.743952697070731,4.0,6.0
7ade73f1b9b4e965f9009a4c3a7e2c15,26,9.679988425925924,4.043299880793973,1.0,0.4176967681040607,28,121,0.2314049586776859,2.0,2.2399973217018663,4.0,6.0
06df0c10d34e459d9672bc77388742eb,26,9.701925925925927,6.180190879816986,0.9,0.6370066033283144,30,144,0.2083333333333333,2.0,2.0212345679012342,4.0,6.0
e89c4adbe7b1d0819dbb636e16461cf1,24,14.787526388888889,12.24678024850632,0.88,0.8281831542636067,25,220,0.1136363636363636,2.0,1.6804007260101006,4.0,6.0
1dc2de47ee26a0a5b12dc14fd6dc0dea,25,14.691942301097392,6.918040324706407,0.8888888888888888,0.4708730937630809,27,203,0.1330049261083744,2.0,1.9541007001459585,4.0,6.0
14a08204d03bb6b6bde8029f801ae0eb,28,8.629664656432748,5.856997572774142,1.0,0.6787051184437628,38,159,0.2389937106918239,2.0,2.062435578266946,4.0,6.0
960945e1a9535cbc0cd6ddd35fbe7ae8,28,6.061004150702426,3.8860608223255166,1.0,0.641157921311628,29,112,0.2589285714285714,2.0,1.5693671461640208,4.0,6.0
6061155addc1e54b4cfb51c1c2a32ad8,28,5.790115740740741,2.8690195045352067,0.9696969696969696,0.4955029628074701,33,87,0.3793103448275862,2.0,2.196250798212005,4.0,6.0
0176f73cc1195f367f7b32db1e5b3aa8,37,13.377644066764132,10.053752809979333,0.8947368421052632,0.7515338844271701,39,271,0.1439114391143911,2.0,1.925196009608122,4.0,6.0
48162d548f5b1b11b9d29d1e01f75a61,66,11.21938709425718,6.668783216950862,0.9775280898876404,0.5943981753124807,91,569,0.1599297012302284,2.0,1.794313225970831,4.0,6.0
8cbac7e12637ed9cffa18c7875207478,66,13.53819973136717,7.436914375066364,0.9506172839506172,0.549328161988591,82,579,0.1416234887737478,2.0,1.917327077672034,4.0,6.0
15aac934c58d886785ac1b17953ea898,25,15.578190883190883,11.081888885781163,0.8461538461538461,0.7113720051882725,26,251,0.1035856573705179,2.0,1.6136771432787365,4.0,6.0
a6fe7de3d16f6149ffe280349a8535a0,50,14.846080927741466,9.056605771347405,0.8431372549019608,0.6100334367990803,52,392,0.1326530612244898,2.0,1.969378082251419,4.0,6.0
b17b679f4f5ce2e03ce6968c62648246,50,19.11136029411765,10.129723403400458,0.8235294117647058,0.5300367554955426,57,587,0.0971039182282793,2.0,1.8557879672311839,4.0,6.0
165fc07beebdcb6190fba8a06db2a449,50,13.493607494212965,8.612102294532216,0.875,0.638235720004877,64,373,0.1715817694369973,2.0,2.3152570499453877,4.0,6.0
3f3486b61f45078d4f31ee5e43d8c5bb,39,13.880131469610635,9.19775191908112,0.8461538461538461,0.6626559654149394,40,257,0.1556420233463035,2.0,2.1603317462429006,4.0,6.0
b94cc9f10ddc85e4ba73a6f7974e7101,39,10.58045405982906,6.074513304388594,0.9230769230769232,0.5741259562244851,39,223,0.1748878923766816,2.0,1.8503933109118085,4.0,6.0
dd533b429f380718b70ad9922c294bae,39,16.80776754952627,11.018969674612652,0.8837209302325582,0.6555879382638905,45,342,0.131578947368421,2.0,2.2115483617797715,4.0,6.0
9b1585752613ec342d03bbab9997ec48,3,8.091628086419753,6.344262802130662,1.0,0.7840526942628877,3,13,0.2307692307692307,2.0,1.8672987891737887,4.0,6.0
0df3984f9dfb3d49ac6366acbd3bbb85,86,9.61155579229798,5.604410083373361,0.9886363636363636,0.5830908340421161,89,463,0.1922246220302375,2.0,1.8475776792970189,4.0,6.0
bc47d5d1490df2b36add65d733eafaba,21,13.23846696127946,7.88899396851325,0.9090909090909092,0.5959144658960421,25,210,0.119047619047619,2.0,1.5760079715808875,4.0,6.0
cee48807215b30a12ca2ca10ffb5f250,39,23.413385416666664,11.665085145884609,0.85,0.4982229155797731,40,383,0.1044386422976501,2.0,2.445262184508267,4.0,6.0
1b8356dabde1d35e17cef975c3f82730,55,10.25928761574074,6.629033645925783,0.9833333333333332,0.646149508056964,61,284,0.2147887323943662,2.0,2.203579382254173,4.0,6.0
c12b92bf1c350f3e6bf88d3596219c86,17,10.78250408496732,7.199596101910173,0.9411764705882352,0.6677109551896816,17,105,0.1619047619047619,2.0,1.7457387566137565,4.0,6.0
fcdd820084f17e9982427971e4e9d47f,16,11.072314814814815,6.487750780374963,0.925925925925926,0.5859434895848805,27,164,0.1646341463414634,2.0,1.8228810975609755,4.0,6.0
54c04bdb5ec46762f8f08c7e8f86ed4a,18,15.41448708576998,12.618091553460308,0.8947368421052632,0.8185865337750233,19,185,0.1027027027027027,2.0,1.5831094844844844,4.0,6.0
ea00f977a203ff88adf7057cb7806998,18,5.417617669753087,2.914711690137212,0.8888888888888888,0.5380061620830568,19,50,0.38,2.0,2.058694714506173,4.0,6.0
2dee2ce60de9709b1a24083217181a1f,54,14.45154356060606,6.177597202396663,0.9636363636363636,0.4274697146702293,55,346,0.1589595375722543,2.0,2.297210681599229,4.0,6.0
e067ad2c1c0b48758eb1b5228bcf7a68,54,14.490808477534912,9.198067353206156,0.918032786885246,0.6347518406213091,61,559,0.10912343470483,2.0,1.5812867927184782,4.0,6.0
0509040ea3fe50071181bbc359eb7738,87,11.378378785686728,6.7707674267791775,0.9375,0.5950555482733946,98,457,0.2144420131291028,2.0,2.440002452948138,4.0,6.0
725c32fa80c2faacc4fc88450d27314e,89,9.47580321585026,7.734781849546465,0.989247311827957,0.8162666186026771,93,573,0.1623036649214659,2.0,1.5379575900071094,4.0,6.0
ea3ebea5317b0efbc663ecc8ce5e9bc2,3,9.390617283950617,6.521134580277424,1.0,0.6944308753187729,3,18,0.1666666666666666,2.0,1.5651028806584355,4.0,6.0
c84592044b180dec206770c38603814b,14,12.918706183862437,7.719871795843056,1.0,0.5975731382053128,15,84,0.1785714285714285,2.0,2.3069118185468627,4.0,6.0
f76a3b1349b6df1ee875d1f3fa4340f0,24,17.02268036265432,11.77895416878941,0.625,0.6919564908609219,24,226,0.1061946902654867,2.0,1.8077182686004583,4.0,6.0
7b7f91e98f8c6def45a1407923304402,11,13.634766865079364,9.45334475540129,0.9285714285714286,0.6933264682077322,14,99,0.1414141414141414,2.0,1.9281488496071826,4.0,6.0
376a891762bbdecbc02b4b6adec3fdda,57,12.116045857279692,6.920473549573789,0.9655172413793104,0.5711825154091634,58,348,0.1666666666666666,2.0,2.0193409762132815,4.0,6.0
e882b2a25a10b9c057cc49695f222c19,57,9.45880268199234,5.575569781272206,1.0,0.5894583034158194,58,227,0.2555066079295154,2.0,2.416786588350466,4.0,6.0
fffd5413c0700ac820c7069d66d98c89,57,13.744652977330778,9.339914003750176,0.8620689655172413,0.6795307250866652,61,399,0.1528822055137844,2.0,2.101312861195933,4.0,6.0
c864036feaab8c1659f65ea4faebe1da,58,12.28072198275862,7.746547043879969,0.9655172413793104,0.6307892202718737,58,387,0.1498708010335917,2.0,1.840521640826873,4.0,6.0
5f67c6082caacb26e431a7b17940cece,13,22.20229083994709,12.035471722234863,0.7142857142857143,0.5420824278447992,14,174,0.0804597701149425,2.0,1.7863912170072365,4.0,6.0
06e5eefc71ec47ae763c5c6f8db7064f,90,10.9686506869773,5.63960040055603,0.978494623655914,0.5141562587321459,95,485,0.1958762886597938,2.0,2.148498588170811,4.0,6.0
8629c241b3622ac12cd4118afdc8d394,13,15.116361289173788,8.495389196036358,0.9230769230769232,0.5619996131027039,13,114,0.1140350877192982,2.0,1.7237955856075367,4.0,6.0
d90fe2229fee1a5da999ccd0c06c1667,3,9.816265432098763,6.38592553365476,1.0,0.6505453196867577,3,18,0.1666666666666666,2.0,1.6360442386831267,4.0,6.0
ff063b022a9a0aab91bad2c9088760b7,94,9.40132957175926,6.815003799881144,0.96875,0.7248978719300296,96,553,0.1735985533453888,2.0,1.6320572131806312,4.0,6.0
530ec6109d11eaaf87999465c6afee01,94,10.714642808030804,6.572363739012536,0.99009900990099,0.613400171780476,104,457,0.2275711159737418,2.0,2.438343221083597,4.0,6.0
80e6699fe29150b372a0c8a1ebf7dcc8,96,11.488784367913832,7.203688098452197,0.9591836734693876,0.6270191752028038,100,581,0.1721170395869191,2.0,1.9774155538578022,4.0,6.0
048c2757535328e0d7dac690ad3c0aae,50,18.514625925925927,10.660610282575703,0.86,0.575793987155188,51,536,0.0951492537313432,2.0,1.761652839966831,4.0,6.0
3078096983cf766a32a06257648502d1,56,12.082166818457802,6.40997869844812,0.9508196721311476,0.5305322128689418,64,356,0.1797752808988764,2.0,2.172074933655335,4.0,6.0
ac3508719a1d8f5b7614b798f70af136,101,9.45691453520352,5.3478846688494,0.9702970297029704,0.5654999470431726,104,440,0.2363636363636363,2.0,2.2352707083208316,4.0,6.0
aaed1309374718fdd995ee4c58c9dfcd,104,12.201750604771435,5.801777808063149,0.972972972972973,0.4754873293176793,112,662,0.1691842900302115,2.0,2.064344513193959,4.0,6.0
febab0275244b9a49a623f0bd613ca2f,106,8.174898589065256,6.0242882397521145,0.9603174603174603,0.7369251341919033,129,549,0.2349726775956284,2.0,1.9208778105453879,4.0,6.0
25e6ffe976bd75618accfe16cefcbd0d,106,9.97521205716586,6.623141635227462,0.9478260869565216,0.6639599837348438,117,631,0.1854199683042789,2.0,1.8496035034681546,4.0,6.0
4200ddf1967c5e41e48db62bc6d4b5ac,22,8.976025958994708,6.429122866841111,0.9761904761904762,0.7162549324401861,42,242,0.1735537190082644,2.0,1.5578226870982546,4.0,6.0
3a734b715d333a2588a3d54a0c9b8746,15,11.602699514991182,8.425958409093548,0.9523809523809524,0.726206724409854,24,164,0.1463414634146341,2.0,1.697956026584075,4.0,6.0
7202e2ba20579a9bd1acb29e61fe71f6,51,13.225150681341718,8.367533737698851,0.9433962264150944,0.6326985559040865,55,396,0.1388888888888889,2.0,1.8368264835196833,4.0,6.0
f214d28e8d8e3ef068748498ccc2f813,52,10.173526843729697,8.067884071304777,0.9298245614035088,0.7930272554671932,59,372,0.1586021505376344,2.0,1.613543235967882,4.0,6.0
6039e27294dc75811c0d8a39069f52c0,63,17.981014451951953,9.832960820499745,0.7432432432432432,0.546852395162405,75,542,0.1383763837638376,2.0,2.4881477562664136,4.0,6.0
76d64c4aca3a7baf218bf93ef7fa768d,64,10.72351264761138,6.365343120054378,0.9710144927536232,0.5935875052539088,69,459,0.1503267973856209,2.0,1.612031313039619,4.0,6.0
8ae520247981aa06bc94abddf5f46d34,65,10.97949643874644,6.496955092139094,0.9846153846153848,0.5917352520113273,65,293,0.2218430034129692,2.0,2.4357244659335096,4.0,6.0
c5e60e39c0f42b8e827daa13cff74afa,6,3.3866304976851853,1.546801765787776,0.875,0.4567376827336313,8,12,0.6666666666666666,2.0,2.257753665123457,4.0,6.0
dbdd0ec73a4817971d962698f2fea022,16,12.651514756944444,6.767089694545621,0.9375,0.5348837530170962,16,112,0.1428571428571428,2.0,1.8073592509920626,4.0,6.0
f0b47fbbc6dee9aafe415a6e33051b3f,67,10.350161492374728,5.685481448416886,0.9058823529411764,0.5493133080682412,86,400,0.215,2.0,2.2252847208605666,4.0,6.0
e333046ce6517bd8bb510291d44f0130,68,10.002230355355357,7.247367273973938,0.945945945945946,0.7245751213971573,74,408,0.1813725490196078,2.0,1.8141300154320987,4.0,6.0
9646c3513289980f17226a2fc4720dbd,69,12.624502314814816,10.074651444217428,0.9210526315789472,0.7980236521795283,78,557,0.1400359066427289,2.0,1.7678836275683225,4.0,6.0
c0f783394e37cd9c9d7f5f81141450fa,6,13.170179398148148,6.779305878816576,1.0,0.5147466616718835,6,34,0.1764705882352941,2.0,2.3241493055555553,4.0,6.0
1ce3ae5a399804d1a87e706f8a813c3e,40,13.677545244107744,9.384435631396816,0.9090909090909092,0.6861198748685996,44,383,0.1148825065274151,2.0,1.5713106807852233,4.0,6.0
ce616e1913288884e7742faac9d981db,14,7.640087331649831,5.483799812454074,0.9545454545454546,0.7177666398834056,24,95,0.2526315789473684,2.0,1.9301273258904832,4.0,6.0
a066df7361163e7ddc5d7452dd17448b,15,15.814748774509804,8.236525950444697,0.7647058823529411,0.5208129492211929,17,152,0.1118421052631579,2.0,1.7687547971491229,4.0,6.0
a888faf2d1baececa6baf9c3d603ee1f,53,17.909094864540467,8.625985776073355,0.8518518518518519,0.4816539217262497,55,460,0.1195652173913043,2.0,2.1413048207602725,4.0,6.0
d66c11a9572221d92fbb8c4897db5f9b,16,8.548737702546296,4.313397040604282,1.0,0.5045653745253535,16,61,0.2622950819672131,2.0,2.2422918564055854,4.0,6.0
6426d21aca402a131fc0a5d0960a3c90,23,10.963011272141706,5.602189135070904,0.9565217391304348,0.5110082436298065,23,141,0.1631205673758865,2.0,1.7882926188599946,4.0,6.0
23a0ffca143a15b9b5bbdb7d552f626a,23,11.143974729938272,8.188375559538205,0.875,0.7347805211313111,24,154,0.1558441558441558,2.0,1.7367233345358342,4.0,6.0
3092c0b297aacfb4bb6e056ebe13b9b8,16,13.56010552832244,8.851893127253318,1.0,0.6527893981919779,21,163,0.1288343558282208,2.0,1.7470074607041173,4.0,6.0
39d54ff918774174706fb065d7f9dc07,22,15.159373070987655,13.733796588501678,0.875,0.905960723058246,25,242,0.1033057851239669,2.0,1.566050937085501,4.0,6.0
5670f4db5b62c43d542e1b2d56b0cf7c,22,8.532830913299664,5.008407416803936,0.9545454545454546,0.5869573026459016,22,117,0.188034188034188,2.0,1.6044639324153211,4.0,6.0
f63d8f293af3a6454377546bd9dd19ff,17,18.26035879629629,13.307841419689458,0.7857142857142857,0.7287831289705357,28,276,0.1014492753623188,2.0,1.8525001677402029,4.0,6.0
5bc55dbe2f12b6af6d83ed46023e0dc8,17,12.996622023809524,11.63874421818482,0.8095238095238095,0.895520712756199,21,174,0.1206896551724138,2.0,1.5685578304597703,4.0,6.0
cb3dd9ce66268c7a3ca7241ac70ab58c,48,13.811846064814816,10.054730789817889,0.94,0.7279787758011549,52,441,0.1179138321995464,2.0,1.6286076992525396,4.0,6.0
8c16d1f32a54d92897cc437244442e1b,108,10.976750333490273,6.553050730472249,0.9830508474576272,0.5969936940697984,118,689,0.1712626995645863,2.0,1.8799078945600172,4.0,6.0
b5e3e38609125694d2ea2417522a60b7,16,17.78087418300654,8.814185055616544,0.7647058823529411,0.495711569909223,17,157,0.10828025477707,2.0,1.9253175866949743,4.0,6.0
89bc797e2e29667aa035d4368f9b7f92,16,15.062043737816763,9.789892083996277,0.8421052631578947,0.6499710301209972,20,188,0.1063829787234042,2.0,1.6023450784911442,4.0,6.0
845e8036c3f7bf62099352f5ed910240,21,8.280536265432099,3.953654903587624,1.0,0.4774636299936925,24,92,0.2608695652173913,2.0,2.1601398953301127,4.0,6.0
7c5b05cbdb5542049f38d90d7815b97d,21,7.815173611111112,4.666043685859977,0.9565217391304348,0.597049268262716,24,79,0.3037974683544304,2.0,2.3742299578059076,4.0,6.0
594f9aaa48e5bf431f011ddc5669b0d5,37,7.881920382553607,4.208581404913462,0.9736842105263158,0.5339538082913182,38,124,0.3064516129032258,2.0,2.4154272140083632,4.0,6.0
a17f621c590ea0fab3d5d883e1630ec6,63,11.659324103751189,6.736097751621321,0.935897435897436,0.5777434173439006,80,379,0.2110817941952506,2.0,2.4610710509237332,4.0,6.0
520b493b57809f446cb0a233bb3e25c7,63,7.380156804921359,5.095033414468078,0.9726027397260274,0.6903692630311761,73,285,0.256140350877193,2.0,1.8903559535412606,4.0,6.0
32fdd5d44ecb43dfd6a24b9369eca144,8,16.070402199074074,7.645680754830514,1.0,0.4757616306125203,8,55,0.1454545454545454,2.0,2.3375130471380463,4.0,6.0
b81e3a6c866a764974fe849821abeebd,8,5.752156986531987,3.687996148631566,1.0,0.6411501211226648,11,33,0.3333333333333333,2.0,1.9173856621773289,4.0,6.0
bdf0d02d36a1d839d0c39c4a887cdd49,5,7.988988095238095,5.001252295324781,1.0,0.6260182435752809,7,29,0.2413793103448276,2.0,1.9283764367816092,4.0,6.0
70125af26c2d6d4ef401a1d02ae7701f,5,10.389732349537036,6.56730463287956,0.5,0.6320956509695072,8,47,0.1702127659574468,2.0,1.7684650807722615,4.0,6.0
e96498ed8daaa3e9c23f7a62da76591c,34,15.1983118872549,10.3657335147069,0.8529411764705882,0.6820318987794601,34,283,0.1201413427561837,2.0,1.825945597762072,4.0,6.0
a3dd39f583bc80bd8c5901c95878921e,34,12.530534284284284,5.8398054865793085,0.972972972972973,0.4660460084214888,37,231,0.1601731601731601,2.0,2.007055274971941,4.0,6.0
dc8798cbf453b7e0f98745e396cc5616,35,13.68819175279931,8.169923759806139,0.9302325581395348,0.5968592424295447,51,412,0.1237864077669902,2.0,1.6944120859047678,4.0,6.0
1336efc61c316ddf92c899eb817f7cae,74,11.714715005446624,7.748283188554227,0.9058823529411764,0.6614145700473082,85,572,0.1486013986013986,2.0,1.7408230340261592,4.0,6.0
3e8bd881d92466e63ba9e3e809cd3c50,8,14.945583847736623,7.824143434063864,0.5555555555555556,0.5235087176101696,10,69,0.144927536231884,2.0,2.1660266445995098,4.0,6.0
55dedd83e501d8248880557d9073cbfd,8,4.488298611111111,2.754773340812152,1.0,0.6137678393305893,9,19,0.4736842105263157,2.0,2.126036184210526,4.0,6.0
ec8879960bd2221d5c32f8e12f7da711,35,16.495119378306878,12.544757157805517,0.8285714285714286,0.7605132688098896,36,331,0.1087613293051359,2.0,1.794031110631563,4.0,6.0
71039d19d4303bf9054d69e9a9236699,35,13.388712536549708,10.384727330013602,0.7368421052631579,0.7756330044180456,38,301,0.1262458471760797,2.0,1.6902693567737168,4.0,6.0
b410bdd36d5db7a65dcd42b7ead933b8,42,9.202473820546738,5.022032915360437,0.9761904761904762,0.5457264006714737,44,210,0.2095238095238095,2.0,1.9281373719240782,4.0,6.0
b39d7fe263ef469605dbb32608aee0af,43,13.300397858796297,6.682093640276258,0.9583333333333334,0.5023980268272212,49,342,0.1432748538011695,2.0,1.9056125587164272,4.0,6.0
65febd49fd28ec955651299159b1f527,33,7.134858979044833,4.423885600716035,0.9473684210526316,0.6200382675689934,40,128,0.3125,2.0,2.2296434309515103,4.0,6.0
09bad886111255c5b5030314fc7f1a4a,5,6.468912037037038,4.3891383405165305,1.0,0.6784971437835305,5,20,0.25,2.0,1.6172280092592595,4.0,6.0
20a8b0dc55da94fe74d112082427c84f,7,8.23525462962963,4.84695541448059,0.8571428571428571,0.5885616938961091,7,24,0.2916666666666667,2.0,2.4019492669753086,4.0,6.0
bccf933e006e9b94a6184af782963e77,45,11.57500251610306,6.8672493803809385,0.9782608695652174,0.5932827548700115,46,320,0.14375,2.0,1.6639066116898147,4.0,6.0
63b464dbf392c7b80d12d932fa7cafed,36,13.191747380604289,10.901133118475247,0.9473684210526316,0.8263600570841045,39,362,0.1077348066298342,2.0,1.421210353159025,3.0,4.0
bf3c6d2a28b2b5501e6c15448982dcc9,35,10.611320790267012,7.8299160414451485,0.9767441860465116,0.7378832660140627,43,346,0.1242774566473988,2.0,1.31874795948405,3.0,4.0
8f119a0aee85c0c8fc534629734e94fd,75,9.895761459762232,6.497999423422217,0.9382716049382716,0.6566447109546987,83,583,0.1423670668953688,2.0,1.408830533722582,3.0,4.0
d3f39f05462b79a4562d35893a28f159,33,12.122399587087086,10.804879794424195,0.8648648648648649,0.8913152645070102,38,362,0.1049723756906077,2.0,1.2725170837273734,3.0,4.0
30a2f535bb48308f991d0b9ad4a8c4bb,71,8.407107279693486,6.981676615948295,0.9655172413793104,0.8304493309859179,87,539,0.1614100185528757,2.0,1.356991341991342,3.0,4.0
26d8a1c7c75d513045798992ead43aa2,34,12.476636766975307,9.17938778324755,0.9166666666666666,0.735726137956078,38,361,0.1052631578947368,2.0,1.3133301859974003,3.0,4.0
5b179e9e8cc7ab6fd113a46ca584da81,34,12.67396283436214,9.811858960647331,0.9166666666666666,0.7741745094947761,36,345,0.1043478260869565,2.0,1.3225004696725708,3.0,4.0
d12c926d74ceff0a90a21184466ce161,76,8.551404519854906,5.847617998032327,0.9896907216494846,0.6838195976409668,99,585,0.1692307692307692,2.0,1.4471607648985223,3.0,4.0
c70a353f02429c00775a46a75fb787da,6,6.758491512345679,2.8803367259395376,1.0,0.4261804162479232,6,25,0.24,1.0,1.6220379629629629,3.0,5.0
23613d49c3ac2bd302259e55c06c050c,69,13.88935785864979,7.409847748531245,0.8607594936708861,0.5334910241308716,80,681,0.1174743024963289,1.0,1.6316426265667885,3.0,5.0
cb8bcce248bb1fb274ba762d8b971456,66,12.57245802238806,6.384889087228917,0.9850746268656716,0.5078473179913746,69,570,0.1210526315789473,1.0,1.5219291290259223,3.0,5.0
730937bf88cb151eb2eb849f642fc213,22,7.131474358974359,7.018069438263889,0.9615384615384616,0.9840979697882866,26,137,0.1897810218978102,2.0,1.353418491484185,3.0,4.0
610f72e407cdd7caaa2f8167b0163fd8,16,12.596752450980391,9.479693417988909,0.8823529411764706,0.7525505843572494,17,145,0.1172413793103448,2.0,1.4768606321839075,3.0,4.0
56642bcb79900e777d68e91915cb4267,48,14.243257895171956,11.387095537451383,0.8392857142857143,0.7994726783197033,56,655,0.0854961832061068,2.0,1.2177441864574488,3.0,4.0
da7039f29f90ce5b4846ffc0fcc93beb,17,8.862591306584362,8.372957007148173,0.9444444444444444,0.9447526933716982,18,121,0.1487603305785124,2.0,1.3184020125497398,3.0,4.0
30829ded4523ab9224b93bc49a62c95f,18,10.493247834528075,7.53255082741199,0.967741935483871,0.717847414470294,31,226,0.1371681415929203,2.0,1.4393393047361513,3.0,4.0
44f091b5abab8018f682fce8124b85e5,3,15.188487654320989,10.248283181819788,0.3333333333333333,0.6747401989627483,6,64,0.09375,2.0,1.4239207175925928,3.0,4.0
3935fe5fe0f82787a9dcb8deb62be09d,16,11.010660403050109,7.840540011024086,0.8823529411764706,0.7120862622238486,17,130,0.1307692307692307,2.0,1.4398555911680904,3.0,4.0
412a4720f3e9431b4afa1476a1acddbe,21,10.474756418350168,14.81473795861213,0.9545454545454546,1.4143276814207324,22,338,0.0650887573964497,2.0,0.6817888793008985,3.0,4.0
e3a386fc36e22064434e1fa256f6a9fa,16,10.55469975490196,11.04667673479156,0.8235294117647058,1.0466121245809108,17,206,0.0825242718446602,2.0,0.8710189118122977,3.0,4.0
f125f3a310c2e5f822d116147de1e474,16,14.039162457912456,11.304512679331294,0.9090909090909092,0.805212754907618,22,218,0.1009174311926605,2.0,1.4167962113489627,3.0,4.0
55bb6fe5bebe5012e2d7d9928e1128ff,15,16.57628833912037,11.436844707224518,0.8125,0.6899520853672252,16,192,0.0833333333333333,2.0,1.3813573615933636,3.0,4.0
0417b067eeab773d2f7061a726dc477f,13,17.55735933048433,12.918585697218324,0.6923076923076923,0.7357932052337826,13,173,0.0751445086705202,2.0,1.3193391404410184,3.0,4.0
099095b050cfe8eb1ddff5317587e96e,16,10.407467714424952,12.452803845170063,0.8421052631578947,1.196525820388589,20,241,0.0829875518672199,2.0,0.8636902667572572,3.0,4.0
53d00c40e32aeb924a84ce72b1af869d,17,16.048920206971676,12.244820453742976,0.7647058823529411,0.7629684923241007,17,213,0.0798122065727699,2.0,1.2808997348287243,3.0,4.0
76ea5315acb3f5f7ade3cd261faf922a,15,8.683984567901234,8.29116840517632,0.9333333333333332,0.9547654467078526,15,94,0.1595744680851064,2.0,1.385742218282112,3.0,4.0
5f2684dab12e59f83bef73ae57724e45,67,10.283961662861492,9.867941447209333,0.9452054794520548,0.9595466971493548,74,695,0.1064748201438848,2.0,1.0949829684197838,3.0,4.0
87d3c3aeb3ead335511b3ce315eb341e,15,6.565039351851852,4.507274217958245,0.9333333333333332,0.6865570755012829,15,66,0.2272727272727272,2.0,1.4920543981481478,3.0,4.0
c794dab4928dd97beb41d05514441e86,16,13.794497974537038,14.642074980186967,0.875,1.0614431208163178,16,199,0.0804020100502512,2.0,1.1091053647868967,3.0,4.0
318f287a62ab7ac10b703ac37435a231,51,12.1709473664238,8.396201298411336,0.8852459016393442,0.6898560190617601,62,563,0.1101243339253996,2.0,1.3403174719685174,3.0,4.0
3bdff180c7e1f6551a643b99c265a120,56,10.289592712324392,6.763513147615183,0.9310344827586208,0.6573159246151855,61,441,0.1383219954648526,2.0,1.423276996489315,3.0,4.0
cfd7ddab722b902f7ac5b5f3ba6d723d,12,6.172175035612535,4.239449246629772,1.0,0.6868647149779095,13,57,0.2280701754385964,2.0,1.4076890432098759,3.0,4.0
00720abe85ba0859807595bbf045a33b,13,8.532746171652422,8.22294690534304,0.9230769230769232,0.9636929002601062,26,189,0.1375661375661375,2.0,1.17381693366647,3.0,4.0
5011f0d93373a4c5753adf58ca77af8d,11,14.980320767195767,15.502748784671844,0.8095238095238095,1.034874287780279,22,272,0.0808823529411764,2.0,1.2116435914643626,3.0,4.0
6f83d9e4da896daae20b9b6b2d3ff8d2,11,15.023242845117846,12.977160257388649,1.0,0.8638055306152413,11,132,0.0833333333333333,2.0,1.25193690375982,3.0,4.0
cea729054f157f5870bdd321a958d994,24,7.258142806267807,5.151737707756586,0.9615384615384616,0.709787316847469,26,140,0.1857142857142857,2.0,1.3479408068783068,3.0,4.0
77fccaae319668a8ab6cd0fd16aec48c,11,8.95499324845679,6.137283998754033,1.0,0.6853476969188859,12,79,0.1518987341772152,2.0,1.3602521390060947,3.0,4.0
63ffcb71394dd8ea3872ed9ffda17c74,17,13.25094566993464,11.871648446114826,0.9411764705882352,0.8959095253896231,17,176,0.096590909090909,2.0,1.2799208885732312,3.0,4.0
1fdc574883ef3b33ad41562d93f3a74a,18,11.25219843106996,14.4558792411765,0.9444444444444444,1.2847159894781472,18,238,0.0756302521008403,2.0,0.8510066040305008,3.0,4.0
fe49ee029e61e789a1f3a5525f57ba8d,16,10.416166811342592,7.015117262191713,0.9375,0.6734835750280673,17,119,0.1428571428571428,2.0,1.488023830191798,3.0,4.0
dc317f341ab0e22f39acbd9dbf9b4a1f,55,12.163011653895277,10.553285605357065,0.9482758620689656,0.8676539911048522,58,532,0.1090225563909774,2.0,1.326042623920913,3.0,4.0
4c8b8048e33af2bf94f2eb547746a916,19,19.07008655394525,15.800185970961405,0.8695652173913043,0.8285324729002154,27,368,0.0733695652173913,2.0,1.3991639591209828,3.0,4.0
f918546be4bec7104d117789ba758b2b,20,11.928280998389695,9.069616811250762,0.8260869565217391,0.7603456703002848,23,204,0.1127450980392156,2.0,1.3448552106027587,3.0,4.0
ff69aa92bb6b1bf9b8b7a51c2ed9cf8b,20,11.462290509259258,11.642009924280286,0.75,1.0156791886295196,20,199,0.100502512562814,2.0,1.1519889959054523,3.0,4.0
b43d8b707f887a30f4675391098354a0,3,19.93375289351852,26.30374651816573,0.75,1.3195581714428908,4,107,0.0373831775700934,2.0,0.745187024056766,3.0,4.0
acadd4d36859671cb635527c6c977533,12,17.891220100308644,21.50688300974289,0.8333333333333334,1.2020914666055598,12,237,0.050632911392405,2.0,0.9058845620409428,3.0,4.0
8476243f92442881ddd5b578975cf115,12,17.33558063271605,13.442490369427006,0.9166666666666666,0.7754277548718543,12,154,0.0779220779220779,2.0,1.3508244648869645,3.0,4.0
9906e7aa42a3c067b7c9a564d01c4320,12,16.24080005787037,13.350294659787822,0.875,0.8220219824280274,16,198,0.0808080808080808,2.0,1.3123878834642722,3.0,4.0
5b8154610ebb21fb90eb587365e673df,37,13.15837355324074,9.39535183796931,0.85,0.7140207564372842,41,384,0.1067708333333333,2.0,1.4049305095908078,3.0,4.0
6ddc28b61be28373b4503a1f61cf98a9,11,6.850078914141414,6.122272887615527,0.9090909090909092,0.8937521690409445,11,63,0.1746031746031746,2.0,1.196045524691358,3.0,4.0
7586919161935337bf6b6d7ff5779648,11,15.853189943415638,15.094874265334637,0.8888888888888888,0.9521663664670872,18,264,0.0681818181818181,2.0,1.0808993143237922,3.0,4.0
334cab711dee080b079fa5779b584783,11,6.984309561965812,5.352689559454167,1.0,0.7663877885085598,26,124,0.2096774193548387,2.0,1.4644520049283154,3.0,4.0
3ade81dab5a172b88e1871c28ae05260,28,13.795525077160494,9.35600168965909,0.8666666666666667,0.6781910537895102,32,324,0.0987654320987654,2.0,1.36252099527511,3.0,4.0
d97df38225e5abadaff1e72cb72b823c,28,12.152008101851852,11.591652228521124,0.8214285714285714,0.9538877962692162,29,279,0.1039426523297491,2.0,1.2631119532390813,3.0,4.0
430315b7bb4b6e4b3c978f9dfa9b0558,19,14.35659201388889,10.229103020020013,0.95,0.7125021739229024,21,210,0.1,2.0,1.435659201388889,3.0,4.0
7bac63f6603d382cc8d0832eb6c100a8,19,15.764658869395712,14.813262564427625,0.8421052631578947,0.9396500544128452,19,273,0.0695970695970696,2.0,1.0971740605073939,3.0,4.0
e24fc9fcd865784fb25705606fe3dfe7,51,12.645286826599326,11.617188679095824,0.9272727272727272,0.9186971271113518,56,535,0.1046728971962616,2.0,1.3236188080178724,3.0,4.0
7f152321c60a266edc53af1925ef96c1,20,23.469773148148143,19.115341017184363,0.7,0.8144663732590289,20,339,0.0589970501474926,2.0,1.3846473833715711,3.0,4.0
ce69a8021d18961dd2a40269b7c2c293,19,10.203286427875245,7.240021822828443,0.8947368421052632,0.7095774360551909,19,147,0.1292517006802721,2.0,1.318792123330814,3.0,4.0
3586b8580d9c917874e053a1bb37b5ff,36,14.060716785099052,10.399725242851094,0.9534883720930232,0.739629807057367,43,465,0.0924731182795698,2.0,1.3002383263639972,3.0,4.0
903037660cf848a717166eb7a06d616e,44,11.60565069836786,12.206278812136082,0.847457627118644,1.0517530752371076,60,568,0.1056338028169014,2.0,1.2259490174332246,3.0,4.0
d23019c84ffae2d5ef2270367b8605fc,39,11.277978395061728,7.817301449709953,0.9743589743589745,0.6931474042486997,39,317,0.1230283911671924,2.0,1.387511537562799,3.0,4.0
9b00ed88b7fdb95d6ff76e27c1b52d16,46,9.049010879629629,8.313328330766419,0.94,0.9187002249583636,51,344,0.1482558139534883,2.0,1.3415684734334619,3.0,4.0
9d39404483343dd55c7ae254494d8388,10,14.38684027777778,14.642889815863851,0.9,1.017797482500836,10,151,0.0662251655629139,2.0,0.9527708793230317,3.0,4.0
113e3a788b935f48aad63e1c41dac1bd,39,12.03533733603395,8.3338390608702,0.9583333333333334,0.6924474842860102,48,392,0.1224489795918367,2.0,1.4737147758408913,3.0,4.0
daeb5653dd96c1b11860f72209795012,38,11.44094076448243,9.33131713018754,0.9230769230769232,0.8156075031133747,41,338,0.1213017751479289,2.0,1.3878064240940216,3.0,4.0
312ba1d77e9c332ef21f9598b7f64cd7,7,25.699447751322754,17.357365695818284,0.4285714285714285,0.675398392361365,10,176,0.0568181818181818,2.0,1.4601958949615197,3.0,4.0
c6bda72e4dbf5c5866b13cb1810c6d03,59,10.208053005335843,9.846905803637265,0.9661016949152542,0.9646213434129108,59,408,0.1446078431372549,2.0,1.476164527732389,3.0,4.0
f35b3c613c4f7b2275f4185d0a3c59ec,9,12.80266975308642,10.41085127317065,0.7777777777777778,0.8131781475235539,9,96,0.09375,2.0,1.2002502893518519,3.0,4.0
070d165398b553f3b4b851c216b8a358,31,11.01272508528265,8.601145895450292,0.868421052631579,0.7810188512691396,39,358,0.1089385474860335,2.0,1.1997102746536963,3.0,4.0
8e2b3afb420011ef0c88c9d5f11ea526,11,10.559795875420876,8.6466614368734,0.9090909090909092,0.8188284640046393,11,78,0.141025641025641,2.0,1.4892019824311489,3.0,4.0
8ca1551acf9832a4cf467bbbac15851f,11,15.862967785493828,14.527299827076654,0.8333333333333334,0.9157996172923832,12,170,0.0705882352941176,2.0,1.119738902505446,3.0,4.0
3d3ccf2b2f8134b10dce9dd446f0e075,3,16.772862654320985,18.610059827641603,0.6666666666666666,1.1095339067149237,3,52,0.0576923076923076,2.0,0.9676651531339014,3.0,4.0
4992e76a42cb3aad7a7047e0d3d7e729,56,8.29304540842212,6.461159024945053,0.9315068493150684,0.779105709270967,74,459,0.1612200435729847,2.0,1.337005142098555,3.0,4.0
7d456afc660226829370f3173d14520c,55,9.03001209425718,8.863372033563692,0.9438202247191012,0.981545975912982,91,685,0.1328467153284671,2.0,1.1996074460983988,3.0,4.0
83deb69e889cf80f82be1dc6d5f2d486,40,15.740614803791887,5.575079111353659,0.9523809523809524,0.3541843302086671,42,392,0.1071428571428571,1.0,1.6864944432634157,3.0,5.0
56f413900b5166ab4d730e9ac0b12cb0,3,10.19193287037037,2.5482453594475443,1.0,0.2500257205240935,3,15,0.2,1.0,2.038386574074074,3.0,5.0
6b536a23086fba0d58c08d68814397f6,18,14.15708122895623,13.247882743419606,0.9090909090909092,0.9357778294245432,23,277,0.0830324909747292,2.0,1.1754977193718164,3.0,4.0
6aa3928696eab49a19a466e665a649fd,18,8.24293507996633,7.149337227629143,0.9545454545454546,0.867329071292206,22,161,0.1366459627329192,2.0,1.1263637997469516,3.0,4.0
50c9975695009e5e6473912e83a6d1da,50,15.213292483660132,7.081104515876422,0.8970588235294118,0.4654550961589608,68,534,0.1273408239700374,1.0,1.9372732001664579,3.0,5.0
d149de2f383552baea37a7198c2296ce,3,4.890138888888889,1.903632424460045,1.0,0.3892798277744987,3,8,0.375,1.0,1.8338020833333335,3.0,5.0
e45edf75f568ed2f93f78d060e246e25,6,12.007012235449736,3.784285683187262,0.8571428571428571,0.3151729680106815,7,49,0.1428571428571428,1.0,1.7152874622071044,3.0,5.0
656591be56071d4c9ef4e5fee78a578a,7,14.31607218013468,3.970081434486272,0.7272727272727273,0.2773163884990221,11,63,0.1746031746031746,1.0,2.499631650499706,3.0,5.0
094ced053e257ae8cae57205592d6712,19,12.158787158869396,5.5740685564279016,1.0,0.4584395206196055,19,118,0.1610169491525423,1.0,1.957770813716258,3.0,5.0
d9442042130b7fe579d1295f9f4a248f,19,11.436601957070708,4.587983469687418,0.9545454545454546,0.4011666653180044,22,142,0.1549295774647887,1.0,1.7718679088419402,3.0,5.0
191d55f7edb8524d525ed01b20fe32e8,3,22.529178240740745,23.77610580206994,0.6666666666666666,1.0553472278484757,3,53,0.0566037735849056,2.0,1.275236504192871,3.0,4.0
41c9d3997dd3c072c31139dc5bb5761f,3,22.20698688271605,4.487109852776171,1.0,0.2020584726993529,3,38,0.0789473684210526,1.0,1.7531831749512663,3.0,5.0
bacb1f0ed56ad24198f5810d2b3fe9a5,38,9.781034356725147,5.178848183622188,0.9736842105263158,0.5294785801525548,42,263,0.1596958174904943,1.0,1.5619902774998335,3.0,5.0
b372ee768ed69e46ca8cdbd267aa7a38,63,12.324170524691358,6.67129297224505,1.0,0.541317807870248,69,524,0.1316793893129771,1.0,1.6228392484803504,3.0,5.0
3f9be91358837bff69df67edfa3e42e8,7,9.842959656084656,2.905446053892552,1.0,0.2951801242115709,7,44,0.1590909090909091,1.0,1.5659253998316498,3.0,5.0
59cd88080b93f3c18508673122d26169,10,13.62782889660494,10.866838731387292,0.75,0.7974005847765314,12,137,0.0875912408759124,2.0,1.1936784434982428,3.0,4.0
b0b346d3a89f5eb4c2968af3f083cd43,9,23.350222479423863,23.92325439783897,0.5555555555555556,1.0245407476918074,12,263,0.0456273764258555,2.0,1.0654093906961455,3.0,4.0
4e06067cc08b3f41d837768d392c3ee3,31,9.793098329307568,10.81805474296499,0.9565217391304348,1.1046610969472306,46,385,0.1194805194805194,2.0,1.1700844757094748,3.0,4.0
a0a14e50070f3225b3eabba5b85da517,4,6.053330439814815,4.738384960239762,1.0,0.7827732200234422,4,17,0.2352941176470588,2.0,1.4243130446623091,3.0,4.0
f9ec7093df3a7b346b7bcf7864069ca3,9,6.317723765432099,6.515823522938808,0.8888888888888888,1.0313561917016103,9,53,0.1698113207547169,2.0,1.072821016771488,3.0,4.0
b67d6c666e8dce1d078c882825e12704,7,8.126384548611112,3.422038367733278,1.0,0.4211021946184102,8,34,0.2352941176470588,1.0,1.9120904820261437,3.0,5.0
a806a4bb063ea7ca6d374eafa50a6058,5,12.33940586419753,3.4770520221332903,1.0,0.2817843954887542,6,42,0.1428571428571428,1.0,1.7627722663139322,3.0,5.0
bba74270a87732727b5a3b4fd9ac1c39,35,9.283693287037035,4.007647209540003,1.0,0.4316867313072419,41,242,0.1694214876033057,1.0,1.5728571271426375,3.0,5.0
99002261c568a84cce14d43fcffb43ea,36,16.837109374999997,6.687258547668239,0.9166666666666666,0.3971737902705309,36,300,0.12,1.0,2.0204531249999995,3.0,5.0
079d295dcbf06ee8bb1b65ba964eb2b6,5,6.923537037037038,3.7680120712139846,1.0,0.5442322401190656,10,46,0.217391304347826,1.0,1.5051167471819642,3.0,5.0
b248792ac0b60ec3f93d80af1b4fae47,7,6.319003343621399,2.9179383736471496,0.7777777777777778,0.4617719306308974,9,31,0.2903225806451613,1.0,1.8345493578255676,3.0,5.0
741f8c587cb4248ebc5b779a0e8e0e51,5,13.239328703703702,3.194704212884694,0.8,0.2413040936124635,5,32,0.15625,1.0,2.0686451099537035,3.0,5.0
b8bc237ba3788b23da09c0f1f3a3288c,45,11.921712470449172,4.9350674925212745,0.9787234042553192,0.4139562587802737,47,328,0.1432926829268292,1.0,1.7082941649728989,3.0,5.0
5bffbafbb22daf6d3bfc216a46db8708,21,8.637940318035426,3.332732823321394,1.0,0.3858249421291875,23,121,0.1900826446280991,1.0,1.641922539791857,3.0,5.0
56e361f411e38dcef17cdc2a3d99628b,5,12.040243055555557,3.800960109496108,0.9,0.3156879883535479,10,53,0.1886792452830188,1.0,2.2717439727463304,3.0,5.0
7daca0837f033a41a6f3428c18657533,7,14.333244047619049,6.1771777935362255,0.7142857142857143,0.430968577177219,7,53,0.1320754716981132,1.0,1.8930699685534593,3.0,5.0
dc7192adf8ba09569261f4a8d576afe0,7,6.325257523148148,1.8362739034244369,1.0,0.2903081647987201,8,32,0.25,1.0,1.581314380787037,3.0,5.0
f205b1a3ca9a34e0f8a228bae6e4c7b3,8,8.596142939814815,3.242251434287721,1.0,0.3771751420361523,8,45,0.1777777777777777,1.0,1.5282031893004109,3.0,5.0
6b89abe95848c850399130d149a39b63,8,11.262706886574074,5.918100289925998,1.0,0.5254598516614849,8,58,0.1379310344827586,1.0,1.5534768119412512,3.0,5.0
afe0067131b73e40875c9b6c10bd2e21,45,15.468515432098766,8.241722331040403,0.9555555555555556,0.5328062907664675,46,474,0.0970464135021097,1.0,1.5011639448872218,3.0,5.0
2d50d6282f8aa2257819a77bfaa0efe0,42,13.762621393195522,6.968770425356842,0.8604651162790697,0.5063548742830579,45,346,0.130057803468208,1.0,1.7899363083635782,3.0,5.0
fad44952713764836814be105382aee5,32,10.79425925925926,6.041114782122739,0.96875,0.5596599671200877,32,223,0.1434977578475336,1.0,1.5489520013286826,3.0,5.0
2745f798279e0ed033addcc1474776d7,32,13.36188548900463,7.288491036005429,0.90625,0.5454687545408962,32,284,0.1126760563380281,1.0,1.5055645621413658,3.0,5.0
c1ed9e3daf6154542826a6996af0fb8c,8,18.09805772569445,7.120722977439626,0.6875,0.3934523298226685,17,200,0.085,1.0,1.5383349066840284,3.0,5.0
297d5eccd19fa9a83b2630071ff105e4,8,6.882055844907407,2.3455518911042788,1.0,0.3408213975537474,8,36,0.2222222222222222,1.0,1.529345743312757,3.0,5.0
96493fab2fbb13a14d0c0e8772eef5c3,63,13.393676396122686,5.960245671663962,0.9375,0.4450044554898597,64,483,0.1325051759834368,1.0,1.7747314479334402,3.0,5.0
b4f8921fcc4ff77b66bea6dda43dcd51,18,7.627169560185185,3.199869001119033,0.95,0.4195355794661711,20,95,0.2105263157894736,1.0,1.6057199074074067,3.0,5.0
bc30de0d71bd6260b936a026b5cf7200,3,12.237530864197533,3.518648511954576,1.0,0.2875292860138015,3,16,0.1875,1.0,2.2945370370370375,3.0,5.0
bcc9dd23e2a8bd8267cf92b19304a1b9,3,22.54966049382716,9.471876352976826,0.3333333333333333,0.4200451867366117,3,34,0.088235294117647,1.0,1.9896759259259247,3.0,5.0
4221a7df464f1fe2955934e30ff3a5a1,5,16.569189814814813,7.826781517958299,1.0,0.472369597151952,5,48,0.1041666666666666,1.0,1.725957272376542,3.0,5.0
f680f85bee2d253556ac91be391d2c82,45,10.347424554183814,5.4271062343194805,0.9814814814814816,0.5244886015743037,54,329,0.1641337386018237,1.0,1.6983614769784983,3.0,5.0
abcd2cb37d46c2c8fb1bf071c859fc5b,44,13.683934958242556,6.574865011151449,0.9607843137254902,0.480480580418943,52,440,0.1181818181818181,1.0,1.6171923132468464,3.0,5.0
02b72cdeb9cfcc429f1af6f4e3f3b737,4,12.510251736111112,4.349685345841234,1.0,0.3476896738445137,4,29,0.1379310344827586,1.0,1.7255519636015324,3.0,5.0
c8467937e403e76a8ee9f0ab13f6f5ef,30,16.679165614478112,6.928829649035107,0.8787878787878788,0.4154182414868904,33,327,0.1009174311926605,1.0,1.6832185482500839,3.0,5.0
3be5841cdcc46de4ed3f9116f104b2c5,4,8.005859375,3.5568714075835057,1.0,0.4442835229770078,4,20,0.2,1.0,1.6011718750000001,3.0,5.0
3c3017960b2dbd72711a61f0400aab8f,9,12.523006687242798,4.80232846454216,1.0,0.3834804679481883,10,75,0.1333333333333333,1.0,1.6697342249657061,3.0,5.0
f326006815956455b2859abd58fe7e39,9,15.518171682098766,5.859704612179042,1.0,0.3776027699795716,30,268,0.1119402985074626,1.0,1.7371087703841888,3.0,5.0
c64a2aec32cc408a8a4c6d7c46017f91,9,21.5102109053498,6.240547386937179,1.0,0.2901202324048387,9,83,0.108433734939759,1.0,2.332432507809014,3.0,5.0
b18871c324516afa228a13e8f1ef0ae9,9,7.477408917069242,4.235945699205971,0.9130434782608696,0.5664991370922968,23,111,0.2072072072072072,1.0,1.5493730188521853,3.0,5.0
5275ca25d0358ca73864e0ae41be1320,4,7.039756944444445,3.1134076554290893,0.5,0.4422606746225937,4,16,0.25,1.0,1.7599392361111112,3.0,5.0
fb3cfbc8a86f5d7fbb4d36b8df63f60d,10,7.461125,1.7807694733354635,1.0,0.2386730517630335,15,69,0.217391304347826,1.0,1.6219836956521732,3.0,5.0
a5cba26a62b8b4d0145b68b841e62e7f,53,13.203352194787382,5.504497761158274,0.9814814814814816,0.4169015322738586,55,395,0.1392405063291139,1.0,1.8384414448438122,3.0,5.0
2dcf93836ae3ce0d7c93e2f10876467a,9,6.535892168209877,3.3238914468541,0.8333333333333334,0.5085597132433236,12,46,0.2608695652173913,1.0,1.7050153482286634,3.0,5.0
381c83fdca332ea6afd896da20bf6e4a,46,12.691300322061192,6.957955878796849,0.9565217391304348,0.5482460978960435,46,363,0.1267217630853994,1.0,1.6082639526578915,3.0,5.0
2d42ebcda99fd55f6f4bc2f1ca035d50,10,9.647195917508418,1.8049878754360609,1.0,0.1870997428548372,11,46,0.2391304347826087,1.0,2.3069381541867955,3.0,5.0
21c62b998a043ebe31161d38f84929fc,4,13.303304398148148,2.2781831409328697,1.0,0.1712494183963796,4,24,0.1666666666666666,1.0,2.217217399691357,3.0,5.0
bd0a1b0aadca9a83d9304f7e8ff5fbd5,4,5.896536458333333,2.982940081202347,1.0,0.5058800369133104,4,15,0.2666666666666666,1.0,1.5724097222222218,3.0,5.0
7c51de0ab286204ce75ff42bf7c10d92,4,9.790217013888888,4.16636464750508,1.0,0.4255640749938912,4,22,0.1818181818181818,1.0,1.7800394570707068,3.0,5.0
e5c84227854980f1db19a58958c551d9,4,10.187983217592592,2.0970609224478336,1.0,0.2058367075857204,4,21,0.1904761904761904,1.0,1.9405682319223978,3.0,5.0
939e6227d6964a11a70aa91243e418f2,4,5.3417332175925925,1.015879612283859,1.0,0.1901779012359016,4,11,0.3636363636363636,1.0,1.9424484427609425,3.0,5.0
bfd938b22bc99bce1ae60dc602889f52,4,11.24629050925926,3.922410601299129,1.0,0.3487737221504053,12,84,0.1428571428571428,1.0,1.6066129298941794,3.0,5.0
a4b6b9b992b46e9ef863637af96e04bc,6,18.63688078703704,6.422612080959814,0.875,0.3446184023147848,14,134,0.1044776119402985,1.0,1.9471367986456607,3.0,5.0
31be790e64fc99f8ff48ec2bd18a3104,6,6.493200231481481,2.5845198923231747,0.6666666666666666,0.3980348364728456,6,20,0.3,1.0,1.947960069444444,3.0,5.0
2f4b0d3b9634b647d4edee577d7ebb7e,10,6.510919612794613,2.160799750027298,1.0,0.3318732035611542,11,44,0.25,1.0,1.6277299031986532,3.0,5.0
15ead3a5037a918ddb520dfe39a3d2b9,6,18.74991071428571,8.249215102093734,0.7142857142857143,0.439960233827065,8,93,0.086021505376344,1.0,1.6128955453148983,3.0,5.0
dd4d95ba2d15c071e6c695e2ef6ce169,4,14.406846064814816,3.145193153744331,0.5,0.2183124008956889,4,36,0.1111111111111111,1.0,1.6007606738683129,3.0,5.0
c7bb64409aa480bb7d0335faaaf3d242,4,5.879091435185185,2.191565163906046,1.0,0.3727727639665488,4,10,0.4,1.0,2.351636574074074,3.0,5.0
2493dc3f20131696a0ecdb9948051a8d,4,9.174956597222222,2.6148856917784618,1.0,0.2850025135345202,4,15,0.2666666666666666,1.0,2.446655092592592,3.0,5.0
d9e7e7778b32987280a6f2cb9a39c57d,11,18.99755965099715,8.659272545158966,0.6923076923076923,0.4558097305252812,13,150,0.0866666666666666,1.0,1.6464551697530851,3.0,5.0
f3b80352b986ab4d1057a4b724be19d0,86,10.605887896825395,3.8250172666221687,1.0,0.3606503579739976,92,528,0.1742424242424242,1.0,1.8479956183862427,3.0,5.0
2d22fc3089eb907b29ebff50581fb472,3,9.620108024691358,3.3528488722829657,1.0,0.348525075152733,3,17,0.1764705882352941,1.0,1.6976661220043572,3.0,5.0
044668ccd5316b12a7cf0d54a156e3e9,3,7.197418981481482,2.402042587607123,1.0,0.3337366622378705,4,13,0.3076923076923077,1.0,2.214590455840456,3.0,5.0
e3d3b3efac954a60d61be70b7e05b49b,3,11.115142746913582,5.720726570757028,1.0,0.5146786416526716,3,20,0.15,1.0,1.6672714120370373,3.0,5.0
9616352088dcf83a7c06637f4ebf1c80,91,12.479685113592971,3.731509857802956,1.0,0.2990067316473046,98,542,0.1808118081180811,1.0,2.2564744301330455,3.0,5.0
85cc55e048b6bcc90c75afe7f0e72f72,9,13.153153292181068,13.316713052507552,0.7777777777777778,1.0124350227426997,9,80,0.1125,2.0,1.4797297453703702,3.0,4.0
e8dba4d70f7f2b20e775d09cae01142d,9,8.808996913580247,8.790134010295482,0.8888888888888888,0.9978586775009892,9,85,0.1058823529411764,2.0,0.9327173202614373,3.0,4.0
b839e41795b7f3ad94cc2014a52f6796,33,6.920479038065844,4.554538612304269,0.9722222222222222,0.6581247609092079,36,178,0.2022471910112359,2.0,1.399647445900957,3.0,4.0
1caf283236cd69af44cbc09a0a1e7d32,33,14.053003003003004,13.08492333281241,0.8918918918918919,0.9311122562214124,37,476,0.0777310924369747,2.0,1.0923552754435095,3.0,4.0
2bf6a2c1e71bbd29a4ad64e6d3c3629f,30,13.368179510155317,10.107674286176586,0.9032258064516128,0.7560995331113077,31,285,0.1087719298245614,2.0,1.4540826835607537,3.0,4.0
557f22c76691849db52d2abccf0015d0,12,14.304740918803418,5.203481429801605,1.0,0.3637592221584166,14,128,0.109375,1.0,1.5645810379941238,3.0,5.0
df91910b6a03bb2e3358fa6a35e32f6f,13,9.194750712250713,3.17493761933381,1.0,0.3452989339997714,14,52,0.2692307692307692,1.0,2.4755098071444226,3.0,5.0
198c7ea11960a9844b544d9bcdca860c,25,14.513364814814816,7.597908839142105,0.88,0.5235111868328689,25,209,0.1196172248803827,1.0,1.7360484228247377,3.0,5.0
36890be00bbfc1cdb9a4a38a6af05a69,13,9.416596331908831,3.4158338641517707,0.7692307692307693,0.3627461286172972,13,77,0.1688311688311688,1.0,1.5898149651274647,3.0,5.0
a8739afb32aaa45e01815ca76f76f54b,13,9.54413348765432,2.999321332225644,0.9333333333333332,0.3142581079890986,15,61,0.2459016393442623,1.0,2.3469180707346684,3.0,5.0
2d518637f53161b973e01f56ea4bb88e,13,13.663798967236469,6.677108374362995,1.0,0.488671444184271,13,109,0.1192660550458715,1.0,1.6296273997621469,3.0,5.0
980640c45d7a4635885491d077167e4d,14,7.608943452380953,2.9499574236804635,0.9285714285714286,0.3876960634734875,14,53,0.2641509433962264,1.0,2.009909591194969,3.0,5.0
eed78ac17f7f795a19a709745f00cd4e,22,9.831139839616402,4.529699578358645,1.0,0.4607501929842744,56,351,0.1595441595441595,1.0,1.5685009430727017,3.0,5.0
1c40343cc5d18c2d8248ac2f3366de34,21,7.398569549663299,3.404918189274214,0.9090909090909092,0.460213040699086,22,85,0.2588235294117647,1.0,1.9149238834422655,3.0,5.0
c72de06d72748d1a0dfb2125be43ba63,21,9.705412457912455,3.309992432128747,1.0,0.3410460345175989,22,101,0.2178217821782178,1.0,2.1140502383571684,3.0,5.0
d8cf3b6a2151949f930d0252b180ec42,6,7.284440789473684,2.276588919573283,1.0,0.3125276167887929,19,70,0.2714285714285714,1.0,1.977205357142857,3.0,5.0
7ecd59e5e20407131822c1a68ac59c1f,24,17.43086446360153,6.276665993121607,0.8620689655172413,0.3600891973102253,29,248,0.1169354838709677,1.0,2.038286570340501,3.0,5.0
39a5005f2605cbdb4f9ac14485cabfd1,3,11.021380208333332,1.583699086119037,1.0,0.1436933538434317,8,39,0.2051282051282051,1.0,2.2607959401709397,3.0,5.0
1987cd4be10fe09ee50454f9c354d1c6,14,15.736322337962962,8.098516275036202,0.9375,0.514638433371373,16,146,0.1095890410958904,1.0,1.7245284753932013,3.0,5.0
d50d79cb34e38265a8649c383dcffd48,70,13.15979861111111,9.644610514539838,0.9285714285714286,0.7328843548104664,70,672,0.1041666666666666,2.0,1.3708123553240732,3.0,4.0
6df688df543f90e9b38f4319e75a9d88,39,8.288001683501683,3.3097067337604344,1.0,0.3993371213170509,56,296,0.1891891891891892,1.0,1.5680003185003186,3.0,5.0
e0eabded302882513ced4ea3eb0c7059,8,11.449202835648148,8.57763806649623,1.0,0.7491908554357132,8,63,0.1269841269841269,2.0,1.4538670267489702,3.0,4.0
3968920b9aa752ab98f7d5888c9252f2,8,8.558229166666667,8.973421328942607,0.9,1.0485137934717927,10,96,0.1041666666666666,2.0,0.8914822048611106,3.0,4.0
1782ce2db72c3dda627d5e7c898104e1,9,27.23991550925926,51.10205607535459,0.9,1.875999066810036,10,454,0.0220264317180616,2.0,0.5999981389704662,3.0,4.0
bce6a5ecf98e99fd2a8868b15c51f04b,14,11.243800925925926,4.729309024922525,0.8,0.4206147953062471,15,82,0.1829268292682926,1.0,2.056792852303522,3.0,5.0
ed9eef5be0992d413d251fadba1a410d,3,10.35042824074074,1.9884471609289391,1.0,0.1921125498075656,9,51,0.1764705882352941,1.0,1.8265461601307187,3.0,5.0
1588ac4010787100dddef64568f0ae35,3,19.871010802469137,6.6294704946511445,1.0,0.3336252272495055,3,28,0.1071428571428571,1.0,2.129036871693121,3.0,5.0
c6381d2d013342748761e906d45aff76,15,16.966397156084657,7.320132842084922,1.0,0.4314488677084694,28,268,0.1044776119402985,1.0,1.7726086580983968,3.0,5.0
adcf50477d6a1f5d91bb9d54c4903cb5,16,24.512162485065712,6.521572217632634,0.8387096774193549,0.2660545442127339,38,507,0.0749506903353057,1.0,1.8372034998668576,3.0,5.0
6d2f2e3b539480db1e0842b3a4e32e6e,3,5.595298996913581,1.0277636758296151,1.0,0.1836834236019449,6,14,0.4285714285714285,1.0,2.397985284391534,3.0,5.0
638cba8be1fb599bbb76fd6948351eb3,16,8.502627314814815,5.036952649500509,1.0,0.5923995563964352,26,145,0.1793103448275862,1.0,1.5246090357598978,3.0,5.0
a2b5b6105ea5942300631d2e76f4ffe0,16,8.46931495949074,4.717545967289909,0.875,0.5570162391945777,16,88,0.1818181818181818,1.0,1.5398754471801344,3.0,5.0
6fa9202c10491e472dffd59a3e82b2a3,3,8.464201388888888,2.03554526997546,1.0,0.24048875687759,3,15,0.2,1.0,1.6928402777777778,3.0,5.0
af3ef48d0e13835e529c29ac573c63e5,21,7.9285300925925934,3.5370153409823364,0.9523809523809524,0.4461123688345298,21,99,0.2121212121212121,1.0,1.6818094135802468,3.0,5.0
d8c7ba53e7e38711eaef8c2849d6d2e1,22,8.109704335016835,3.0836484109097406,1.0,0.3802417799123547,22,106,0.2075471698113207,1.0,1.6831461827393426,3.0,5.0
aa762680c40618316a896838866140ea,3,22.5642862654321,8.53731030281592,0.6666666666666666,0.3783549899335773,3,36,0.0833333333333333,1.0,1.8803571887860075,3.0,5.0
5f1dc28029d2c244352a68107ec2b542,62,9.357083481718895,6.171679038532366,0.9230769230769232,0.6595729375066587,78,515,0.1514563106796116,2.0,1.4171893428622788,3.0,4.0
7b8e8ec35bad4b0ef7e3963650b0a87b,5,21.90199074074074,26.27364438222555,0.8,1.1996007437512486,5,116,0.043103448275862,2.0,0.944051325031927,3.0,4.0
0761743cbffb25d7148189e9f1a5f03a,3,14.52374007936508,1.7762824461019402,1.0,0.122301999099091,7,65,0.1076923076923077,0.0,1.5640950854700857,2.0,4.0
af7cdac9d9897cddead9c6b08976c642,6,15.225084876543209,14.4908171044474,0.8333333333333334,0.9517725005771842,6,158,0.0379746835443038,1.0,0.578167780121894,2.0,3.0
0570350b23eda5444f8d1d9544932058,6,4.799916877104376,3.1552369751192804,1.0,0.6573524200324747,11,41,0.2682926829268293,1.0,1.2877825767841011,2.0,3.0
3d4b1ae7539303b5704493798893e82c,6,11.561568930041153,3.927615701957292,1.0,0.3397130377134128,9,85,0.1058823529411764,1.0,1.2241661220043565,2.0,3.0
ca77545ca4d2dfd1431bf61334e2fa3c,6,13.283905092592594,5.740892114880621,1.0,0.4321690101566498,10,113,0.0884955752212389,1.0,1.1755668223533262,2.0,3.0
3f2af2670e104d1bcb54022274daeac5,6,19.10740906084656,15.200582574921247,0.8571428571428571,0.7955334250978652,7,233,0.0300429184549356,1.0,0.5740423323001108,2.0,3.0
3364a91ec4d56c98e44174de954b94f6,6,14.826041666666669,7.234398394783179,1.0,0.4879521154353861,6,123,0.048780487804878,1.0,0.7232215447154465,2.0,3.0
edc518ba25576a0188a0e8f2c3af186f,6,6.722728587962963,4.812279295371167,1.0,0.7158223379696671,8,52,0.1538461538461538,1.0,1.0342659366096862,2.0,3.0
e5475dcab1e07b63d7f6e902d8f5eda8,19,9.57444018031189,7.114182733119154,0.9473684210526316,0.7430390288247022,19,331,0.0574018126888217,1.0,0.5495902218305914,2.0,3.0
a7a9b880c49781da66651ccf4ba9ac38,3,9.169887152777775,5.108041602518316,1.0,0.557045197766798,4,52,0.0769230769230769,1.0,0.7053759348290595,2.0,3.0
89ad3263c0931c47f976d7c5778e60f6,6,6.547744984567902,3.6303225576022817,1.0,0.554438599267142,6,34,0.1764705882352941,1.0,1.1554844090413943,2.0,3.0
9da1ca0bef29ee170e541927a5aeabdc,6,16.803595679012343,14.615110078069034,0.6666666666666666,0.8697608748300982,6,101,0.0594059405940594,1.0,0.9982334066740005,2.0,3.0
14ee35374a7876217954b5fa08e50463,6,17.1668074845679,8.216687154833899,0.8333333333333334,0.4786380439240254,6,106,0.0566037735849056,1.0,0.9717060840321443,2.0,3.0
55029529919c0123526150bd26ca8f20,7,8.695739087301588,3.0262751150910856,1.0,0.3480181597801576,7,62,0.1129032258064516,1.0,0.9817769937275985,2.0,3.0
54aa8463e87776b5612f4bdc4bd5d4de,7,13.480618386243387,6.902543358641452,1.0,0.5120346234031307,7,138,0.0507246376811594,1.0,0.6837994833601716,2.0,3.0
1f867308a0ce13133a4e639ff4de0c02,7,10.371266025641026,6.306333207632854,1.0,0.6080581861502365,13,251,0.0517928286852589,1.0,0.5371572045152716,2.0,3.0
2e7ea2aafec5835e781b21d6d1faf1f1,7,7.159899140211641,2.290216307511368,0.8571428571428571,0.3198671186091136,7,50,0.14,1.0,1.0023858796296299,2.0,3.0
b274baf5bbd142410eb2958cf685d684,7,6.354259259259259,4.279021410004714,1.0,0.6734099499905416,7,66,0.106060606060606,1.0,0.6739365881032543,2.0,3.0
fe26f3ecb51a15e6d8335cd92da42562,7,10.683282076719577,6.999455807040664,0.8571428571428571,0.6551784139720035,7,94,0.0744680851063829,1.0,0.7955635589046486,2.0,3.0
4559697a8f7e637227c2eeaed843baff,39,12.93786354463438,8.932929820776605,0.9230769230769232,0.6904486038176907,42,499,0.0841683366733467,1.0,1.088958454658605,2.0,3.0
d1b65fc7debc3361ea86b5f14c68d2e2,39,9.065716435185184,6.029311249146523,0.95,0.665067266580941,41,436,0.0940366972477064,1.0,0.8525100317490653,2.0,3.0
0cbcee27c791afa0cdcb08587a2013a8,38,13.417264756944444,7.769160533439491,0.9,0.5790420532186611,41,644,0.0636645962732919,1.0,0.8542047438427361,2.0,3.0
bba3293d6f5d5af2f415e004e8b93ae3,17,12.072742374727667,8.059277045218337,0.9411764705882352,0.6675597635620163,17,294,0.0578231292517006,1.0,0.6980837427563608,2.0,3.0
3d700782d7818f2c1e0d7a9e9d75fc00,3,25.728460648148147,20.759552345898072,0.6666666666666666,0.8068711389226576,3,80,0.0375,1.0,0.9648172743055554,2.0,3.0
9261d76c62caaf0b24677c2ceb7f8f20,6,7.656248346560846,2.9077968768462985,1.0,0.3797939598122452,7,47,0.1489361702127659,1.0,1.1402923069345936,2.0,3.0
8daab2245ebdc277c51098d01c5ad8ef,16,10.034896556712964,5.58489647923087,0.9375,0.5565474888223723,16,141,0.1134751773049645,1.0,1.1387116660099812,2.0,3.0
86bb7c4b535e49a541baf3266b1c95b1,16,20.13778139467593,19.56753512796328,0.8125,0.9716827660636236,16,490,0.0326530612244898,1.0,0.6575602088057447,2.0,3.0
ad97a199236354e53fcd91a5a913e9a2,16,15.305991285403053,7.218169628836685,0.8823529411764706,0.471591123648455,18,250,0.072,1.0,1.1020313725490196,2.0,3.0
cfa5ab0e4d3fc212fd0b3410e7081c62,15,14.077226851851853,5.840194297038609,1.0,0.4148682377928955,21,310,0.0677419354838709,1.0,0.9536185931899633,2.0,3.0
f97e2b0650c2068227e1d366140eb62f,16,14.118763227513227,8.382420118165719,0.9523809523809524,0.5937078186728778,21,432,0.0486111111111111,1.0,0.686328768004115,2.0,3.0
2d2c62bef4c8ba0dd74e0e228e808539,16,10.30731987847222,6.686633225924186,0.875,0.6487266626788046,16,277,0.0577617328519855,1.0,0.5953686572402721,2.0,3.0
343e716476e3748b069f980efbaa294e,16,15.760446356682769,8.92547910168836,0.9565217391304348,0.5663214670251877,24,479,0.0501043841336116,1.0,0.7896674583724129,2.0,3.0
db46ca7bce82b11f7e247539271fc390,16,8.149848090277779,4.9428984094334325,1.0,0.6065019071128428,16,107,0.1495327102803738,1.0,1.2186688733125648,2.0,3.0
08d2d642cf72b622b14dde1d2f5eb2f5,16,14.932358796296295,7.849600057921518,0.85,0.5256771662805525,21,298,0.0704697986577181,1.0,1.0522803178598057,2.0,3.0
624f4ece8da4aafb77699233d480f8ef,52,13.516612011316871,7.870598989902201,0.925925925925926,0.5822908124693148,55,685,0.0802919708029197,1.0,1.0852754169670478,2.0,3.0
270297ead4c65a6cd2593960d2af6b21,17,14.4933089668616,10.802241182659424,1.0,0.7453260816669498,20,517,0.0386847195357833,1.0,0.5606695925284941,2.0,3.0
800214c63934acd05d47e84214db8ba8,3,11.791327160493829,4.087318173766322,1.0,0.3466376700547034,4,46,0.0869565217391304,1.0,1.0253327965646803,2.0,3.0
6bb0724edf0b62fb91ac404873a97241,17,14.054401363168724,9.209782983751795,0.8333333333333334,0.6552952876304755,18,406,0.0443349753694581,1.0,0.6231015382685637,2.0,3.0
503c1de08ae81a2d86f17951b204db55,22,13.488269675925926,9.996462381550131,0.9090909090909092,0.7411226659704154,22,394,0.0558375634517766,1.0,0.7531521138841881,2.0,3.0
f4db9b37944bcb8873e6b456ee190bbf,21,13.29969539141414,8.010118648584525,0.9090909090909092,0.6022783539655805,22,495,0.0444444444444444,1.0,0.5910975729517389,2.0,3.0
02ecc2a19303f05e59ce133fd923fff7,21,10.815350597993827,5.634619831067695,1.0,0.5209835575846129,24,430,0.055813953488372,1.0,0.6036474752368638,2.0,3.0
f1ed6bd0a9b11b581f16c851c6a5a527,17,21.10489583333333,8.374927030300212,0.9444444444444444,0.3968238979447009,18,442,0.0407239819004524,1.0,0.8594753959275998,2.0,3.0
51e4e89242cbb846c2deff3dc015650e,16,9.21369357638889,4.838301943326753,1.0,0.5251207784601647,16,139,0.1151079136690647,1.0,1.0605690447641882,2.0,3.0
8f54d64f28a993550aa7943f12572959,15,13.924188368055557,6.590646268751625,0.9375,0.4733235499651586,16,279,0.057347670250896,1.0,0.7985197630426119,2.0,3.0
81336a0f57a33776419727a300249e90,15,17.594097222222224,8.833931109176266,0.7777777777777778,0.5020962995486105,19,278,0.0683453237410072,1.0,1.2024742705835334,2.0,3.0
13d058e4eeac2ce8217660b2f8a05812,22,11.403861531986532,8.653031274011054,0.8636363636363636,0.758780808565615,23,436,0.0527522935779816,1.0,0.6015798514580045,2.0,3.0
2b1a40c1daabc6ca280c4b815c101841,22,13.906648779461278,7.848360929710054,0.9696969696969696,0.5643603325411722,35,616,0.0568181818181818,1.0,0.7901504988330269,2.0,3.0
7f2617c58d5d06806987308b45654351,22,12.284812298711756,6.830487020311471,0.9130434782608696,0.5560106946874352,23,436,0.0527522935779816,1.0,0.6480520249320415,2.0,3.0
42fa4ee7240e9b8eb4576358ec142ba7,22,6.923532723063972,2.934420282594353,1.0,0.4238328032767268,22,156,0.141025641025641,1.0,0.9763956404320984,2.0,3.0
aae3bfea055532c57fb453ed3ec80b30,48,12.442886805555556,7.222413587512688,1.0,0.5804451732445233,50,483,0.10351966873706,1.0,1.2880835202438459,2.0,3.0
41da412d33e8da4f22baf55cb1bde82c,15,9.208183421516756,3.4905331663881376,1.0,0.3790685965520421,21,148,0.1418918918918918,1.0,1.3065665665665658,2.0,3.0
a6bd7d1ccdac48c6b33b28596b7eb122,15,15.621216049382715,8.180511441955417,0.8666666666666667,0.5236795532495484,16,390,0.041025641025641,1.0,0.6408704020259571,2.0,3.0
15cd6eefe58588619aaed41dfa6621b1,16,14.40606802983539,9.283903894895191,0.9444444444444444,0.6444439853864327,18,300,0.06,1.0,0.8643640817901234,2.0,3.0
e7f3bf1ecd8526eb7f3b18059e6716e5,17,8.862104552469136,4.117638518104885,1.0,0.4646343872074539,19,210,0.0904761904761904,1.0,0.8018094595091116,2.0,3.0
4a1f694197d05fe70026b016a7316b41,14,11.072153784219,6.298318301477675,0.9565217391304348,0.5688431017327982,23,177,0.1299435028248587,1.0,1.4387544465369315,2.0,3.0
82cb9f452fe8334df74b22d37824b431,14,9.035012217078188,4.303549221421386,1.0,0.4763191369333976,18,113,0.1592920353982301,1.0,1.43920548590626,2.0,3.0
eaf6d55068dea77334e8477d3878d89e,3,6.129313271604938,4.423254956341808,1.0,0.7216558789437751,3,33,0.0909090909090909,1.0,0.5572102974186307,2.0,3.0
c4fb51fb1c5b7c07bc5e67be6e7e8f6e,15,15.85341652199074,10.063124307439445,0.875,0.6347606078147627,16,385,0.0415584415584415,1.0,0.6588432840307831,2.0,3.0
0725b8c0f3f906e58f70cbe76b7c748c,16,11.780044688786008,7.328635653407292,0.8055555555555556,0.6221229075967576,37,565,0.0654867256637168,1.0,0.7714365548408535,2.0,3.0
a435b009cd956ea60748b5cfbddf2e24,3,30.40936342592593,21.62276129266077,0.3333333333333333,0.7110560319794784,3,79,0.0379746835443038,1.0,1.1547859528832631,2.0,3.0
d7b2377bae6ace1b11fc69a11900ac36,3,19.543175154320988,20.502197597157032,0.6666666666666666,1.0490719872929146,4,91,0.0439560439560439,1.0,0.8590406661239983,2.0,3.0
7f5e4d5efad7e44b91115dd1decb65f3,3,5.439356995884774,3.328992059808344,1.0,0.6120194100749301,9,84,0.1071428571428571,1.0,0.5827882495590827,2.0,3.0
47648caee88ccfe951fbb27fbf7b4cbe,3,13.720875771604938,5.7473617529692165,0.6666666666666666,0.418877180191607,3,49,0.0612244897959183,1.0,0.8400536186696891,2.0,3.0
db1f0f7c7e5e87f40b62226f020bb297,3,9.6054475308642,4.844259037595943,1.0,0.5043241371139016,3,37,0.081081081081081,1.0,0.7788200700700696,2.0,3.0
2646baaf662d4d92ac48f047e35db92d,15,5.476682741769547,2.7107499952846705,0.8888888888888888,0.4949620277636918,18,103,0.174757281553398,1.0,0.9570901878820566,2.0,3.0
7238a95bb63ef7e498389fb863b834a1,15,7.956341820987655,4.0079421407581695,0.9333333333333332,0.5037418239354435,15,112,0.1339285714285714,1.0,1.065581493882275,2.0,3.0
33cbbec1e7e1044aaf11d152172c776f,15,8.12800853587963,3.802765390486389,1.0,0.4678594238305442,16,138,0.1159420289855072,1.0,0.942377801261406,2.0,3.0
e601b04acf48b4576e73ddca9481f0dc,15,7.197291666666667,4.166226736606918,1.0,0.5788603449131098,16,137,0.1167883211678832,1.0,0.8405596107055959,2.0,3.0
be8e909810184b9b19e886129149d8e5,15,15.356016203703703,11.841525111298573,0.8,0.7711326267318294,15,223,0.0672645739910313,1.0,1.0329158881415035,2.0,3.0
093805f8f2aeb63881444571e1f48f30,22,8.16587877229081,3.5828011143100125,0.9629629629629628,0.4387526700087066,27,153,0.1764705882352941,1.0,1.4410374304042606,2.0,3.0
ffeee66ac5d5a62fe688b9d26f83f534,14,18.07488095238095,7.508288154570818,0.8571428571428571,0.4153990377226674,14,227,0.0616740088105726,1.0,1.1147503671071937,2.0,3.0
2e3be8a987a30d7544dbbda6861cc14e,14,14.025557098765432,20.536383856397308,0.9333333333333332,1.4642116325065602,19,527,0.0360531309297912,1.0,0.5056652464450525,2.0,3.0
b1aaae6b66ad3c40f54b389d7ea4bee0,15,8.124083605664488,2.9259976103931,1.0,0.3601634045657725,17,123,0.1382113821138211,1.0,1.1228408235471241,2.0,3.0
02d35243ea2e497335cd0f076b45675d,14,25.812436342592594,11.26209083336043,0.625,0.4363048370903709,16,461,0.0347071583514099,1.0,0.895876315578049,2.0,3.0
921323538c9f1c4e816f2720eac02bea,15,8.079127178649237,7.97512746119025,0.8235294117647058,0.9871273573049044,17,256,0.06640625,1.0,0.5365045392071759,2.0,3.0
e9511df20ccd82658a30c37b7fb343af,22,9.655261188271604,4.274305814988157,1.0,0.4426918890791088,30,259,0.1158301158301158,1.0,1.1183700218075214,2.0,3.0
8fdca8e349553f99bc738833a62c8802,22,10.302422972541509,7.901299017266206,0.9655172413793104,0.7669359953794473,29,308,0.0941558441558441,1.0,0.9700333318302065,2.0,3.0
67bf6941ba2f1fa1d02c375766bc3e53,15,11.918202546296296,13.000407244673903,0.9,1.0908026771800343,22,347,0.063400576368876,1.0,0.7556209107161908,2.0,3.0
3a1a1fec38dd360f15fc912e821e169d,15,14.433526234567902,9.5218452639457,0.7333333333333333,0.6597033260757263,15,190,0.0789473684210526,1.0,1.1394889132553603,2.0,3.0
f3c38ab652836d21de61fb8314b69182,15,8.208585648148148,5.09293359135066,0.9333333333333332,0.6204398430684125,15,118,0.1271186440677966,1.0,1.043464277306968,2.0,3.0
7c4618c82226628831613e95e9c22f44,13,11.065274216524216,9.046448449975236,0.8461538461538461,0.8175530287777066,13,247,0.0526315789473684,1.0,0.5823828535012743,2.0,3.0
5a05a16bb50629ee31afab8a6d4c2674,14,6.9908981481481485,3.833950714147528,0.9333333333333332,0.5484203364002838,15,119,0.1260504201680672,1.0,0.881205648926237,2.0,3.0
7c1fea10b5b006671d608b1d7c446ec4,14,16.23116898148148,8.974845900965837,0.9285714285714286,0.5529389726153088,14,253,0.0553359683794466,1.0,0.8981674535207137,2.0,3.0
c273175f7c6c80fb02f051e2fc6d0d72,14,10.58634011243386,4.908787745317384,0.9285714285714286,0.4636907272185519,14,177,0.0790960451977401,1.0,0.8373376360117176,2.0,3.0
4de6e4ba574aa9dfdc824bc44dc47fdd,14,9.368518518518515,6.5254938483619656,0.9285714285714286,0.6965342316891603,14,178,0.0786516853932584,1.0,0.7368497711194335,2.0,3.0
b9ca8e8baa5d4aa038394a700f63e69f,14,9.672949735449736,7.807472967043108,0.9285714285714286,0.8071449951228455,14,128,0.109375,1.0,1.0579788773148149,2.0,3.0
a3f0b55de503387383c7b1de3ad7f678,24,10.481014512108262,7.213992008821378,0.9615384615384616,0.6882913863431223,26,238,0.1092436974789916,1.0,1.1449847786336755,2.0,3.0
2199e7fe213c16213bf5d6a7eadc9a5d,24,11.14721913580247,6.776978676804068,0.9666666666666668,0.6079524044734951,31,680,0.0455882352941176,1.0,0.5081820488380533,2.0,3.0
b83cedfb587e7911540e3f576d6917ce,24,10.077923148148148,6.635724319455647,0.92,0.6584416473422883,25,326,0.0766871165644171,1.0,0.7728468671892743,2.0,3.0
6a51fc556dab5f766ced6fbc860bc613,24,15.20258064516129,8.297856126482877,0.935483870967742,0.5458189185218324,33,501,0.0658682634730539,1.0,1.0013675874058336,2.0,3.0
10076e5788b8ee532724bcd460baf762,23,9.809331374643874,6.4306647234564975,0.9615384615384616,0.6555660603004109,26,440,0.059090909090909,1.0,0.5796423085016825,2.0,3.0
373ee4a3a775a733770ca3f790b8b9ac,13,10.605772832491583,9.729345617229583,0.9090909090909092,0.917363191810313,22,457,0.0481400437636761,1.0,0.5105623683037519,2.0,3.0
b6e1504972665f739dec4facb9943775,14,11.147410714285714,9.794159457394986,0.9285714285714286,0.878603983330721,14,309,0.0453074433656957,1.0,0.5050606796116495,2.0,3.0
45213867cefbf2cd4c6177e10216a951,14,14.91580357142857,7.11047668516399,0.8571428571428571,0.4767075840811022,14,258,0.0542635658914728,1.0,0.8093846899224796,2.0,3.0
218f991754f360af9c2daa5e0b8e990c,14,13.213410947712418,10.650672556833884,0.8823529411764706,0.8060502014945498,17,245,0.0693877551020408,1.0,0.9168489229024942,2.0,3.0
52454f90d4c30c016768db02f88c1a74,3,12.806629629629631,4.176114483267826,1.0,0.3260900489857142,5,61,0.081967213114754,1.0,1.049723740133575,2.0,3.0
70126eecc6aa1274392a1743866e9678,3,5.5894405864197525,3.623678823439009,1.0,0.6483079598776291,3,31,0.0967741935483871,1.0,0.5409136051373954,2.0,3.0
954e95f20808d7e5d11f0de292d078e0,3,10.917008101851852,6.510470231113668,1.0,0.5963603004022042,4,79,0.050632911392405,1.0,0.5527599038912323,2.0,3.0
c113b8df1fc375bc3d73d29c1b1144d1,3,6.676039351851853,4.780894048687033,1.0,0.7161273019400148,5,49,0.1020408163265306,1.0,0.6812285052910053,2.0,3.0
c1849d4d32d7a6cecd5aa471809d3135,3,5.419305555555556,3.684439961622232,1.0,0.6798730803885301,3,23,0.1304347826086956,1.0,0.7068659420289852,2.0,3.0
7238f877570096ae403c51898fa64566,3,8.923016975308643,8.905737078500563,1.0,0.9980634468301588,3,49,0.0612244897959183,1.0,0.5463071617535897,2.0,3.0
5a425cc503b39b262a847fd6212bf53b,14,6.823572255291006,3.0416993388501967,0.9285714285714286,0.4457634835612182,15,116,0.1293103448275862,1.0,0.88235848128763,2.0,3.0
de0c78824586e9a5f5f04fd84e25df39,14,6.352893518518519,4.85965025791292,1.0,0.7649506864466036,16,118,0.135593220338983,1.0,0.8614092906465785,2.0,3.0
2b3e4a2a3ea8e01938cabda2a3e5cc79,52,8.700260845336077,6.013655498967554,1.0,0.6912040461627397,54,445,0.1213483146067415,1.0,1.055761990220557,2.0,3.0
0d33a55da925bbf1ff02af5f6059fc7f,22,8.80104118441358,6.130427828344524,0.9583333333333334,0.6965571118109702,24,266,0.0902255639097744,1.0,0.794078903856864,2.0,3.0
916c9de0b5ad957346eeeb12f332687e,22,8.174615483539094,5.462940253938587,1.0,0.6682810053805097,28,398,0.0703517587939698,1.0,0.5750985767313932,2.0,3.0
2156f2671501a81034d7d07f217609d0,21,15.281910824514991,7.932039441454353,0.8571428571428571,0.5190476199304804,22,333,0.066066066066066,1.0,1.0096157301481365,2.0,3.0
87d30a6a0cbf89356e49324971ab1d24,17,11.212977260348582,8.724937767592351,0.9411764705882352,0.7781107162720774,17,182,0.0934065934065934,1.0,1.0473660078347575,2.0,3.0
17eea220a40cc0d2c0c5346379682398,3,25.36458333333333,3.221984378964279,0.3333333333333333,0.1270268995402755,4,43,0.0930232558139534,0.0,2.359496124031005,2.0,4.0
7f40d06aa0b5f1aa4f41af8c0480e2ef,6,4.130244984567901,2.690575363332786,0.8333333333333334,0.6514323904237533,6,19,0.3157894736842105,1.0,1.3042878898635477,2.0,3.0
20d83f3ef0e6925fd74bfd59170babf7,40,8.516469478737998,6.4323233373396125,0.9629629629629628,0.7552805013155262,54,519,0.1040462427745664,1.0,0.8861066509669586,2.0,3.0
34d1ca11b242c0fee2c834ae8d788566,40,13.131423893405602,7.693893526667479,1.0,0.5859146417877221,41,525,0.078095238095238,1.0,1.0255016754850075,2.0,3.0
768a86e36ad6aae3d03ee3c6433d61df,17,5.081859340958606,3.087914075563706,0.8235294117647058,0.6076346998973065,17,66,0.2575757575757575,1.0,1.3089637696408527,2.0,3.0
ffa6adafb71b807dc13159e26431354c,17,9.852557189542482,5.220490642231277,1.0,0.5298614909611804,18,151,0.119205298013245,1.0,1.1744770159719513,2.0,3.0
ec4608a1f76453166bb312b2968aeaf4,17,14.11892480842912,11.580977732644266,0.7931034482758621,0.8202450179301417,35,539,0.0649350649350649,1.0,0.9168132992486437,2.0,3.0
d624126b9206f595fb3fbb6ba03b28a8,23,10.129005042989418,8.716609251174845,0.9642857142857144,0.8605592764718649,28,460,0.0608695652173913,1.0,0.6165481330515297,2.0,3.0
681fce914360217db47784ae28905a96,23,12.736270736882716,8.090703659426378,0.875,0.6352490321987793,24,284,0.0845070422535211,1.0,1.076304569314032,2.0,3.0
244c2f1bff6afe1f2eaf9bfe9b2aed38,23,15.374535322359396,9.766079496717577,0.8518518518518519,0.6352113603404086,27,365,0.073972602739726,1.0,1.1372943937087767,2.0,3.0
c26a2be5b53b7db6b276280da212a779,13,13.558947402263374,6.533251187431596,1.0,0.4818405878867123,18,361,0.0498614958448753,1.0,0.676069399558838,2.0,3.0
9d681c7e12db302cb261e721040dde65,13,9.021041666666669,5.097214983568942,1.0,0.5650361867192656,14,88,0.1590909090909091,1.0,1.43516571969697,2.0,3.0
0ec28cec4046a4a199b6de9b4c891d97,3,8.863423032407407,5.887346847908069,1.0,0.6642294773003741,4,26,0.1538461538461538,1.0,1.363603543447293,2.0,3.0
2305ab43e846518f58dd9d59f3f54e96,3,11.829328703703704,10.43376866101374,1.0,0.8820254236190915,3,56,0.0535714285714285,1.0,0.6337140376984118,2.0,3.0
a2deecd5398f5df4987110c80a1972a3,13,8.307628205128205,4.947123719828988,1.0,0.5954917092672953,16,143,0.1118881118881118,1.0,0.9295248341402181,2.0,3.0
8ff1a9df749e454105c55cda13e79143,13,12.379569279100528,5.322111504744047,1.0,0.4299108785415464,14,229,0.0611353711790393,1.0,0.7568295629144427,2.0,3.0
c3e1abd72a42fe690fcd89cf5720fe29,13,4.309395477207977,2.296195839561572,1.0,0.532834791261548,13,84,0.1547619047619047,1.0,0.6669302524250439,2.0,3.0
9d5604a1f112324ad6b2aa552122e0fb,13,12.085738017429192,5.715604148931269,1.0,0.4729214004712522,17,279,0.060931899641577,1.0,0.7364069759723872,2.0,3.0
caa9bc43a9fe8cf9c564ddd8a03cc4a6,13,9.10769427910053,7.217893263312424,0.9285714285714286,0.7925050009501702,14,134,0.1044776119402985,1.0,0.9515501485627419,2.0,3.0
5abb8ea023c77787f2c15da891c8d384,13,19.6782719017094,10.951126591611384,0.7692307692307693,0.5565085514780436,13,289,0.0449826989619377,1.0,0.8851817810457512,2.0,3.0
02dcd3e8e25bee036e32512bcf175493,13,17.230233796296297,11.71168027353056,0.6666666666666666,0.6797168519006417,17,299,0.0568561872909698,1.0,0.9796453997894198,2.0,3.0
8f78f0903005064036736c7173a5c2ed,13,18.313836529982364,7.053016564397455,0.9523809523809524,0.3851195544336469,21,474,0.0443037974683544,1.0,0.811372504492889,2.0,3.0
7ff588a03c2aeae4fbd23f9ae64b760d,14,5.047222945601852,3.026683865341661,1.0,0.5996731069664978,16,82,0.1951219512195122,1.0,0.9848239893857271,2.0,3.0
d2e753bb80b7d4faa77483ed00edc8ca,14,12.741619598765432,8.481579014615226,0.9333333333333332,0.6656594123589302,15,225,0.0666666666666666,1.0,0.8494413065843612,2.0,3.0
df0f42bc4c2142eacf0eaf2cffd0cfbb,14,14.285758101851853,5.289612345138535,1.0,0.3702717284883079,16,239,0.0669456066945606,1.0,0.9563687432202066,2.0,3.0
88cf19ec1fc2c58f161aee259d57142c,14,6.444143518518518,3.4334334747276225,1.0,0.5327990391370045,14,93,0.1505376344086021,1.0,0.9700861210673035,2.0,3.0
128f9bfbe4c7d5185033914b1de3d39a,13,12.83365200617284,6.5322841867403465,0.9333333333333332,0.5089965181850337,16,278,0.0575539568345323,1.0,0.7386274535926806,2.0,3.0
13074f016982ff2bd6c58ced8682f000,13,14.536311177248676,11.838861011115986,0.7142857142857143,0.8144336528544758,15,269,0.0557620817843866,1.0,0.8105749727090338,2.0,3.0
45d33f715e24d15a6ccf5c17b3a23e3c,56,11.526838681353768,8.271495848406179,0.9310344827586208,0.7175858079619394,61,684,0.0891812865497076,1.0,1.027978303454064,2.0,3.0
977f9f63dd360c2a32ece2f93ad6d306,23,12.524404417438271,7.014289408453166,0.875,0.5600497376695108,25,329,0.0759878419452887,1.0,0.9517024633311749,2.0,3.0
4b5f66b7adcf57f1ecc0d3c07dd6b177,23,13.595445906432747,8.844413142549032,0.9736842105263158,0.650542336266018,38,492,0.0772357723577235,1.0,1.0500547651309835,2.0,3.0
013900e863eace745d3ec7614cab5b1a,23,11.491611467236469,6.214719914160038,1.0,0.5408049107715411,26,406,0.064039408866995,1.0,0.7359160052910045,2.0,3.0
7e26c750b4cb9f6766f58265ff9ebe95,23,9.451914437585732,4.51618111962084,1.0,0.4778059671871502,27,253,0.1067193675889328,1.0,1.0087023312838528,2.0,3.0
25cf099de44674fde97473224f9d59ab,50,9.392387962962964,7.445275179796496,0.96,0.7926924664052928,50,446,0.1121076233183856,1.0,1.052958291811991,2.0,3.0
3481aa57cd91f9f9d3fa1fa12d9a3bf7,25,10.194835185185186,4.830910747844046,1.0,0.4738586411739322,25,323,0.0773993808049535,1.0,0.7890739307418868,2.0,3.0
272f092de69afedd4d2969440b37f18f,25,9.34806564577398,5.154774688514395,1.0,0.5514268816506157,40,280,0.1428571428571428,1.0,1.3354379493962822,2.0,3.0
ed4311e67debd72b8610a5347a743087,25,8.01346688034188,4.39035771485081,0.9230769230769232,0.547872447769261,26,258,0.1007751937984496,1.0,0.8075586778639103,2.0,3.0
b2a6d334e2833acea353624840e25a0e,25,10.69655137108262,7.59183718932678,1.0,0.709746246799766,26,305,0.0852459016393442,1.0,0.9118371660595014,2.0,3.0
2709af9587499e95e803a6498a5a56e9,25,12.697238828502414,6.830504719327957,0.5,0.5379519761410667,47,558,0.0842293906810035,1.0,1.069480689855937,2.0,3.0
edf96ef93ed595084bbcbd9224bd2894,25,13.671427331349207,8.156595013537688,0.8928571428571429,0.5966161993074595,28,556,0.0503597122302158,1.0,0.6884891461830532,2.0,3.0
596849622429351f47b32e6cae1055ff,13,5.483386752136752,3.0193511738836283,1.0,0.5506361871533236,14,79,0.1772151898734177,1.0,0.9717394244292977,2.0,3.0
562f8cfc51f265411f487d07e9c40e7f,13,14.032670049857549,6.449705069574101,0.8461538461538461,0.4596206599783606,13,202,0.0643564356435643,1.0,0.9030926269710297,2.0,3.0
ec80e49e69745ab6c14f984bf2149423,12,12.847035108024691,11.115936480798894,0.8333333333333334,0.8652530632422344,12,200,0.06,1.0,0.7708221064814814,2.0,3.0
bd15ee794d5e640d9dd71b665b2ab15b,12,14.46503375771605,10.92821230130469,0.8333333333333334,0.7554916555569929,12,147,0.0816326530612244,1.0,1.1808190822625333,2.0,3.0
2f74af7a0ee5636f12c2336f9fffed47,13,9.696574964387464,6.437475253527146,1.0,0.6638916604233981,13,170,0.0764705882352941,1.0,0.7415027913943353,2.0,3.0
c3acdfac4e3e97ff87529454fbc03642,12,11.161102430555555,6.053320028640483,0.9166666666666666,0.5423586125388845,12,146,0.0821917808219178,1.0,0.9173508847031963,2.0,3.0
5b51032eddd242adc84c38acab88f23d,12,11.863262235449737,5.16689397370278,1.0,0.4355373649469785,14,230,0.0608695652173913,1.0,0.7221116143317231,2.0,3.0
e1dc0754bada9ee4cfe9713f22f61292,12,8.281831597222222,3.1263973984079154,1.0,0.3775007209101581,12,69,0.1739130434782608,1.0,1.4403185386473425,2.0,3.0
5b85809efd0d0e4dea1a9544e1280ed9,12,7.376674107142857,4.062944104123139,1.0,0.5507826488076758,14,97,0.1443298969072164,1.0,1.064674613402061,2.0,3.0
11fb6f6d341adbe19e81733701704635,3,5.362199074074074,2.6121099009918014,1.0,0.4871340778116954,3,19,0.1578947368421052,1.0,0.8466630116959062,2.0,3.0
1d503743d2526f03f0c2c89540ee008c,12,8.949377723311546,7.440691453286841,0.9411764705882352,0.8314199806211281,17,172,0.0988372093023255,1.0,0.8845315191645124,2.0,3.0
40db9e9aa57f7bb151bcda6b0f9bdbb7,12,14.77563175154321,5.041570378558407,0.9166666666666666,0.3412084480267214,12,190,0.0631578947368421,1.0,0.9331977948343079,2.0,3.0
6b333a05bf188ef3e1f1662a86bd9855,12,10.187579237891738,7.302038426290572,0.9230769230769232,0.7167589331851605,13,196,0.0663265306122449,1.0,0.6757067861866969,2.0,3.0
ccb83a794700270fde70898fe9ff368b,12,16.59214988425926,12.52669043352811,0.8333333333333334,0.754976933122573,12,167,0.0718562874251497,1.0,1.1922502910844976,2.0,3.0
4324dd16853115efb0fd9d0d131ba6f4,12,12.7675379372428,7.834377895078314,0.9444444444444444,0.6136169662144101,18,280,0.0642857142857142,1.0,0.8207702959656074,2.0,3.0
1dcfa3835714681d4ba4a93bc1e0fd41,12,15.82355076058201,6.100684603225747,1.0,0.3855446034541842,15,250,0.06,1.0,0.9494130456349206,2.0,3.0
968268a686aa05d1f529fb07dff08130,12,9.403155864197531,7.060255897013234,1.0,0.7508389735296341,12,197,0.0609137055837563,1.0,0.5727810678698999,2.0,3.0
97512d3fc193b2d1dfcdba0f9d1f0f8a,12,7.993189102564102,5.333245869008285,0.9230769230769232,0.6672237827198977,13,152,0.0855263157894736,1.0,0.6836280153508765,2.0,3.0
f52c2422904463fdd7741f99045fecb6,12,5.532022792022792,3.090142208216863,0.9230769230769232,0.5585917347760869,13,68,0.1911764705882352,1.0,1.057592592592592,2.0,3.0
0747d5bb69f0586cc869d8af4c50f93e,12,14.296866096866095,10.59611047220851,0.9230769230769232,0.7411491721623664,15,263,0.0570342205323193,1.0,0.8154106138896999,2.0,3.0
da6a60cc8cc724fe51be021ff8be779c,12,7.705616096866096,3.1608652769157866,1.0,0.4102027971781935,13,89,0.146067415730337,1.0,1.1255394298793167,2.0,3.0
257e61d3251fb5efb9daadddbc2cf7ca,12,8.095081018518519,3.8675505738681903,1.0,0.4777655177286899,12,132,0.0909090909090909,1.0,0.7359164562289562,2.0,3.0
c510bc1718f0f2961eaa42a23330681a,12,6.957580054012346,5.127054723070213,1.0,0.736902009501638,13,119,0.1092436974789916,1.0,0.7600717706063908,2.0,3.0
05ff92fedb5be47920fea08e501238b9,57,12.24626774691358,7.811781755142646,0.95,0.6378908183770067,62,673,0.0921248142644873,1.0,1.128185141617595,2.0,3.0
79a679c36c08d606b3fd47ead9de109b,3,10.025785383597883,2.975904240373793,0.8571428571428571,0.2968250492617119,7,63,0.1111111111111111,1.0,1.113976153733098,2.0,3.0
d101c6da914ae3d53f7bee42283f2fe2,13,13.837443576388887,7.793886368469417,0.9375,0.5632461173513498,16,238,0.0672268907563025,1.0,0.9302483076563955,2.0,3.0
42ef3192a9ff87a22d1867b74b3ee205,23,9.308129528985509,6.485922602708139,1.0,0.6968019280899542,23,213,0.107981220657277,1.0,1.0051031885759,2.0,3.0
778323240ce2830d68aab11794e00bfb,3,10.546203703703704,7.412048361954429,1.0,0.7028167263023191,3,36,0.0833333333333333,1.0,0.878850308641975,2.0,3.0
a1474fd46fd3430168f7ec202da39408,12,15.817856316137568,11.634596700625508,0.8571428571428571,0.735535616716644,14,244,0.0573770491803278,1.0,0.907581919778384,2.0,3.0
6d22a1fcebb6dd08c9cd90b92a93e8d0,12,15.908391203703705,7.0917672728879735,1.0,0.4457878349909391,13,153,0.0849673202614379,1.0,1.3516933702493341,2.0,3.0
e64d65bc8dbec2accda90c58de5d1246,12,13.493086419753086,8.349197954510876,0.6666666666666666,0.618775993481235,12,117,0.1025641025641025,1.0,1.383906299461854,2.0,3.0
e2c92f9c1c7746d899d18f2e158bbff7,12,9.1515625,3.672324029906063,1.0,0.4012783642034968,14,112,0.125,1.0,1.1439453125,2.0,3.0
e256a62e0ac58c0edfba09966142d561,12,8.297404927248676,4.5796694732827605,1.0,0.5519399756233575,14,107,0.1308411214953271,1.0,1.0856417661820696,2.0,3.0
c37b2059d4f90d4feead554e5246565e,12,20.02284071180556,9.860654366845784,0.5625,0.4924702997328395,16,242,0.0661157024793388,1.0,1.3238241792929288,2.0,3.0
0afccdb8a34ee5c79f7c06faf2b4d56e,24,13.473533468364195,7.400699022827827,0.9166666666666666,0.5492767758513117,25,368,0.0679347826086956,1.0,0.9153215671443061,2.0,3.0
df560393f3a51e74553ab94004ba5c87,26,18.07669495884774,12.06590833603897,0.925925925925926,0.6674842034734476,29,523,0.0554493307839388,1.0,1.0023406382535072,2.0,3.0
8090490573c6c0aa343a7231ebcb8c86,26,10.091355056980056,11.863479882395785,0.9230769230769232,1.1756082127137102,26,350,0.0742857142857142,1.0,0.7496435185185176,2.0,3.0
e883aa812c37a7413226856f4579fe91,26,9.995614224137933,5.98654246700225,0.9655172413793104,0.5989169182365637,29,195,0.1487179487179487,1.0,1.4865272435897436,2.0,3.0
bd1d49a326abfa9b1036772e40445430,12,11.991891915954415,7.874725094152345,0.9230769230769232,0.6566707863398558,13,221,0.0588235294117647,1.0,0.7054054068208478,2.0,3.0
26d6bbee02420494d471c9f6436929c0,12,7.9719079415954415,5.031390990526097,1.0,0.6311401269793325,13,143,0.0909090909090909,1.0,0.7247189037814037,2.0,3.0
0a85ebe4e328db81ac9109781205e2f7,12,5.248940007716049,2.897895097697954,0.9166666666666666,0.5520914876980855,12,106,0.1132075471698113,1.0,0.5942196235150243,2.0,3.0
ccf8813e5a7d6c84d865cd38bfc2b130,26,11.43051549145299,7.484505490227656,0.9230769230769232,0.6547828482297313,26,359,0.0724233983286908,1.0,0.8278367765397707,2.0,3.0
4ba52dfeba874da5b9ee7b17c7494f04,11,10.621666666666668,5.404800238841856,0.9090909090909092,0.5088467194892693,11,85,0.1294117647058823,1.0,1.37456862745098,2.0,3.0
723cd880edaacdb998898b67c8f9da30,11,9.650000964506171,5.302305996615452,0.9166666666666666,0.5494617063892481,12,147,0.0816326530612244,1.0,0.7877551807760131,2.0,3.0
1099a00e0ee3a50935e6c2447ca090c5,3,15.039498456790126,9.823652483391047,0.6666666666666666,0.6531901653246823,3,55,0.0545454545454545,1.0,0.820336279461279,2.0,3.0
9c54608f0996c32ae4743089d915f845,3,12.21988811728395,5.209239061811955,1.0,0.4262918786010771,3,27,0.1111111111111111,1.0,1.3577653463648833,2.0,3.0
2dd1fb6f0e42a2243b8a01e40cd41216,3,15.735182291666666,7.948490693085667,1.0,0.5051413161762466,5,62,0.0806451612903225,1.0,1.2689663138440845,2.0,3.0
5e49e3a44bdeb5aab2684258bbd4f525,3,16.658904320987656,13.226220745039347,0.6666666666666666,0.7939430163108834,3,92,0.0326086956521739,1.0,0.5432251409017711,2.0,3.0
60da8bfa7eebe230b7d66ac4082d79b3,3,7.781188271604939,2.773688034273678,0.6666666666666666,0.356460727777967,3,17,0.1764705882352941,1.0,1.373150871459695,2.0,3.0
70849ca4f400aaabb62cb7462a6f1428,12,10.915981867283952,9.962416962540894,0.8333333333333334,0.9126450633267388,12,248,0.0483870967741935,1.0,0.52819267099761,2.0,3.0
3f8034bfc6b8b4135534975d49f04c63,11,10.538574735449735,3.161260534610641,1.0,0.2999704052936844,16,127,0.1259842519685039,1.0,1.3276944548598089,2.0,3.0
89f69225956f951295ca4c7fb1266553,11,9.75869212962963,3.615864326782925,0.9166666666666666,0.3705275541795534,12,94,0.1276595744680851,1.0,1.2457904846335697,2.0,3.0
1cbd32d00d01bb8087a5eb088612fd9c,11,12.195066550925924,6.460877761471855,0.9166666666666666,0.5297943832033706,12,102,0.1176470588235294,1.0,1.434713711873638,2.0,3.0
165b1235e9e9942cb5fae67103576fb0,11,7.159731626157408,2.5271394619977503,0.9375,0.3529656688199155,16,92,0.1739130434782608,1.0,1.2451707175925923,2.0,3.0
41ab63a91b8b264e8c8780368bf1dd5b,12,17.693314636752138,8.690999015240848,1.0,0.4912024227042291,13,281,0.0462633451957295,1.0,0.8185519226967175,2.0,3.0
985c92cc412091f8529c12d7f23d3fef,12,7.550009645061729,4.308015980474989,0.9166666666666666,0.5705974141758553,12,109,0.110091743119266,1.0,0.8311937223921165,2.0,3.0
b45d7ebfb7378630f1bcd74b6ff86ff7,3,29.70025077160494,11.611765444467718,1.0,0.3909652323733643,5,177,0.0282485875706214,1.0,0.8389901347910979,2.0,3.0
d6ab728cf30867cf3f1a2e216ae2f9b7,12,11.288458167989418,9.188042494568466,1.0,0.8139324571909136,14,163,0.0858895705521472,1.0,0.9695608242444895,2.0,3.0
d1c7fa84e48cfa21a0e595167c1c500e,12,11.879826388888889,5.277931895004971,1.0,0.4442768540743474,12,122,0.0983606557377049,1.0,1.168507513661202,2.0,3.0
0249d282d911d23cb8b869ab49c99f53,11,10.258965698653196,7.684215785302337,0.8181818181818182,0.749024415425341,11,186,0.0591397849462365,1.0,0.6067130251891669,2.0,3.0
bc07d855eac23aab5ac8a120f21d16b2,11,12.699539930555554,9.081427391083468,0.8333333333333334,0.7150989280511827,13,158,0.0822784810126582,1.0,1.0448988550457097,2.0,3.0
4be6b962d83299498bae2190f95d6566,11,7.358610146604938,6.755872398805471,0.9166666666666666,0.918090816636406,12,159,0.0754716981132075,1.0,0.5553668035173535,2.0,3.0
916748bc99315c2d202898ae58b1617e,25,10.402569444444444,5.114450419306534,1.0,0.4916526101191218,32,287,0.1114982578397212,1.0,1.1598683701122718,2.0,3.0
3b872fd4747f01cc56206f2934198618,25,14.41877357681756,8.757431160158132,0.8518518518518519,0.6073631098721386,27,268,0.1007462686567164,1.0,1.4526376364704257,2.0,3.0
a938325a4b357fd23a6a4d5bb126408e,24,13.119169907407407,6.41393121670423,0.96,0.4888976407785347,25,334,0.0748502994011976,1.0,0.9819737954646262,2.0,3.0
2e13c71026e1a39ba5cc1b86dcb679aa,24,10.368659060846564,6.835822784557397,0.9285714285714286,0.6592774190416169,28,240,0.1166666666666666,1.0,1.2096768904320985,2.0,3.0
cc3d14116804f7209f3884f6367f1152,27,13.041336805555554,7.585185207972123,0.9666666666666668,0.5816263563364813,30,476,0.0630252100840336,1.0,0.8219329919467784,2.0,3.0
1f1bb1f0859883505541bdd6606193e5,27,14.172133620689657,8.128420763698742,0.896551724137931,0.5735495431564517,29,481,0.0602910602910602,1.0,0.8544529625779613,2.0,3.0
38e679b9e0064cd94c6f035707344dae,27,11.186011078042329,6.565820273356,0.9642857142857144,0.586967081254231,30,482,0.0622406639004149,1.0,0.6962247558947503,2.0,3.0
73a63f72308aa20a46f4b1632018f196,27,11.388569113756612,5.018417866575917,1.0,0.4406539413730221,41,502,0.0816733067729083,1.0,0.930142098932312,2.0,3.0
f61c63d13f7cd800549d5acdd390ae72,26,11.74718482905983,6.928166328477575,0.9230769230769232,0.5897724798999405,26,341,0.0762463343108504,1.0,0.8956797816878458,2.0,3.0
e5e33c0d8e7e002f398f5dc4cbbb338f,26,11.95087791495199,9.31963341704744,0.8888888888888888,0.7798283509688819,29,523,0.0554493307839388,1.0,0.6626681826646417,2.0,3.0
b8555308bfdb4ca1ed54325a58da9a97,26,10.288528852513227,5.802480720726224,0.9285714285714286,0.5639757446283318,28,256,0.109375,1.0,1.1253078432436343,2.0,3.0
d4ffeb15b67e81ff9af2b4252d99fb7e,11,8.978477044753086,3.60326571351218,1.0,0.4013225957533504,12,93,0.1290322580645161,1.0,1.158513167064914,2.0,3.0
17908cf9b444ee34047cadd5c0f4a516,11,18.88040298821549,13.21003470911922,0.9090909090909092,0.6996691075590112,11,325,0.0338461538461538,1.0,0.6390290242165233,2.0,3.0
d4e4b5192cba4e0e66eb12a9d347239d,11,13.376001683501682,7.57824199220174,1.0,0.5665551015554181,12,238,0.0504201680672268,1.0,0.6744202529496635,2.0,3.0
4677a5437afda5fa7140b927b07be1cc,11,12.51057133838384,4.594201430962223,0.9090909090909092,0.3672255492334468,11,119,0.0924369747899159,1.0,1.1564393674136315,2.0,3.0
082e0bf4cb865a6533b1e8e498cc0255,11,13.150716082930758,10.67065743923908,0.8695652173913043,0.8114126540294851,23,293,0.0784982935153583,1.0,1.0323087710150416,2.0,3.0
a23266650e7c84bb93fbbba502137478,11,10.540355902777778,4.880362799623274,1.0,0.4630168890537288,16,148,0.1081081081081081,1.0,1.1394979354354353,2.0,3.0
cb6c9f5888a7a090c75beaf615925792,11,10.160455597643098,4.668848292081407,0.9090909090909092,0.4595117066565825,11,112,0.0982142857142857,1.0,0.9979018890542327,2.0,3.0
512d298ac2a96d1931b6bd30aa21f61d,11,10.060541087962962,7.482774768324966,1.0,0.7437745845775442,12,213,0.056338028169014,1.0,0.5667910472091802,2.0,3.0
04aa0a1c5ce6b222003403a3e11c3cc0,11,16.365153867102396,8.449667030616277,0.8823529411764706,0.5163206590805107,17,309,0.0550161812297734,1.0,0.9003482710056324,2.0,3.0
238fac594e170b59c6d228f5a4f4f1d9,29,12.48156674382716,8.657012003846951,0.8666666666666667,0.6935837608790846,30,316,0.0949367088607595,1.0,1.184958868084857,2.0,3.0
d4e12e7884759a14fa0f5f896c791cae,29,8.332578125,6.1262969775269065,0.9375,0.7352222668211595,32,320,0.1,1.0,0.8332578125,2.0,3.0
4ebdc7e6cd6102a022dadc49156d4ea8,29,10.175631148726852,5.212551827575163,0.96875,0.512258330848337,32,513,0.0623781676413255,1.0,0.6347372256515771,2.0,3.0
0bb738e4d789e63e2267697c42d35a2d,28,11.943653815453384,7.543676032888,0.9655172413793104,0.631605382192806,31,505,0.0613861386138613,1.0,0.7331747886713949,2.0,3.0
c0563dd588b775f2e37747ef6ad6c92c,28,10.860574156746033,7.12181309477864,0.8928571428571429,0.6557492257768837,28,539,0.0519480519480519,1.0,0.5641856704803129,2.0,3.0
47efca563408aae19bb7206c2d969ea9,11,13.789200336700338,7.017546623138244,1.0,0.5089161410223949,12,231,0.0519480519480519,1.0,0.716322095413004,2.0,3.0
0887a9f087bcd5d9f6642b52f897fc6c,12,14.240796682098766,9.61973428720958,0.9166666666666666,0.6755053458000674,12,185,0.0648648648648648,1.0,0.9237273523523515,2.0,3.0
91f0eec23d4a61d7d7caeefa3f0ad1ca,11,26.14455913299664,23.97678808419053,0.7272727272727273,0.917085193987066,11,535,0.0205607476635514,1.0,0.537551683108342,2.0,3.0
c9a06ece156bb057372c68718ec8909b,11,11.487320075757577,6.7477911850600805,1.0,0.5874121327306248,14,147,0.0952380952380952,1.0,1.094030483405483,2.0,3.0
269cff2d3c8d205c11f37a52402ea93b,4,7.116787037037037,3.766998013128282,1.0,0.5293116111981641,5,44,0.1136363636363636,1.0,0.8087257996632994,2.0,3.0
5debea795b07621e1f90532e18f96145,25,10.30880927328844,7.08625117657569,1.0,0.6873976410580369,33,299,0.1103678929765886,1.0,1.1377615585903627,2.0,3.0
57c764b4a836300be881e2ff86e449f9,28,15.50414671136654,8.244505024794293,0.8620689655172413,0.531761288014,30,567,0.0529100529100529,1.0,0.8203252228236263,2.0,3.0
5b67882648febfb6e1225e6ad7164f6b,27,12.248475694444444,7.626978219644289,0.9666666666666668,0.622687949905772,30,398,0.0753768844221105,1.0,0.9232519367671685,2.0,3.0
95ec4458365c4d11f452ccf538377619,27,5.755570116487455,4.426599836870454,0.967741935483871,0.7690984120217698,31,217,0.1428571428571428,1.0,0.8222243023553504,2.0,3.0
17306570e772e7718c92a562d33f5f1d,27,13.95946875,6.696124562009174,0.9333333333333332,0.479683337663489,32,415,0.0771084337349397,1.0,1.0763927710843364,2.0,3.0
0885aaf116795758dfeb5f1032487bcd,27,5.738515325670498,4.423102609217891,0.9655172413793104,0.7707747314765755,30,249,0.1204819277108433,1.0,0.6913873886349994,2.0,3.0
e21a1e8be4715b0fcfd5385643bc49c4,20,16.574562701288244,4.046329195522215,1.0,0.2441288659282527,24,304,0.0789473684210526,1.0,1.3085181079964399,2.0,3.0
5b2e94f2c22b39ccc24d34ad0f669672,10,9.983612268518518,5.599525491383723,0.9,0.5608716906044914,10,98,0.1020408163265306,1.0,1.0187359457671956,2.0,3.0
5a6a02f419701fc8c605af71d4fc57a4,10,5.259986321548822,3.4126135558791666,0.9090909090909092,0.6487875342752432,11,103,0.1067961165048543,1.0,0.561746112010068,2.0,3.0
b6d44737c043328708f6749c2dbe50bd,61,7.913105954055322,5.508536501935088,0.9493670886075948,0.696128237624831,80,511,0.1565557729941291,1.0,1.2388424194215764,2.0,3.0
aced59e9b31ef866a94f9e7f29d8d418,61,9.67080379353234,6.835611604222294,0.9253731343283582,0.7068297268934179,67,560,0.1196428571428571,1.0,1.1570425967261904,2.0,3.0
72c38a04bd6a1c3dbc5298425a0db86d,4,8.146655092592592,3.5356451319938524,1.0,0.4339996098777601,5,54,0.0925925925925925,1.0,0.7543199159807948,2.0,3.0
c4fabeea6e569d42d02993bb1f4f1cbc,11,21.726757154882154,9.761194599161572,0.9090909090909092,0.4492706633381855,11,208,0.0528846153846153,1.0,1.1490111956908813,2.0,3.0
788e857f317e53de488d393e65a80f45,11,7.407333754208754,4.593545049333295,1.0,0.6201347477725438,11,87,0.1264367816091954,1.0,0.9365594401873135,2.0,3.0
f0e103c63864d5405b958d984b6e94c9,11,8.819280303030304,6.053767569175314,1.0,0.6864242161682104,11,145,0.0758620689655172,1.0,0.6690488505747123,2.0,3.0
120476eb7a04c149d14772edaf5d9bf2,4,6.561263503086419,2.811605916818882,1.0,0.4285159276862302,6,28,0.2142857142857142,1.0,1.4059850363756605,2.0,3.0
ade45994b717ccee333492330fbf037b,10,8.410002314814815,3.870877237879065,1.0,0.4602706507060338,10,68,0.1470588235294117,1.0,1.2367650462962956,2.0,3.0
9dc79dd988ac42f4d56c340d7048420a,4,6.52150462962963,3.7677886926074975,1.0,0.5777483735101601,4,19,0.2105263157894736,1.0,1.3729483430799216,2.0,3.0
e53d5b9b29d1218281f4a907ada18626,4,6.857546296296296,2.029147548080448,1.0,0.2958999415252032,5,32,0.15625,1.0,1.0714916087962962,2.0,3.0
575df70bde3f9f2b30bf8d2e9910d725,27,13.3095697167756,9.243209162246153,0.9411764705882352,0.6944784361132171,34,678,0.0501474926253687,1.0,0.667441549218835,2.0,3.0
4aba391bc3b88717ce08eb11e44937b2,27,16.72847511574074,11.787978726709616,0.8571428571428571,0.704665466825345,30,549,0.0546448087431694,1.0,0.9141243232645212,2.0,3.0
3361277dc30b7cccdb0c286b24219756,29,13.870902226631394,6.807855504499767,0.8809523809523809,0.4908012033585708,42,554,0.075812274368231,1.0,1.0515846453402855,2.0,3.0
ffad1e7127fb622cb64a900751590acd,10,8.469956790123456,3.660809840414523,1.0,0.4322111589380568,15,124,0.1209677419354838,1.0,1.024591547192353,2.0,3.0
9c068d10aca38e85c50202e17b4a7e88,17,16.52933142701525,10.847334639776712,0.8235294117647058,0.6562476339513659,17,292,0.0582191780821917,1.0,0.9623240899289688,2.0,3.0
392e0502231ae2f8b29994ef6398cd77,17,17.708312227668845,12.51354601479874,0.8823529411764706,0.7066481465831962,20,555,0.036036036036036,1.0,0.6381373775736514,2.0,3.0
4978a02ea9c8be7a9b5480680f40334e,18,5.341156189083821,3.133860486032249,1.0,0.5867382220421093,19,138,0.1376811594202898,1.0,0.7353765767579171,2.0,3.0
519a7aa428f18d125a283cf8c014fdd6,3,7.483526234567901,2.8277957282497224,1.0,0.3778694213948993,3,24,0.125,1.0,0.9354407793209876,2.0,3.0
51f108f62cb87d61918159902c8f8583,3,5.971261574074074,3.564331278890846,1.0,0.5969142759323091,3,27,0.1111111111111111,1.0,0.6634735082304526,2.0,3.0
f049a72cf58fd31b11f8919cade515e7,3,3.9809953703703695,2.28523072995947,1.0,0.5740350131949198,4,13,0.3076923076923077,1.0,1.2249216524216522,2.0,3.0
c8c1bea22194a4eefa2dc9a9fa89f536,7,8.50494123931624,1.2696229711244411,1.0,0.1492806282135481,13,61,0.2131147540983606,0.0,1.8125284608378867,2.0,4.0
762ed976527cddf02787edba70fffa2a,3,7.73574363425926,0.4441781545742939,1.0,0.057418934180699,4,19,0.2105263157894736,0.0,1.628577607212475,2.0,4.0
485452467ff670447e84a8370c3fc898,3,14.225609567901236,2.74608279623892,1.0,0.193037970227666,3,28,0.1071428571428571,0.0,1.5241724537037031,2.0,4.0
5bc24d989e71e93c33e50a7782431b0e,17,9.188674428104576,4.0808674691493945,1.0,0.4441192797807278,17,112,0.1517857142857142,1.0,1.3947095114087296,2.0,3.0
d06d019f72a04e5497a0b64190af170c,17,8.503113425925926,6.976272748279719,0.9411764705882352,0.8204374561215564,17,147,0.1156462585034013,1.0,0.9833532533383719,2.0,3.0
49067458c68f7701fd334ce326accbe0,17,12.063711836836836,4.6569522861410775,0.918918918918919,0.3860298015342973,37,325,0.1138461538461538,1.0,1.3734071937321932,2.0,3.0
cda598c48d7c614bc1cad7d8ff6f0010,17,8.133234310699589,3.823822541932537,1.0,0.4701478398208875,18,152,0.1184210526315789,1.0,0.9631461683723193,2.0,3.0
542917da124346b47ea1ac79a93ce454,20,11.576402777777778,5.6736794710477385,0.95,0.4901072967104264,20,157,0.1273885350318471,1.0,1.4747009907997166,2.0,3.0
82bd0703a4aefd6b599e5bfdaed378fb,20,12.244954710144928,6.223229939903901,0.9565217391304348,0.5082280896268211,24,319,0.0752351097178683,1.0,0.9212505111080819,2.0,3.0
1690cada046eb7e92c12f98b1f8a8167,10,7.352841435185185,3.9012819129451946,0.9,0.5305815374008455,11,117,0.094017094017094,1.0,0.69129278450459,2.0,3.0
5ef131ac72773e5b3f6c0d63cf424657,10,6.272231691919192,2.6388003659505435,1.0,0.4207115577937327,11,54,0.2037037037037037,1.0,1.277676826131687,2.0,3.0
5f26c1408a65b42a7224cd463bdf3292,10,6.427893518518519,2.496052348118761,1.0,0.3883157586428164,10,60,0.1666666666666666,1.0,1.0713155864197528,2.0,3.0
e9729944ba65dc3ce425e0c5a22ae7b2,4,10.13974247685185,6.865642064243168,0.75,0.6771022124000516,4,38,0.1052631578947368,1.0,1.0673413133528258,2.0,3.0
5145090ab595c0d0b8557199f5701fbf,4,15.68038483796296,13.282049344168607,1.0,0.8470486841631675,4,87,0.0459770114942528,1.0,0.7209372339293303,2.0,3.0
582d4f8675b945722eda7c0cb61ba4c7,59,10.591509683098591,5.331426993565424,0.9859154929577464,0.503367995034084,71,561,0.1265597147950089,1.0,1.3404584447415329,2.0,3.0
851773c885feb5e2da3b4f82bc2b17ce,10,16.660394675925925,14.604933652039978,0.8,0.876625910498023,10,200,0.05,1.0,0.8330197337962963,2.0,3.0
3fac58ce0ad699020c7944d53c41329c,10,4.105978732638889,3.1432356890563136,0.8125,0.7655265391587097,16,82,0.1951219512195122,1.0,0.8011665819783198,2.0,3.0
8603f0038fe0e52fedd3382d266723de,10,21.26354513888889,9.30353051169144,1.0,0.4375343081749908,10,276,0.036231884057971,1.0,0.7704183021336551,2.0,3.0
817f85dbb65aa3e70831d90fe75cdf89,11,18.119800084175083,11.143726873367218,1.0,0.6150027495667342,11,164,0.0670731707317073,1.0,1.2153524446702795,2.0,3.0
b55638ad525e906c698fa2ce742c1742,11,22.67656732253086,9.029222750756816,0.8333333333333334,0.3981741425998639,12,276,0.0434782608695652,1.0,0.9859377096752545,2.0,3.0
80f2cf9abf6b5a0e5c612b5eea6646e6,6,10.581170910493828,5.550379501070506,0.8333333333333334,0.524552485544482,7,108,0.0648148148148148,1.0,0.6858166330875628,2.0,3.0
6879c4d287a8dd06b11f54ea8f78e4da,6,6.816903935185185,4.511806211441973,1.0,0.6618556245386502,6,63,0.0952380952380952,1.0,0.6492289462081127,2.0,3.0
0873d9f8f36123f8d910f4760e788cfb,6,13.13083526234568,10.560080196989396,0.5,0.8042199895136719,6,100,0.06,1.0,0.7878501157407408,2.0,3.0
01bcc9d254a0143f0ce9791b960b2a47,10,12.787733796296298,7.928428549855672,1.0,0.6200026272170271,11,175,0.0628571428571428,1.0,0.8038004100529095,2.0,3.0
fdaaf5bfda82b7b80535610c831b8d09,10,11.031408950617283,10.37954952802331,0.8,0.9409087791494216,15,244,0.0614754098360655,1.0,0.6781603863084388,2.0,3.0
c6a7539d424a8402232c2228d7a03c5e,10,13.75304398148148,7.461299301846396,0.9333333333333332,0.5425198459259681,15,260,0.0576923076923076,1.0,0.7934448450854688,2.0,3.0
ed46f1eb4a638113deb2a1137b5f22e9,4,7.358561921296296,3.189851590010564,1.0,0.4334884484397509,4,29,0.1379310344827586,1.0,1.0149740581098337,2.0,3.0
1771297ac436903d1dd6b0e9279aa505,28,9.42039448302469,6.114550442299857,0.9722222222222222,0.6490758378874812,36,576,0.0625,1.0,0.5887746551890432,2.0,3.0
08ad4ac1388e4420ca531c3edfc46198,6,7.046665013227513,3.3962135124064248,1.0,0.4819604034009403,7,69,0.1014492753623188,1.0,0.7148790593129358,2.0,3.0
52092ddbd3a58c450a4459bf051b2287,6,12.89526234567901,8.246385366832934,1.0,0.63948953854329,6,137,0.0437956204379562,1.0,0.5647560151392267,2.0,3.0
bdae679a9b282249bc23b9b69dae9a99,6,8.194706790123456,5.374964850575648,1.0,0.6559069150654349,12,181,0.0662983425414364,1.0,0.5432954777982397,2.0,3.0
085f6f7e049c996695fb2074fe38d45e,6,10.334759837962965,2.9806475732873348,1.0,0.2884099504991338,8,66,0.1212121212121212,1.0,1.252698162177329,2.0,3.0
a63bfbaa882c8f4542891b4e2246cc7f,6,11.690190972222224,4.687533990884704,0.8333333333333334,0.4009801039198624,7,74,0.0945945945945946,1.0,1.105828875750751,2.0,3.0
a5dd1946fb63ada8bcaa0c9cd8f11e22,6,19.0049007936508,10.315722943610169,1.0,0.5427927804314807,7,185,0.0378378378378378,1.0,0.7191043543543539,2.0,3.0
f419677537694f0462a91990df6ca44f,6,14.250243055555556,10.36479922976798,0.8333333333333334,0.7273419259840057,6,78,0.0769230769230769,1.0,1.0961725427350424,2.0,3.0
abbf6046bbdf1028606a5bc7f00c99e7,6,11.785158179012347,5.290234186834973,1.0,0.4488895360145535,7,99,0.0707070707070707,1.0,0.8332940126574386,2.0,3.0
b8a0adc91af209270c2c725168eb00fd,6,11.105634645061729,4.953088341145864,1.0,0.4459977749536647,6,73,0.0821917808219178,1.0,0.9127918886352105,2.0,3.0
5b581417df4480f632484ba681e53944,11,20.34359085648148,11.74065624561761,0.6666666666666666,0.5771181856951783,13,200,0.065,1.0,1.3223334056712963,2.0,3.0
b127efdabeffb5d559349c7b172eb75d,10,9.848835648148148,5.338269346214455,0.9,0.5420203501129798,10,112,0.0892857142857142,1.0,0.8793603257275124,2.0,3.0
89a51f50b8095ea78d5768f34c13a76f,10,7.4841866582491585,2.762331513954311,1.0,0.3690890727464202,11,99,0.1111111111111111,1.0,0.8315762953610175,2.0,3.0
9dd59e43f0c9f0553244e8f9c2fb247e,10,13.135447916666667,8.09779656454552,0.9,0.6164842353240793,10,101,0.099009900990099,1.0,1.300539397689769,2.0,3.0
b2c97074649f92197d9387d9033dda5f,10,12.046823442760944,5.371529129980008,0.9090909090909092,0.4458875948088882,11,114,0.0964912280701754,1.0,1.162412788336582,2.0,3.0
d32e3909cfb714fb2a6cb092c85b9c5f,10,22.167388468013467,12.234490964629176,0.7272727272727273,0.5519139515366454,11,259,0.0424710424710424,1.0,0.9414720970970955,2.0,3.0
4bf2f4ee540798a61f9636d12cd9cc80,29,13.481918209876545,6.81617723248242,0.9666666666666668,0.5055791858675603,30,499,0.0601202404809619,1.0,0.8105361649224373,2.0,3.0
31da954dc0855f2495c6310f70a2f931,29,8.123554012345679,7.715244739204393,0.9,0.9497376059147558,30,345,0.0869565217391304,1.0,0.7063960010735371,2.0,3.0
615005a3ef192c00c6f0e977cee3d2bc,10,13.398623737373738,10.456684816388094,0.8181818181818182,0.7804297681127141,11,129,0.0852713178294573,1.0,1.1425183031869068,2.0,3.0
08cdbae123ff67ca4e36d9d641ce0119,4,29.35434220679012,12.16722102226043,0.3333333333333333,0.4144947598057898,6,160,0.0375,1.0,1.1007878327546294,2.0,3.0
59cea8e446d3834393058e7e0666b6fb,10,7.272856481481481,2.8045020076613096,1.0,0.385612175188975,10,62,0.1612903225806451,1.0,1.1730413679808835,2.0,3.0
bb7a14e229b1c95156719c3d9552eeee,10,11.600447916666669,13.80525052625911,0.9,1.1900618515277108,11,194,0.056701030927835,1.0,0.6577573560996559,2.0,3.0
5075aaa8404020ae6aa8bf4792099b41,10,12.4101774691358,4.245473363183982,1.0,0.342096104084128,23,304,0.0756578947368421,1.0,0.9389279006254059,2.0,3.0
cb9fb4ca75d7ba8437480e8dde64fe98,10,9.250421296296295,4.990566806063525,1.0,0.5394961641435356,10,127,0.0787401574803149,1.0,0.728379629629629,2.0,3.0
a35124e2d763d7ca3fbe3b97d143200f,4,8.886656746031745,6.650357750817686,1.0,0.7483531704752006,7,55,0.1272727272727272,1.0,1.1310290404040397,2.0,3.0
0aa2205ca24f113f4658a5c536667426,4,6.862206439393939,3.3185051431508352,1.0,0.4835915638008584,11,119,0.0924369747899159,1.0,0.6343216036414561,2.0,3.0
e73bf2cea7fe4b0b4d287a7568ed1099,4,4.831981481481481,3.2925716304081747,1.0,0.6814123032190668,5,29,0.1724137931034483,1.0,0.8331002554278416,2.0,3.0
e5d4b2b0c3bca22085f7a19a28de0c42,4,12.684464699074072,8.33287853350193,0.75,0.6569357660091248,4,93,0.043010752688172,1.0,0.545568374153723,2.0,3.0
d7485b33791774c36108f8c69602d48d,10,8.889136574074074,9.5055245888804,0.9,1.0693417194875905,10,110,0.0909090909090909,1.0,0.8081033249158248,2.0,3.0
54583ab379489add547fe47b628db589,10,5.116539351851852,3.025614913397574,1.0,0.5913401041863383,10,37,0.2702702702702703,1.0,1.3828484734734736,2.0,3.0
fac1a9017ade7bdc94058fc1c969f355,9,7.564819444444444,3.8343375823627865,1.0,0.5068643885715871,10,99,0.101010101010101,1.0,0.7641231762065094,2.0,3.0
f5f46307a4d15880ca14fab4ad9dfc9b,9,12.918791666666667,8.111543856707502,0.9,0.6278871945614756,10,141,0.0709219858156028,1.0,0.9162263593380611,2.0,3.0
3d2531eccfbde1d7c8db7a3a12fb267a,10,9.996932870370369,4.093861031386872,1.0,0.4095117056873066,10,118,0.0847457627118644,1.0,0.8471977008788448,2.0,3.0
431050a06a317f2b38168dec3dcd2b46,10,8.922488425925925,4.159803508265667,1.0,0.4662156239035957,12,101,0.1188118811881188,1.0,1.0600976347634763,2.0,3.0
6806dad1da97bfb5a9038eac6881f706,10,13.39661789021164,10.527535555311536,0.9285714285714286,0.7858353236307184,14,238,0.0588235294117647,1.0,0.7880363464830376,2.0,3.0
1e483cc5c76fef08d3ca05f9a8af7d01,9,7.953118055555555,4.186617345333233,1.0,0.5264120708492089,11,99,0.1111111111111111,1.0,0.8836797839506172,2.0,3.0
5194c22ed1f616ec0c0f33c571542879,4,12.323978587962962,6.648166265964721,1.0,0.5394496767836077,4,46,0.0869565217391304,1.0,1.0716503119967788,2.0,3.0
1464afc72f696af775557a821c2e253f,29,11.263420910493828,9.548870816115718,0.9666666666666668,0.8477771444392432,30,495,0.0606060606060606,1.0,0.6826315703329592,2.0,3.0
8931a84a914b3fe9b1ddaa4d704947ca,29,13.04958767361111,6.48427200423446,0.84375,0.4968947806180084,32,478,0.0669456066945606,1.0,0.8736125639237554,2.0,3.0
1b938a7ec6ac5061a66a3766e0e75f90,29,11.376438172043011,5.2705044820874685,0.967741935483871,0.4632824793123257,33,331,0.0996978851963746,1.0,1.1342068268199978,2.0,3.0
5d3bb11474a06bdc23fb9e89f1164ee0,31,9.746797236689815,5.832317071173643,0.96875,0.598382928211442,32,405,0.0790123456790123,1.0,0.7701173125285776,2.0,3.0
d379f449f2a3b271bc01c0782020f705,28,13.576246008939975,8.520842162411569,0.9655172413793104,0.6276287389607247,29,572,0.0506993006993006,1.0,0.6883061787749275,2.0,3.0
efcd8d2104f1a05d028af7bad20d974b,46,10.232507407407407,5.7386020768059005,0.98,0.5608207107332923,51,484,0.1053719008264462,1.0,1.0782187557392093,2.0,3.0
83e197e95a1bbabc8c75e883ed016c47,46,10.488401277434845,6.898910896556719,0.9814814814814816,0.6577657274993193,55,507,0.1084812623274161,1.0,1.1377950103726155,2.0,3.0
2a5b78b41cd05baeac8df54c6606b92c,46,9.337563657407406,5.262255765184031,0.9821428571428572,0.563557685736314,60,410,0.1463414634146341,1.0,1.366472730352303,2.0,3.0
3bb548e3cb7f70f28e3f11ee9dce0e59,46,10.681195842068483,4.146490037762158,1.0,0.3882046635107069,53,523,0.1013384321223709,1.0,1.0824156398272073,2.0,3.0
2fdde51ad3e12f297da656d4fbd5d0b5,9,15.266977880658438,5.564670231066353,1.0,0.3644906198571343,10,183,0.0546448087431694,1.0,0.834261086374778,2.0,3.0
af4a0e4cfe1d9c26b6712b1be25a72e5,21,12.81784544159544,7.033014079727074,0.9230769230769232,0.5486892560667102,26,227,0.1145374449339207,1.0,1.4681232664382442,2.0,3.0
9596c870880d900012f2e8e6e30d06d7,21,13.437281099033816,7.529822355674575,0.9565217391304348,0.5603680015457885,24,474,0.050632911392405,1.0,0.6803686632422177,2.0,3.0
52f9db5cfb423382a2fa5c9e39303202,21,10.035136258417507,5.279642049122873,1.0,0.526115631433932,23,270,0.0851851851851851,1.0,0.8548449405318609,2.0,3.0
6b15924333bd1a741595fe981ea04822,21,7.780927579365079,5.791617782787544,0.9047619047619048,0.7443351353310164,21,155,0.1354838709677419,1.0,1.0541901881720426,2.0,3.0
3785b653b1b82de85ab47dd139938091,21,11.326879340277776,5.188106298187311,1.0,0.4580349222701333,24,343,0.0699708454810495,1.0,0.7925513241010681,2.0,3.0
55d3daac7c404d59e51c2aa2f4dc5a23,21,8.785415426587301,5.529606344664287,1.0,0.6294074982419203,28,444,0.063063063063063,1.0,0.5540352070820815,2.0,3.0
b1fecf4da1fa2689bccffa0121953643,19,10.688985532407408,5.488397587467931,1.0,0.5134629072916161,20,236,0.0847457627118644,1.0,0.9058462315599498,2.0,3.0
04e38a233f726ef161074ab1c9b0399a,19,11.575084394290124,7.529701726332169,0.875,0.6505094451014541,28,233,0.1201716738197424,1.0,1.3909972662666235,2.0,3.0
65b081a070633e057c462abdd6fb9dd8,19,11.784479166666667,4.361261896693156,1.0,0.3700852481482025,20,194,0.1030927835051546,1.0,1.2148947594501716,2.0,3.0
d354c38a7182125a748cb10474fe963b,17,13.120668859649124,5.838126295422889,0.9473684210526316,0.4449564544211059,20,319,0.0626959247648902,1.0,0.8226124676895993,2.0,3.0
863d2ebcd347ce4922de7a0f9a5581d6,17,11.669832175925926,10.491777789028571,0.8333333333333334,0.8990513000411778,19,406,0.0467980295566502,1.0,0.546125151090129,2.0,3.0
d25aa0aaacb370e912f8cf6efeba38b3,17,8.97365520282187,4.376243920608007,0.9523809523809524,0.4876768520403867,21,157,0.1337579617834395,1.0,1.2002978296768108,2.0,3.0
3dbbce181edfaa4a597ec858c382d2ec,17,14.20007523148148,6.469499866396213,0.9,0.4555961683958808,20,239,0.0836820083682008,1.0,1.1882908143499142,2.0,3.0
dfc475d54e1b6dbeeb7d7d9bdaa63827,18,12.990609953703704,7.321037839566334,0.95,0.5635638253828921,21,185,0.1135135135135135,1.0,1.4746097785285284,2.0,3.0
c35672b10ad50968f567ea3f4b91e877,18,10.14469539141414,7.208479108592522,0.9545454545454546,0.7105663433416981,22,349,0.0630372492836676,1.0,0.6394936922954471,2.0,3.0
0ddefe3c7a032b91f4e25b9c3a08fca1,9,8.622295138888889,6.235995982999585,1.0,0.7232408404664267,10,135,0.074074074074074,1.0,0.6386885288065838,2.0,3.0
0ebd97a106433a45a4aebe57c1799778,31,9.262953559027778,6.386669149329527,1.0,0.6894851743162426,32,424,0.0754716981132075,1.0,0.6990908346436054,2.0,3.0
40d54b51e962dbe09cabbcfd33298dee,30,7.220734393667861,4.559960902345183,1.0,0.6315092972182978,31,414,0.0748792270531401,1.0,0.5406830101538737,2.0,3.0
b335c59ab742f751a85db9c411a86739,30,16.838304211469534,9.7770484003416,0.935483870967742,0.5806432926708791,35,435,0.0804597701149425,1.0,1.3548060859803068,2.0,3.0
2a6fbeaa7ab9e5d59a35841a8da71ce4,30,14.512402777777776,8.599425906195052,0.9333333333333332,0.5925570036798445,30,481,0.0623700623700623,1.0,0.9051394663894652,2.0,3.0
6ec1a01e866584bb679eb9b098345919,30,14.619209976105138,11.451273795803694,0.7741935483870968,0.7833031890588216,32,415,0.0771084337349397,1.0,1.1272643836996723,2.0,3.0
02f5837340d7eb4f653d676c7256523a,30,9.659020061728397,7.077663387275171,0.9666666666666668,0.7327517017299462,30,281,0.1067615658362989,1.0,1.031212106234348,2.0,3.0
974cf2cb8f4b7add98709c30df02fe10,30,11.269405092592592,8.321677641942722,0.9666666666666668,0.7384309618448787,33,310,0.1064516129032258,1.0,1.199646348566308,2.0,3.0
3c487ae8f8d7542beff5788e2e0aea83,30,13.410306537598204,6.827595276923663,0.9696969696969696,0.509130440663774,33,374,0.088235294117647,1.0,1.1832623415527819,2.0,3.0
d1582f4043306e6b91afa6a8a884f898,9,12.108569958847736,8.291066504271269,0.8888888888888888,0.6847271422182257,9,85,0.1058823529411764,1.0,1.2820838779956418,2.0,3.0
f12d3c2a14729ae461b920c11fe20fdc,9,4.866111111111111,3.1777891889234047,1.0,0.6530449297935985,11,90,0.1222222222222222,1.0,0.5947469135802468,2.0,3.0
a53f60f05f822b5c621a50ff6a5cb362,4,13.0076350308642,3.6510876854944487,1.0,0.280688047968077,6,54,0.1111111111111111,1.0,1.4452927812071332,2.0,3.0
52a50b42accf164f9f019941e5759d9b,4,5.381053240740741,2.6118246967827394,0.75,0.485374252945173,4,21,0.1904761904761904,1.0,1.024962522045855,2.0,3.0
b87a7ea0c30fad2dd6781b74a0064859,9,15.243249742798357,14.226857113203934,0.6666666666666666,0.9333217885461323,9,174,0.0517241379310344,1.0,0.7884439522137068,2.0,3.0
ef30892870c278497523264be1be2241,9,8.079983281893004,5.087296864888809,1.0,0.6296172513486861,9,58,0.1551724137931034,1.0,1.2537905092592587,2.0,3.0
fe701d88b67eaca109dffd464d1be9f9,10,12.424614583333334,6.857266735491604,0.9,0.5519098149483124,11,246,0.0447154471544715,1.0,0.5555721968157176,2.0,3.0
8d899e15a5925f097cca50faa49b15e3,4,7.504748842592592,3.943195274345111,0.4,0.525426680765894,10,82,0.1219512195121951,1.0,0.9152132734869014,2.0,3.0
de9727ca376d1be6ec121b110aa7954c,9,11.274775883838384,5.290389267632475,0.9090909090909092,0.4692234526112296,12,96,0.125,1.0,1.409346985479798,2.0,3.0
e38db885400cd35c71dfd162f2c1dbcf,30,12.689117476851852,6.554438167154156,0.875,0.516540112353054,32,361,0.0886426592797784,1.0,1.12479711706166,2.0,3.0
b2ac621f0d0322434d04a12b078b9369,30,14.670295524691358,7.87057782967099,0.9,0.5364975651938392,30,360,0.0833333333333333,1.0,1.2225246270576127,2.0,3.0
b4a476fbd28de64b1e347abf9089366a,30,11.858209986772486,6.159194458716458,0.9142857142857144,0.5194033893468638,38,455,0.0835164835164835,1.0,0.9903559988952844,2.0,3.0
c68fb906c8f4b4b946d8386bfa6e5467,45,11.158594714506172,5.424201269336627,0.9791666666666666,0.4861007508665195,48,500,0.096,1.0,1.0712250925925926,2.0,3.0
ea65d8b58316a6f2362f2a9e4b3e86ad,9,10.165203993055556,6.410482601877979,1.0,0.6306300007611606,16,178,0.0898876404494382,1.0,0.9137262016229712,2.0,3.0
9539213aa8e023c01937bef95dc006da,9,11.792710905349796,6.243078616822773,0.6666666666666666,0.5294014808749855,9,103,0.087378640776699,1.0,1.0304310499820208,2.0,3.0
d3dcf0604eabf0224fbd5948b5e02f69,9,17.632256944444446,13.06810986177365,0.6666666666666666,0.7411478804414279,9,163,0.0552147239263803,1.0,0.973560199386502,2.0,3.0
1996942dc085d7773ba77a529b163cd0,9,11.793770576131688,6.027600681155476,1.0,0.5110834268180674,10,79,0.1265822784810126,1.0,1.4928823514090739,2.0,3.0
05a940b4ecae36cadfd8e93bd9c43257,9,14.254607767489713,8.493278694728374,1.0,0.5958268956441494,10,219,0.045662100456621,1.0,0.6508953318488453,2.0,3.0
1cbd50a8c52e6cf8e315c5709fab386f,9,19.0249537037037,9.11051511890366,0.8888888888888888,0.4788718680103837,9,179,0.0502793296089385,1.0,0.9565619180633137,2.0,3.0
b6dc74ed30f124f95227bed4e43a3bed,9,17.64544560185185,10.370862991829547,0.9,0.5877359646129394,13,309,0.0420711974110032,1.0,0.7423650253206274,2.0,3.0
07de60b03d150fb3ea09eab5da5e4c8b,9,13.419634773662551,10.868442803662749,0.8888888888888888,0.8098911026247311,9,200,0.045,1.0,0.6038835648148148,2.0,3.0
5eeb9c756d9780b96283e5a2ac6da334,9,16.608179012345676,14.539672578484616,0.7777777777777778,0.8754525446574584,9,282,0.0319148936170212,1.0,0.5300482663514564,2.0,3.0
7210cd29727d674c00741e5e387b3ccd,9,4.812738603988604,3.31934366919291,0.6923076923076923,0.6896995541045947,13,72,0.1805555555555555,1.0,0.8689666923868311,2.0,3.0
457fe919b032a3f7dadba6fb92cf7855,9,5.955726273148148,3.453104870701911,0.8333333333333334,0.5797957650052692,12,97,0.1237113402061855,1.0,0.7367908791523479,2.0,3.0
48fb026ed7455a42f5d3e9390ed5088e,9,11.88611239711934,7.308195053088443,1.0,0.6148515855242646,11,195,0.0564102564102564,1.0,0.6704986480426294,2.0,3.0
039e6ad9dae79614493083e241147386,5,14.59385648148148,14.41540423780408,0.8,0.987772098217915,5,99,0.0505050505050505,1.0,0.7370634586606807,2.0,3.0
fce62094ffe6a4009188ec44e681dfdd,4,18.97176872895623,14.125385656028724,0.5454545454545454,0.7445476411732466,11,388,0.0283505154639175,1.0,0.5378594227281401,2.0,3.0
fec6275253471ace26d209bbaa64cd0f,9,13.27862384259259,10.23777347878663,1.0,0.7709965731499893,10,166,0.0602409638554216,1.0,0.7999170989513598,2.0,3.0
039b29ff3b3473435d0cd59040575de9,9,9.107943672839506,5.922150168105955,1.0,0.6502181371373872,9,120,0.075,1.0,0.6830957754629629,2.0,3.0
03a2a6dcbe45d639c4dc2a0d24769c40,9,10.4471579218107,8.231493673444369,0.8888888888888888,0.7879170330391337,9,156,0.0576923076923076,1.0,0.6027206493352317,2.0,3.0
fe1bbc5feda5c8979a8a1b3b2512d5a6,9,11.625980324074074,6.369643310008514,0.9,0.5478801040819592,10,162,0.0617283950617283,1.0,0.7176531064243244,2.0,3.0
2379bdc3888025689a9deb7b141507d5,9,18.42511059670782,16.333341309107592,0.6666666666666666,0.8864718191719303,9,185,0.0486486486486486,1.0,0.896356731731731,2.0,3.0
c7fdb77fdbff3c41981bc52f787e959e,9,17.778820496632996,8.19491306636405,0.8181818181818182,0.4609368246850811,12,193,0.0621761658031088,1.0,1.1054188909823623,2.0,3.0
973f21788dfab357250f69a8dcb7ddee,9,21.20609161793373,9.415369337586176,0.631578947368421,0.4439936178349675,21,517,0.0406189555125725,1.0,0.8613692920243867,2.0,3.0
6c99c983ce3b6ba0ab813e6790e81691,9,6.133632973251029,2.989854979215746,1.0,0.4874525411374629,9,69,0.1304347826086956,1.0,0.8000390834675251,2.0,3.0
c878515173c84a492ebe50d6b493230b,9,15.808011574074076,10.309527429939624,0.8,0.6521710451457261,10,248,0.0403225806451612,1.0,0.6374198215352436,2.0,3.0
134a288e7de827ec5ec62e3ec9c3a295,9,9.450118312757205,6.636478068465769,1.0,0.7022640192246953,9,140,0.0642857142857142,1.0,0.6075076058201052,2.0,3.0
29e6e05b65f93bc224c644319dc52ecf,4,6.916348379629629,5.113288840476468,1.0,0.7393046966136608,4,51,0.0784313725490196,1.0,0.5424586964415395,2.0,3.0
aeb36d67f1414f234d42a29e27cf1f17,4,19.47006076388889,14.867597151910468,0.75,0.7636132897687403,4,85,0.0470588235294117,1.0,0.91623815359477,2.0,3.0
9e6967d3cf386d284251784b18ccb485,9,7.787544191919192,4.103656698189659,0.9090909090909092,0.526951320860285,11,64,0.171875,1.0,1.338484157986111,2.0,3.0
e1b12447a7563944843191754aeb5562,9,16.06223726851852,10.48495990848794,0.7,0.652770827202144,10,116,0.0862068965517241,1.0,1.3846756265964235,2.0,3.0
d94ba08b99bedd6a5f6c875ecc4a6fac,8,11.722884516460905,6.597264663471085,1.0,0.5627680332607059,10,107,0.0934579439252336,1.0,1.0955966837813924,2.0,3.0
f4ce8ca9fa7157e3b33f536ac9a4487d,4,6.975619212962963,3.566874546524521,1.0,0.511334469045574,4,36,0.1111111111111111,1.0,0.7750688014403292,2.0,3.0
d5c530f4884a75ae0dba9c148718d278,5,8.279427083333333,6.357922645037554,0.875,0.7679181881843239,9,75,0.12,1.0,0.99353125,2.0,3.0
180c3376aff0e43dd5788709df48a843,5,16.273858796296295,7.52917960375206,0.9,0.4626548440659689,10,146,0.0684931506849315,1.0,1.1146478627600203,2.0,3.0
d79e8478eed9999493990b44955fb22e,5,8.199113425925926,7.458873460463084,0.8,0.909717072199273,5,53,0.0943396226415094,1.0,0.7735012665967852,2.0,3.0
cf1313c6e2c01c2f4b014f97db4bcd2b,5,8.240326388888889,5.766521815541532,0.8,0.6997928896744926,5,53,0.0943396226415094,1.0,0.7773892819706496,2.0,3.0
9bc484c87d79cd4874e05ca182658045,8,13.12238425925926,11.840189808124784,0.75,0.90228952103504,9,161,0.0559006211180124,1.0,0.7335494306418218,2.0,3.0
15fa791d5e017f66402dc28c44480657,8,11.574577546296297,12.586881290152556,0.875,1.0874592389922846,8,117,0.0683760683760683,1.0,0.7914241057296605,2.0,3.0
dace965ca58120f92f8d742a9fa1864b,8,8.051372974537037,4.054232232216022,1.0,0.5035454505756697,8,56,0.1428571428571428,1.0,1.150196139219576,2.0,3.0
cd6efc47efaabf134f8bdb654e10b4f1,31,8.499921513310186,6.964155761819636,0.90625,0.8193200079452891,32,276,0.1159420289855072,1.0,0.9854981464707459,2.0,3.0
0bebbb2cea103a4a020c95d43fd7d754,9,5.9149704218107,2.7391499578502607,1.0,0.4630876847245075,9,60,0.15,1.0,0.8872455632716051,2.0,3.0
8bdd8e3fd58bafa48af76b2c5fd71974,9,10.378738425925926,9.45707143239536,0.8888888888888888,0.9111966256680816,11,206,0.0533980582524271,1.0,0.5542044790542962,2.0,3.0
8d46553a36e68f95350a200c12f8f2e2,9,17.23615951178451,5.942666798564062,1.0,0.344779055595361,16,209,0.0765550239234449,1.0,1.3195146037729757,2.0,3.0
daf565f087a52def0fd5c5825b3661bc,9,9.307821502057614,2.8318764781970214,0.8888888888888888,0.3042469688069328,9,68,0.1323529411764706,1.0,1.2319175517429195,2.0,3.0
3d4824f20035949c710eaf111f869d39,8,9.130246913580246,4.993244691399082,0.7777777777777778,0.5468904333761418,10,81,0.1234567901234567,1.0,1.1271909769852146,2.0,3.0
5def4c3732941a971cba8fdee992ede1,5,4.150827546296296,3.4678449586575875,1.0,0.8354586934723124,6,27,0.2222222222222222,1.0,0.9224061213991768,2.0,3.0
57e632711dec9ec14ca7546769483e7e,62,10.777448896011396,5.14300906140978,1.0,0.4772009694532762,65,550,0.1181818181818181,1.0,1.273698505892255,2.0,3.0
4091f77d8c768fc3e81c20761471761d,8,18.032364004629628,14.968305607517497,0.75,0.8300800496082784,8,214,0.0373831775700934,1.0,0.6741070655936299,2.0,3.0
1976a05ecf2996d6ffb7b5430e635fe7,8,16.67528034979424,9.023287614708886,0.7777777777777778,0.541117595952156,9,200,0.045,1.0,0.7503876157407408,2.0,3.0
ba6b4a237f92479743cf0ca06b67a9ac,8,12.598758680555555,11.063237463465056,0.875,0.8781212295572924,8,199,0.0402010050251256,1.0,0.5064827610273587,2.0,3.0
eb72802c83dc7547529c9546d1a9b8ef,8,6.2112832754629625,4.601007884170115,1.0,0.7407499674577595,8,82,0.0975609756097561,1.0,0.6059788561427281,2.0,3.0
0aea4c6ae1505b3228ddf3dd7822ee5b,8,18.434872685185184,16.49386054871566,0.75,0.8947097617859124,8,204,0.0392156862745098,1.0,0.7229361837327523,2.0,3.0
8c0de775f52fe41590b376a3b7c50f68,8,6.2137239583333335,6.207652051407732,1.0,0.999022823194864,9,111,0.081081081081081,1.0,0.5038154560810806,2.0,3.0
2009a095de2a2a41626f6c6d7722678d,8,9.82987750771605,6.778913495377454,1.0,0.6896233946004195,12,234,0.0512820512820512,1.0,0.5040962824469761,2.0,3.0
6562efe88ce0826a4ca4f189f03b4b84,8,15.599655671296295,6.449110841702426,0.9,0.4134136661470631,21,301,0.0697674418604651,1.0,1.0883480700904389,2.0,3.0
67225bff54a172ff67579aaf583efd78,8,13.427086226851852,7.142152348374111,0.875,0.5319212394786771,8,142,0.056338028169014,1.0,0.7564555620761596,2.0,3.0
7bcd7c5f8631701474db233ccf1c094b,8,14.234526909722222,8.325846867060417,0.875,0.5849050635728428,11,136,0.0808823529411764,1.0,1.151322029462826,2.0,3.0
ff4ea69c2a729e83e63c7579e4ef8170,8,11.463975694444445,6.861937240672061,1.0,0.5985652293381452,9,144,0.0625,1.0,0.7164984809027778,2.0,3.0
1dd33b8119b3cb1056ed5dc88cd0aaf4,8,10.906626157407407,8.172520131280187,0.875,0.7493169760595206,8,98,0.0816326530612244,1.0,0.8903368291761139,2.0,3.0
c24173065483e421f9e5e7f599de101d,9,15.815204475308642,5.998625762456172,0.8888888888888888,0.379294859691601,9,137,0.0656934306569343,1.0,1.0389550385239252,2.0,3.0
9baf5cb77970f539089d09a38bcec5c3,31,14.813060980902778,7.376302157085381,1.0,0.497959345917432,33,562,0.0587188612099644,1.0,0.8698060718323692,2.0,3.0
33576ec5412fb5905d876f12f33bfde6,31,14.648119936342592,8.427898280449986,0.96875,0.5753569957834671,32,348,0.0919540229885057,1.0,1.3469535573648355,2.0,3.0
33c51922b6e3c16b24a8f28e5833c99d,18,14.790471064814817,5.408579822975113,0.95,0.3656800246100093,20,243,0.0823045267489712,1.0,1.2173227213839355,2.0,3.0
fbc14c0cf93505ef89f64665ffa4a7b5,18,12.070780606995886,8.027083164351703,0.9444444444444444,0.665001164854196,18,357,0.0504201680672268,1.0,0.6086107869073545,2.0,3.0
bb135baca94c82fcb731335ad5b04a03,18,7.996843932748537,4.86936347697121,1.0,0.6089106549935628,38,568,0.0669014084507042,1.0,0.5350001222613456,2.0,3.0
77e4abfd739aed9c46480f90f81c0eb4,18,10.008789223251028,4.23583848864056,1.0,0.4232118784957973,18,197,0.0913705583756345,1.0,0.9145086599924795,2.0,3.0
7a425d299613df3e613bcf9d2eaf5c49,18,11.79452996399177,7.924919403295049,0.9444444444444444,0.6719148136881683,18,266,0.0676691729323308,1.0,0.7981260877889165,2.0,3.0
f5f2ab9bdb6b30c14c61be68c5ed37da,18,13.4501858281893,11.203131327959474,0.8888888888888888,0.8329350591186344,18,426,0.0422535211267605,1.0,0.5683177110502512,2.0,3.0
8a2d12a90e92f012ce5226fc6592b653,18,9.35801440329218,4.412070975755554,1.0,0.471475121282499,18,245,0.073469387755102,1.0,0.6875275888133028,2.0,3.0
5b97c06a046398e7005b2b7c0d707a92,3,26.17675925925926,4.0065503673099565,0.3333333333333333,0.1530575396147541,4,62,0.064516129032258,0.0,1.6888231780167247,2.0,4.0
f9244d45189d3a3605499abddeade7d5,20,15.176920717592594,10.393265863901672,1.0,0.6848072845141858,21,558,0.0376344086021505,1.0,0.5711744356083228,2.0,3.0
d3674f271c91f824f82d24d92011f669,20,13.77093576388889,8.663008438050287,0.9,0.6290791407775668,20,402,0.0497512437810945,1.0,0.685121182283029,2.0,3.0
59417c56835dd8e2e72f91f809cd4092,18,12.569483024691358,5.472570662844437,1.0,0.4353855009067738,18,251,0.0717131474103585,1.0,0.9013971890216902,2.0,3.0
2e1a7d075abe038c1b2743005fe42ff1,18,14.954498106060608,10.36069472019775,0.7272727272727273,0.692814606462712,23,342,0.067251461988304,1.0,1.0057118609338993,2.0,3.0
4b0fdb526525f9890eb145bf1534640e,18,8.768653356481481,4.471971198411969,1.0,0.5099952086834914,20,179,0.1117318435754189,1.0,0.9797378051934608,2.0,3.0
c35affa65afd250151285c5917fc1c8a,8,17.261034432870368,21.35684323592016,0.875,1.2372864047620518,9,234,0.0384615384615384,1.0,0.6638859397257824,2.0,3.0
5e105f5c9f63f5f1fd75d6cb942e55b1,8,9.29211082175926,5.033914892110612,0.875,0.5417407291702478,8,98,0.0816326530612244,1.0,0.7585396589191225,2.0,3.0
455c5640e8c5bd1b2ee85c0158f85727,8,14.96896701388889,8.463894541281956,1.0,0.5654294336695892,8,89,0.0898876404494382,1.0,1.345525124843945,2.0,3.0
2d2322d842118867781fc737e96d59a1,8,7.23734837962963,6.306446846640114,0.9,0.8713753319365352,10,79,0.1265822784810126,1.0,0.9161200480543832,2.0,3.0
27a56ff04b34c2ba34ce6ba4d3b9d616,8,12.881733217592592,10.60283696461158,0.875,0.8230908671615149,8,192,0.0416666666666666,1.0,0.5367388840663572,2.0,3.0
a5259c149128e82c9d6d46e0c1c812bb,8,19.34989728009259,10.93958427343347,1.0,0.56535619363149,8,222,0.036036036036036,1.0,0.6972935956790116,2.0,3.0
33ac3e28642ab8bda860a2f693000e78,34,8.664377314814816,5.027894814203829,1.0,0.5802949977267109,35,530,0.0660377358490566,1.0,0.5721758604122992,2.0,3.0
e49c26c3edfa46d227d5121a6b6e4d37,34,11.653800595238096,4.604240685250024,1.0,0.3950849036434843,36,537,0.0670391061452514,1.0,0.7812603750997605,2.0,3.0
6a0cbc8af2e8abd1bdfb777943d174c6,34,15.508637322984749,10.170600266284142,0.9117647058823528,0.6558023154755634,35,423,0.0827423167848699,1.0,1.2832205822800609,2.0,3.0
5c6d4016c2a288f074fa0848a2b653d2,31,11.047310049019607,6.702908710131219,0.9117647058823528,0.6067457761562569,35,328,0.1067073170731707,1.0,1.1788288162063603,2.0,3.0
4917cee8d902e13428c3ec4b1ca6f315,31,18.077756123058546,7.766358425663282,0.967741935483871,0.4296085406173355,33,454,0.0726872246696035,1.0,1.314021920839057,2.0,3.0
f67efa3f0b6761102a7f8c6b7b571f5d,31,9.829373191550928,5.514825399127203,1.0,0.5610556534640077,32,553,0.0578661844484629,1.0,0.5687883221150625,2.0,3.0
20cb7c2fde3e5bf10f0bbe7394e1c6a9,31,12.152555787037036,7.457495130642983,0.9,0.6136565230663488,51,526,0.0969581749049429,1.0,1.178289629541613,2.0,3.0
d5ba419e26d246a0719437cf37d9b46d,33,9.784910811546842,8.757499186095135,0.8823529411764706,0.8950004097902157,35,475,0.0736842105263157,1.0,0.7209934282192402,2.0,3.0
8bd0f31cf0a614c658f6763bd02dea69,33,10.124262235449736,7.395180350670617,0.9714285714285714,0.7304414068589277,35,576,0.0607638888888888,1.0,0.6151895455568407,2.0,3.0
dfc5fb7259bb2b599ca565e6e9448f0f,33,14.346329316448802,10.0423838290008,0.9411764705882352,0.6999967453337832,34,376,0.0904255319148936,1.0,1.2972744594661147,2.0,3.0
ed4acab38528488b65a9a9c603ff024a,31,9.192540360873696,5.373101730967066,0.9743589743589745,0.5845067326368949,40,492,0.08130081300813,1.0,0.7473610049490802,2.0,3.0
e0a366315b1b726b6c7832d664c0f530,43,7.462383578431373,5.559353706034657,0.9607843137254902,0.7449836433097504,51,433,0.1177829099307159,1.0,0.8789412528868358,2.0,3.0
33a17d60c64393351ebf1ef860f4e0f2,43,10.582687894011032,6.771165411632086,0.9787234042553192,0.6398341781830335,47,403,0.1166253101736972,1.0,1.2342092581104671,2.0,3.0
cd06602b43d8800bd0afad514919d35c,43,11.95675013354701,8.447101725884288,0.9615384615384616,0.7064713765477365,53,556,0.0953237410071942,1.0,1.1397621530179698,2.0,3.0
c33a5c3c983090c8b78a28e65052a20d,8,11.570222800925926,5.610243562382516,1.0,0.4848863897360341,9,161,0.0559006211180124,1.0,0.6467826410455484,2.0,3.0
7b98de631987e26dd6d803490c43a13c,8,10.583616898148149,4.844994782224504,1.0,0.4577825169647108,8,73,0.1095890410958904,1.0,1.1598484271943177,2.0,3.0
e250d617a0ad591ba9bd663e584a895d,8,8.09330787037037,5.566843293009862,1.0,0.6878328839299559,20,177,0.1129943502824858,1.0,0.9144980644486289,2.0,3.0
6481e96574816ead57975da2c0f6d80d,32,7.341070467269596,4.36294830089862,0.9767441860465116,0.5943204496334654,43,212,0.2028301886792453,1.0,1.4889907079839275,2.0,3.0
ea67327e24487bdfac5fbfa37ea124df,32,8.646847766884532,4.155978933105375,0.9705882352941176,0.4806351453325954,34,228,0.1491228070175438,1.0,1.2894422108512016,2.0,3.0
c8cc60ffd415254af5d9b9f34f32c369,8,4.984198816872428,5.458522113303081,1.0,1.0951654044828594,9,72,0.125,1.0,0.6230248521090535,2.0,3.0
f1b93673502375d491780bb49d615dbc,8,12.992782407407407,8.454868275950565,0.8,0.6507357708946392,10,161,0.062111801242236,1.0,0.8070051184725096,2.0,3.0
4b1eaadf791bdbbad8c4a35b65236d52,5,22.54623148148148,11.83095888355336,0.8,0.524742189987307,8,166,0.0481927710843373,1.0,1.086565372601516,2.0,3.0
df47da4ae86fa4db890d05aaf24e21d8,5,7.044877314814815,1.9918921709234951,1.0,0.2827433441225023,5,32,0.15625,1.0,1.1007620804398148,2.0,3.0
debe6615cd90cc0c2eac2b8988e1f628,5,11.604266203703704,7.606852838367648,1.0,0.6555220903101816,5,52,0.0961538461538461,1.0,1.1157948272792018,2.0,3.0
75a4764c108403a7a0575140cb22287c,5,10.045077160493827,5.887397971857191,1.0,0.586097834570318,9,120,0.075,1.0,0.753380787037037,2.0,3.0
e88c9b79e592e370d6bd852eeefbf057,8,8.4257137345679,3.1926090630105395,1.0,0.3789125958448275,9,54,0.1666666666666666,1.0,1.4042856224279827,2.0,3.0
e8a85b5f3df47be0984c55fd4064dbb4,8,10.408761574074074,6.347221301944297,0.8571428571428571,0.6097960124049554,14,192,0.0729166666666666,1.0,0.7589721981095672,2.0,3.0
6e0908ef4d4efadbc3cc2b74ea477cb0,8,11.283656355218854,7.481370762569082,0.9090909090909092,0.6630271719599862,11,209,0.0526315789473684,1.0,0.5938766502746763,2.0,3.0
c447f8dd3ed213f291d65ef074a268eb,7,12.45429832175926,7.335000935903464,1.0,0.5889533674561397,8,134,0.0597014925373134,1.0,0.7435401983139852,2.0,3.0
5b35136197710e16ac5e7b7c2bd4ea85,7,19.985843621399177,11.392190433185853,0.6666666666666666,0.5700129876423151,9,228,0.0394736842105263,1.0,0.7889148797920724,2.0,3.0
8f2b51a30523cdecddc2f179f351c7d6,7,13.104777199074077,5.8677426379771385,1.0,0.4477560014062449,8,80,0.1,1.0,1.3104777199074078,2.0,3.0
5c030029b5916fed0986310385ec9009,7,5.369206018518518,2.894738630741729,1.0,0.5391371872782879,10,69,0.144927536231884,1.0,0.7781457997852923,2.0,3.0
3cfa1358a6caa965278721344c8d76f2,5,6.302104166666666,4.060636136345241,1.0,0.6443302155846479,5,57,0.087719298245614,1.0,0.55281615497076,2.0,3.0
41e0fa5761c886a630994a55c12087e7,5,10.239402777777778,10.507075510500206,1.0,1.0261414399386015,5,73,0.0684931506849315,1.0,0.7013289573820396,2.0,3.0
34f563c82a85b99ae9e6d60db5fc2e28,8,10.739244791666666,5.344731288666187,1.0,0.497682229276824,8,116,0.0689655172413793,1.0,0.7406375718390802,2.0,3.0
3492e68f37fd1df87f4f2f2ea247f445,8,10.19298353909465,5.117886933777175,0.8888888888888888,0.5020990090043598,9,92,0.0978260869565217,1.0,0.9971396940418675,2.0,3.0
e8f6dc8e6a1dcde89d20e3995c8d90b3,35,12.729811395202022,7.824129264712909,0.9318181818181818,0.6146304153148642,48,423,0.1134751773049645,1.0,1.444517605129307,2.0,3.0
6fc26fe110feebd80a433e1f012a84f9,35,11.437567354681072,6.534831114016059,0.9305555555555556,0.5713479896003881,72,566,0.127208480565371,1.0,1.454955564553069,2.0,3.0
b5abf4f36adc043117b4fca82c22984c,8,21.20098636831276,12.882863230295053,0.6666666666666666,0.6076539556456643,12,488,0.0245901639344262,1.0,0.5213357303683459,2.0,3.0
42bde9fef835393bb8a8849cb6b7f245,34,9.827450439221272,5.72125885729969,0.9743589743589745,0.58217122464095,40,410,0.0975609756097561,1.0,0.9587756526069534,2.0,3.0
b90e891671cffd9557f33a97dc523645,34,7.579306445868945,4.744515065244193,1.0,0.6259827464596265,39,371,0.105121293800539,1.0,0.7967464997005085,2.0,3.0
f789d2c4f2c2eb38fc4373e7a4b35264,44,10.903803854875283,6.825015892828953,0.9591836734693876,0.6259298116204985,49,506,0.0968379446640316,1.0,1.0559019543258672,2.0,3.0
3f995f07c49d0d55a99d5c54957f7d81,43,9.59438630490956,6.125484768996635,0.9767441860465116,0.6384446669467699,43,495,0.0868686868686868,1.0,0.8334517396184057,2.0,3.0
2b3b9ce054da76a7428df143a567b156,5,7.049924768518519,5.059578610985369,1.0,0.7176783834033162,6,64,0.09375,1.0,0.6609304470486111,2.0,3.0
63b9ae557efed31d1f7687917d248a8d,5,16.394758597883598,9.73556932515575,1.0,0.5938220600828191,7,132,0.053030303030303,1.0,0.8694190165544327,2.0,3.0
13f57c12a00ed4610db646b913a7f5c6,7,12.88323896011396,10.023232560216709,0.8461538461538461,0.7780056390515049,13,222,0.0585585585585585,1.0,0.7544239030697357,2.0,3.0
de66a66f2dd06bb9ec37aa96987466a3,7,14.724639756944445,4.501185188723657,1.0,0.3056906833052268,8,118,0.0677966101694915,1.0,0.9982806614877585,2.0,3.0
fa3a0b5aabb344b9a92e3524b0202123,7,11.636570767195767,7.053770763239529,0.8571428571428571,0.6061726349075758,7,142,0.0492957746478873,1.0,0.5736337702138755,2.0,3.0
06532f10282704ef4c69168b914b77be,7,16.55254195601852,8.656628469225476,1.0,0.5229787963822631,9,169,0.0532544378698224,1.0,0.8814963171844168,2.0,3.0
31344c16881c08a8a72c6d2eb29918c1,42,15.696046075837742,11.307346483616543,0.9523809523809524,0.7203945776524511,43,572,0.0751748251748251,1.0,1.1799475196871019,2.0,3.0
5cbbd5a299cab112b7bf23862255e43e,36,10.788462780214426,5.001346471966897,1.0,0.4635828638292334,38,337,0.1127596439169139,1.0,1.2165032215078575,2.0,3.0
0791d9fc1e30678ecf03d3e55fa108d3,5,6.251305765993266,4.1061979124763806,1.0,0.6568544342869701,11,71,0.1549295774647887,1.0,0.9685121609285339,2.0,3.0
7b0df942f46435babab05d49b744b2c4,32,11.08588035300926,7.244129105991963,0.90625,0.6534554654493945,32,508,0.0629921259842519,1.0,0.6983231718431022,2.0,3.0
232a6014e7b10cba61c6c2b2ea6bb4b0,32,13.63965939153439,7.861044884671391,0.9428571428571428,0.5763373306484793,36,532,0.0676691729323308,1.0,0.9229844701038306,2.0,3.0
ffff564a4f9085cd26170f4732393726,8,12.49623263888889,5.036316051522231,1.0,0.4030267519067281,20,179,0.1117318435754189,1.0,1.3962271104903776,2.0,3.0
577719699805dd125d5b6fdde5943bba,8,10.28347800925926,8.598977167247638,0.875,0.8361934706823028,8,125,0.064,1.0,0.6581425925925927,2.0,3.0
68ca56ce86830f3d31b1b7ec6a54da3e,5,4.891428240740741,1.9515312585464115,1.0,0.3989696183810065,6,31,0.1935483870967742,1.0,0.946728046594982,2.0,3.0
9cad4b68bb993ee401a3c5aaa2bc26dd,5,16.36822255291005,14.69057653297818,0.8571428571428571,0.8975059133935341,7,181,0.0386740331491712,1.0,0.6330251816042549,2.0,3.0
c4f7fee5b0db50e87766f5a4d1b1b758,5,11.52844675925926,4.2726439445358,1.0,0.3706174850574867,9,89,0.1011235955056179,1.0,1.165797986891385,2.0,3.0
d51e0a403fe2e689ece6c73359d96e12,18,12.963107407407408,8.212446265468737,0.92,0.6335245097773364,26,339,0.0766961651917404,1.0,0.9942206271167922,2.0,3.0
f4a04f7be452aa3bb31760bf00055dd0,18,9.141429398148148,6.92190113487242,0.9444444444444444,0.757201180843189,18,291,0.0618556701030927,1.0,0.5654492411225651,2.0,3.0
f4c4daa86e30c7e5a553a8d518ac03a5,18,16.640676440329216,9.51097869053087,0.9444444444444444,0.5715500042703016,20,252,0.0793650793650793,1.0,1.3206886063753336,2.0,3.0
fa1a9dec3a9940c072684a46728bf1fc,55,14.58622762345679,5.296355276115907,1.0,0.3631065833360911,60,686,0.0874635568513119,1.0,1.2757633489903888,2.0,3.0
6d988d6174a2c27441597174f8905515,19,19.25952445652174,9.465372007872444,0.9130434782608696,0.4914644714743848,23,495,0.0464646464646464,1.0,0.8948869949494938,2.0,3.0
eb5b6204dde3a6e03b5f1bb8479f055b,19,10.567783289241625,6.170522797941006,0.9523809523809524,0.5838994450447159,21,178,0.1179775280898876,1.0,1.2467609498543486,2.0,3.0
01266d4c46afa519678d16a8b683d325,3,5.922897376543209,2.546950744241246,1.0,0.4300177062543885,3,19,0.1578947368421052,1.0,0.9351943226120852,2.0,3.0
28405831a29823802aa22c084cfd0649,6,7.19403163580247,3.4412620654396937,1.0,0.4783495874988368,7,54,0.1296296296296296,1.0,0.9325596564929125,2.0,3.0
6824a69c9ea0313eba299dd4a2dba09a,6,4.540830026455027,2.4712792142666142,1.0,0.5442351287911812,7,28,0.25,1.0,1.1352075066137568,2.0,3.0
9dda5bbacd45e18d6485fee649205d09,19,14.653299137205387,7.583945925040612,0.9090909090909092,0.5175589370031102,22,499,0.0440881763527054,1.0,0.646037236510057,2.0,3.0
784ba75dd9d20200c4caed3d7a77141a,19,13.33300505050505,8.048948906657369,0.9090909090909092,0.6036860314811384,24,302,0.0794701986754966,1.0,1.059576560305036,2.0,3.0
b64d51f0435e884e8de603b1655155ae,17,8.026424114331723,4.808856913790665,0.782608695652174,0.5991281852654815,23,140,0.1642857142857142,1.0,1.318626818783068,2.0,3.0
6c177e38df6d3f34182b1f1d427231bf,53,14.304833033264746,7.205188661901428,0.9629629629629628,0.5036891129834468,56,562,0.099644128113879,1.0,1.4253926154142806,2.0,3.0
cfe94489ddd337d1e29e12f2a7205d10,20,7.769785397376544,5.77128508798884,0.7916666666666666,0.7427856488722978,24,178,0.1348314606741573,1.0,1.0476115142530171,2.0,3.0
8ab42aa58097fd4668d60cc648225d5f,20,11.153124554843306,6.826139166630114,1.0,0.6120382797720864,26,297,0.0875420875420875,1.0,0.9763678061478984,2.0,3.0
11eac105f3f90a9b87b19c89d91e24f3,5,9.12383101851852,3.834483957403294,1.0,0.4202712599148858,5,50,0.1,1.0,0.912383101851852,2.0,3.0
31eec405c9bb71dec8e2629a92e764fa,5,8.572550925925926,3.897163162542215,1.0,0.4546095084435185,5,45,0.1111111111111111,1.0,0.9525056584362139,2.0,3.0
6cf476a4ca74498db55cbccdaa9dcfb6,5,34.391466049382714,18.77808099075597,0.5,0.5460099015201192,7,238,0.0294117647058823,1.0,1.011513707334784,2.0,3.0
534a01cc6df1e034e05c32028a291fa2,5,10.69209722222222,6.972415075087973,1.0,0.6521092102115063,5,69,0.072463768115942,1.0,0.7747896537842186,2.0,3.0
d594982fd877af63ace38ea1fca27c76,7,8.089442791005292,2.399552939690925,1.0,0.2966277161090755,7,54,0.1296296296296296,1.0,1.048631472908093,2.0,3.0
d5b9a084373da994a6e37f732169a853,7,17.875863095238095,9.299658422510616,0.7142857142857143,0.5202354914537205,7,108,0.0648148148148148,1.0,1.1586207561728392,2.0,3.0
3985a3c45be355a4c57fde108bfabd1c,7,10.95529369212963,5.530559934797101,1.0,0.5048299105637213,8,144,0.0555555555555555,1.0,0.6086274273405343,2.0,3.0
e3dd723429d1b23614b7fa85e2c7a853,7,13.411779513888888,3.483028301563227,0.75,0.2596991918899571,8,76,0.1052631578947368,1.0,1.4117662646198823,2.0,3.0
e4ebd3f87bf70440014f07ddda7fbe03,7,17.889925595238093,10.04862180692754,0.8571428571428571,0.561691648935771,7,89,0.0786516853932584,1.0,1.4070727996254675,2.0,3.0
79565f7d5603b24ddf07ade262547f2f,7,13.240676256613757,10.951002363686438,0.7142857142857143,0.8270727379363558,8,107,0.0747663551401869,1.0,0.9899571032982245,2.0,3.0
4d232b78ab7ef10393dc3807d827bc0d,5,6.165969907407408,2.063114209206319,1.0,0.3345968663790953,5,25,0.2,1.0,1.2331939814814818,2.0,3.0
3903c788ded8dc03b5ebab37a2f3e9a1,5,10.304136574074075,5.613653518126295,0.8,0.5447961095790052,5,73,0.0684931506849315,1.0,0.7057627790461695,2.0,3.0
87e24fc7052259b1f7f607d61c10d8be,7,15.341284722222223,6.365978816037674,0.8571428571428571,0.4149573475301191,8,92,0.0869565217391304,1.0,1.3340247584541058,2.0,3.0
270d3ef21830ad0ecf3a6c53d08a533a,5,11.42580746187364,3.5516647881019288,1.0,0.3108458461210159,18,144,0.125,1.0,1.428225932734205,2.0,3.0
05e107217c7266362fd44b75b2cd4cc4,5,6.803227719907407,4.602306390431652,0.5,0.6764886580180929,8,54,0.1481481481481481,1.0,1.0078855881344304,2.0,3.0
397c4d0c005b6f41f90098ac724e28cb,5,16.082599537037037,9.180830516708442,0.6,0.570854885465852,5,118,0.0423728813559322,1.0,0.6814660820778405,2.0,3.0
3a4127e1ba7208ea37044c5092aae170,5,11.77629861111111,6.110097776011203,1.0,0.5188470484474839,6,120,0.05,1.0,0.5888149305555556,2.0,3.0
4d600e08ecbe08258c79e536c5a42fee,7,12.936089616402116,6.6996664300773245,1.0,0.5179050724557895,8,161,0.0496894409937888,1.0,0.642787061684577,2.0,3.0
4da0e408c99d2fdc2126dc9fce518060,44,9.155100308641977,4.650181073404943,1.0,0.5079333832110386,54,577,0.0935875216637781,1.0,0.8568031484690926,2.0,3.0
fde0cc9ea29c8ccfc0a2c22256a58c71,35,8.711281084656084,5.763611383298684,0.9714285714285714,0.6616261520306835,35,313,0.1118210862619808,1.0,0.9741049136196896,2.0,3.0
11305281b50fff20ae8bb473f8e11876,35,14.009434317129628,7.495032835778308,0.875,0.5349989632781942,40,682,0.0586510263929618,1.0,0.8216677018844345,2.0,3.0
718539d38d07dd351c76db862760e2e2,35,7.958789567183462,5.183039568391206,1.0,0.6512346537923898,45,303,0.1485148514851485,1.0,1.1819984505718013,2.0,3.0
96804ea39d96eb908e7c3afdb671bb9e,37,13.42224952516619,7.200704734823899,0.9743589743589745,0.5364752548611811,40,445,0.0898876404494382,1.0,1.2064943393407812,2.0,3.0
bd4889b5e9133b35b66e42a8665cea5c,36,10.212597552910054,6.247576778744858,1.0,0.6117519804708869,42,473,0.0887949260042283,1.0,0.9068268440216112,2.0,3.0
e2aee0892199b1d92530e371abd825bf,36,14.986155033238363,9.041573352562851,0.8717948717948718,0.6033284276393245,41,566,0.0724381625441696,1.0,1.085569534209846,2.0,3.0
325f3178fb58e2a9778334621eecdbf9,36,6.277807467793881,3.240077349098589,1.0,0.5161160748749759,46,327,0.1406727828746177,1.0,0.8831166468456222,2.0,3.0
f181738b150df1f37cb0bd72e705b193,36,9.138639889889893,9.443173093097206,0.8918918918918919,1.0333236900541645,37,465,0.0795698924731182,1.0,0.7271605933890876,2.0,3.0
66dc1b1632bd6a3e508510c5b3492107,36,10.43919320234869,5.411440548090159,0.975609756097561,0.5183772771704859,42,390,0.1076923076923077,1.0,1.124220806406782,2.0,3.0
2c3d56f92f360fb89d849b84e8f50eae,7,13.617607473544975,8.419213168663942,0.7142857142857143,0.6182593517267999,8,169,0.0473372781065088,1.0,0.6446204721204711,2.0,3.0
5fd924b4836098a5be0ecf81ba054ce0,7,7.734107349537037,3.5825880952959404,1.0,0.463219339140721,8,44,0.1818181818181818,1.0,1.4062013362794612,2.0,3.0
6219ba2359cfb97f2e38fd4c321eb309,5,23.707979166666668,19.956364555033968,0.4,0.8417573009804455,6,284,0.0211267605633802,1.0,0.5008727992957728,2.0,3.0
8378eb36b6b70c5734e83ad7b8cdc3b7,7,19.92232371794872,11.20355606457753,0.7692307692307693,0.5623619123548251,13,195,0.0666666666666666,1.0,1.3281549145299134,2.0,3.0
a414555ce331b8c8aea4a9cb8395194d,7,7.642094907407407,3.760460669946725,1.0,0.4920719665888665,8,56,0.1428571428571428,1.0,1.0917278439153435,2.0,3.0
2ba91c7ad80ff88b23b7db823b43c233,6,18.654373070987656,13.845596323643964,0.6666666666666666,0.7422171879459956,6,131,0.0458015267175572,1.0,0.8543987666101207,2.0,3.0
f3295428338a40977a03f555246a70f4,7,14.829621362433864,5.532908867428624,0.7142857142857143,0.3730984582954013,7,106,0.0660377358490566,1.0,0.9793146182739344,2.0,3.0
b9c0ffa92f3ff9a5a3d45ef7213c0842,3,21.183537808641976,11.599731433573178,1.0,0.5475823508970717,3,89,0.0337078651685393,1.0,0.7140518362463582,2.0,3.0
a08692680c77d30a0b4280da5df01c5a,6,11.04900258714597,6.579828319313661,1.0,0.5955133295894425,17,295,0.0576271186440678,1.0,0.6367221829880729,2.0,3.0
c522be04e020c1e7b79f3acff36513d5,6,15.649359567901236,13.390387799535665,0.6666666666666666,0.8556508489332049,7,123,0.056910569105691,1.0,0.8906139591488499,2.0,3.0
e644cbadf7eeb30d0d29f335ce7d52ec,7,6.943683127572017,1.6627524073415691,1.0,0.2394625988532083,10,50,0.2,1.0,1.3887366255144036,2.0,3.0
73b8eb4a9a729d4019b24ed1be748cbf,7,4.136651785714286,2.410194824676209,1.0,0.5826438746910466,8,51,0.1568627450980392,1.0,0.6488865546218489,2.0,3.0
c157bdeedcbc9a8e3c8bf0d87ff24428,7,12.821667824074074,7.18571561142769,1.0,0.5604353279169912,10,108,0.0925925925925925,1.0,1.1871914651920428,2.0,3.0
6da1992f915d77be95d7fa48b36904af,7,8.837852366255143,3.6969251782045793,1.0,0.4183058309867508,9,99,0.0909090909090909,1.0,0.8034411242050129,2.0,3.0
51ed72984a04e5dd35c2b27e77179038,7,16.578348214285715,12.67502501810342,0.8571428571428571,0.7645529490797663,7,162,0.0432098765432098,1.0,0.7163483796296284,2.0,3.0
29fe9f200d3fa0c668d2aa1ec7e08dfb,5,10.749125,7.020747085405165,1.0,0.6531459151703198,5,80,0.0625,1.0,0.6718203125,2.0,3.0
ad87df7699e83b8a91822a4a0b765c3a,5,9.560673225308642,5.783785641905292,1.0,0.6049558964733445,7,97,0.0721649484536082,1.0,0.6899454904861902,2.0,3.0
70bf57d811208f8923b41bbd499a67a4,7,4.817481812169312,3.2397514455045378,1.0,0.6724989469229937,7,63,0.1111111111111111,1.0,0.5352757569077013,2.0,3.0
4ef4c39cf3c24f326434cf0b2e48046a,7,13.790258969907407,7.799355998921577,0.875,0.5655699444035853,9,218,0.0412844036697247,1.0,0.5693226180236993,2.0,3.0
39d61be7a92eb77b7da367bd4845bc0e,7,10.633196097883598,4.61447789753453,1.0,0.4339690395113641,14,140,0.1,1.0,1.06331960978836,2.0,3.0
86ff3eaef0267069cc891a2ed9d10a17,7,8.963817791005292,4.380566654184099,1.0,0.4886942992727676,7,83,0.0843373493975903,1.0,0.7559846329763494,2.0,3.0
b19f3ca2ea475913750f25a5c37c8d8f,19,18.38999939083821,10.463150067835835,0.6842105263157895,0.5689586957272288,24,307,0.0781758957654723,1.0,1.437654675505267,2.0,3.0
a44fb5a447105f8469bdf16bf9159f25,19,14.242983065302145,9.807009131992306,0.7368421052631579,0.6885502206264307,19,256,0.07421875,1.0,1.0570963993778935,2.0,3.0
e84ad2127668df3aafc6b73531a0beb8,19,9.707826590177136,7.275876634349766,0.9565217391304348,0.7494856409684802,23,241,0.0954356846473029,1.0,0.926473077070847,2.0,3.0
2a7c6c0b0d5efde2bf75ec1e1cec2d41,3,10.607287808641976,3.1485862379076144,1.0,0.2968323566503396,3,28,0.1071428571428571,1.0,1.136495122354497,2.0,3.0
c458e2045a8aa8964f8879af03fdcce6,4,15.368130144032923,2.5952730572569243,1.0,0.1688737037579426,9,83,0.108433734939759,0.0,1.6664237505577864,2.0,4.0
52d76513f0c4d97f3b99570e2c94ee31,19,11.809747437169312,6.037745288971041,0.9642857142857144,0.51125100863446,28,399,0.0701754385964912,1.0,0.8287542061171443,2.0,3.0
f5b44895715ddfe3087dc414f30268f3,19,12.497305677387915,8.49354544883525,0.9473684210526316,0.6796301273324141,19,311,0.0610932475884244,1.0,0.7635009899368819,2.0,3.0
83f2b4881141ce3fcd4e985125d3279e,3,18.191948302469136,9.246745714287812,0.6666666666666666,0.5082878183549356,3,54,0.0555555555555555,1.0,1.0106637945816177,2.0,3.0
834f8533b2ecb6598dd004ff3de7203a,41,15.047818672839506,9.664914065155813,0.8222222222222222,0.6422800723004761,47,581,0.0808950086058519,1.0,1.2172934210386508,2.0,3.0
9add47bf45ce8e8c7db6b9cf670b1e09,41,12.256529661929372,6.86960743929664,0.9767441860465116,0.5604855231276987,45,560,0.0803571428571428,1.0,0.9848997049764666,2.0,3.0
e63e8bfa530fb16910dd6956e592bb81,41,9.344903273809525,5.8253081843832994,0.9523809523809524,0.6233674136263764,43,387,0.1111111111111111,1.0,1.038322585978836,2.0,3.0
b1ac6ea7895bc3dd6f0f6f4abbdd2821,38,10.18083455165692,5.056621628214203,1.0,0.4966804639204399,41,311,0.1318327974276527,1.0,1.3421678990930341,2.0,3.0
6e1862e15f33d9994bc25922a85e1efc,7,3.6328163580246913,1.9034547472858545,1.0,0.5239611804437149,14,75,0.1866666666666666,1.0,0.6781257201646088,2.0,3.0
0951a6e282947e09cd47969f4ed0b47f,7,4.719513888888889,2.243248919699957,1.0,0.4753135540041993,7,33,0.2121212121212121,1.0,1.0011090067340067,2.0,3.0
9a1aea68d3efa00862ec88c0768037d0,7,13.29107494212963,6.209434882061603,1.0,0.4671883131423127,8,161,0.0496894409937888,1.0,0.6604260840809751,2.0,3.0
20b54c376b794ed028df09a3cd88e8dc,7,21.161888227513227,10.262625935637235,0.7142857142857143,0.4849579501272706,11,290,0.0379310344827586,1.0,0.8026923120780874,2.0,3.0
a254c682cc01e119f83530446f1df9a9,6,15.934608134920635,9.791026968128715,0.8571428571428571,0.6144504392719715,7,157,0.0445859872611464,1.0,0.7104602353149312,2.0,3.0
a90a5da8b09e44264a177c0374a5ac87,3,9.380806327160494,1.2105840124873348,1.0,0.1290490359002828,3,17,0.1764705882352941,0.0,1.6554364106753812,2.0,4.0
d0d70d21e2234dd7cd3cf63fe414148a,8,8.988106995884774,1.6207374277660085,1.0,0.1803202196533782,9,49,0.1836734693877551,0.0,1.6508767951625096,2.0,4.0
b56906f7fd1696e043f1bcce164c487b,40,13.57789489638448,11.176591739769131,0.9523809523809524,0.8231461375316165,42,672,0.0625,1.0,0.84861843102403,2.0,3.0
a69aa24cec11168e7e39a3fbc727e925,3,8.651388888888889,5.315549254949017,1.0,0.6144157109589489,3,36,0.0833333333333333,1.0,0.7209490740740737,2.0,3.0
8b2d4ab22f42c5cfc338b846decfda60,6,12.676804269547326,10.883967681816344,1.0,0.8585734582936018,9,146,0.0616438356164383,1.0,0.7814468385337385,2.0,3.0
8bd0e3abda539b9479c4b44a691be1ec,6,22.93613522376544,12.72423076595518,0.6666666666666666,0.5547678648480796,13,223,0.0582959641255605,1.0,1.3370841161836347,2.0,3.0
0c7f30ae9b147eca07affbef92832a6a,5,8.54264814814815,5.133904496123148,1.0,0.600973422654199,5,46,0.108695652173913,1.0,0.9285487117552332,2.0,3.0
8fbe2ee446b97e128471be4ce983dc0d,3,8.099621913580247,5.4500613112077,0.6666666666666666,0.672878483632655,3,44,0.0681818181818181,1.0,0.5522469486531979,2.0,3.0
75fbb52eda0cbc24f479d3b2fbfa8d3e,38,13.90176575203252,6.990714837252456,0.951219512195122,0.5028652447427675,43,502,0.0856573705179282,1.0,1.1907886998752943,2.0,3.0
6338ea67c41078a46ad99cc009654956,37,13.200010258838384,6.167186079778215,1.0,0.4672107035408422,44,561,0.0784313725490196,1.0,1.035294922261834,2.0,3.0
14d7985702e72162bbf13b6beb74ab2b,37,11.145243055555556,11.098166898112346,0.868421052631579,0.9957761210582354,38,505,0.0752475247524752,1.0,0.838651952695269,2.0,3.0
7dc8c42cc750eeafea6c85712ffee9bf,41,8.662016898148147,6.652422649014736,0.96,0.767999269366117,50,691,0.0723589001447178,1.0,0.62677401578496,2.0,3.0
1c56ffe0e9dea2657fc6e95b53f40b13,3,6.678163580246913,4.103037787184905,1.0,0.6143961192147381,3,31,0.0967741935483871,1.0,0.6462738948626044,2.0,3.0
6548c2550b6e2d8f18053216e1c7b6f3,3,6.334023148148148,4.075140633664764,1.0,0.6433731829439551,5,58,0.0862068965517241,1.0,0.5460364782886332,2.0,3.0
ba6b68b55fe8704377a7d43c8e5c0185,5,10.590298611111113,0.8554443944151486,1.0,0.0807762298144865,5,33,0.1515151515151515,0.0,1.6045906986531986,2.0,4.0
e6a69c4a27dfdd98ffe5aa757ad744bc,21,10.26631793478261,6.934046928456122,1.0,0.6754171235008564,29,495,0.0585858585858585,1.0,0.6014610507246368,2.0,3.0
b347677812ea483b0f528eaf8cbc09b7,21,13.2191655643739,5.533992797263682,1.0,0.4186340484438731,21,211,0.0995260663507109,1.0,1.3156515490609095,2.0,3.0
e99e927c81e3f51739c94fcdfca9f10f,21,13.993323206018518,7.353557203703521,0.8333333333333334,0.5255047064546299,25,422,0.0592417061611374,1.0,0.8289883415887742,2.0,3.0
157c3e4b42f81ac4a44e8b1ca2fe9876,23,10.383809363799283,7.003609391603275,0.935483870967742,0.6744739956436139,31,302,0.1026490066225165,1.0,1.0658877161515814,2.0,3.0
7b1222c3624aa89b9558b50a2594188c,22,17.665475063131314,9.680287374969486,0.8636363636363636,0.5479777555019002,22,494,0.0445344129554655,1.0,0.786721561515968,2.0,3.0
fb89df7f89fd1b8f03fa2acca1ba7364,22,15.54835324074074,8.011413815618655,0.92,0.5152580271090486,25,313,0.0798722044728434,1.0,1.2418812492604419,2.0,3.0
f0837c8d71434931d9e38e7b79234797,22,11.72438003220612,6.287682231137303,0.9565217391304348,0.536291233640111,23,270,0.0851851851851851,1.0,0.9987434842249648,2.0,3.0
fcf16b7a8697e559f0123190bb30177d,3,15.83217757936508,8.05897330103122,0.4285714285714285,0.5090249437029375,7,177,0.03954802259887,1.0,0.6261313166980531,2.0,3.0
3fadb4cba4c35bce6a7eaf9872d5623a,3,8.984731481481482,4.13824187144026,1.0,0.4605860375426501,5,55,0.0909090909090909,1.0,0.816793771043771,2.0,3.0
2b03ac196f5ed62ac483960fe0fa3b65,7,12.89291832010582,12.503775411911548,0.8571428571428571,0.9698173137739168,7,174,0.0402298850574712,1.0,0.5186806220732219,2.0,3.0
52a52b9f656520e99716f5bc40f661c8,7,10.534014756944444,4.403787710619903,1.0,0.4180540669659447,8,91,0.0879120879120879,1.0,0.9260672313797312,2.0,3.0
e439f7176d763f92de325271111b2fd5,6,9.92680362654321,5.030394934755203,1.0,0.5067487102600142,7,93,0.075268817204301,1.0,0.747178767589273,2.0,3.0
717b78b0950b51ed00b1471d858b0edc,5,21.32962037037037,19.04161822921833,0.8,0.8927312300255292,5,163,0.0306748466257668,1.0,0.6542828334469424,2.0,3.0
3faf68a3b0af94b10bac70d86077be49,7,16.159052579365078,8.34680551039705,1.0,0.5165405254671814,7,88,0.0795454545454545,1.0,1.2853791824494942,2.0,3.0
365e4bce19bda0082c3d15d83fdb8bcd,6,11.48213955026455,7.8574384006724705,1.0,0.6843183159615434,7,159,0.0440251572327044,1.0,0.5055029990682506,2.0,3.0
0ad80de75c811326389cfb1daba7d45e,6,8.998383487654321,5.667035280297286,1.0,0.6297837037143831,6,79,0.0759493670886076,1.0,0.6834215307079231,2.0,3.0
340636a908b13bbe0f4fb63fbe1d0c03,3,7.826103395061729,1.6570962799585471,1.0,0.2117396354620327,6,71,0.0845070422535211,0.0,0.6613608502869064,1.0,2.0
0b0ddbc7b9d9584f442c7ac92b0ff6c9,3,11.94431327160494,6.323859901212773,1.0,0.5294452479111046,3,67,0.044776119402985,0.0,0.5348199972360412,1.0,2.0
ef728fa1f17436c91ed1ccd03dcf9631,3,4.545859375,1.0287911465954094,1.0,0.2263138961696124,4,32,0.125,0.0,0.568232421875,1.0,2.0
e2a1ac9bf33e5549a2a4f834e70df2f8,5,12.335252314814817,3.421273752329813,1.0,0.2773574196144179,5,121,0.0413223140495867,0.0,0.5097211700336691,1.0,2.0
7994b065a7ffb14e71c6312cf87b9de2,5,8.704467592592593,1.6217874554145877,1.0,0.1863166745309858,7,61,0.1147540983606557,0.0,0.9988733302975104,1.0,2.0
034b9387752bfa309f350a70cd45ffa3,8,8.508582175925927,3.4220922882536304,1.0,0.402193011420405,8,134,0.0597014925373134,0.0,0.5079750552791595,1.0,2.0
101a3a003516bc11253298b2fad3cb65,5,6.880599922839505,1.6431208090038387,1.0,0.2388048756547599,6,36,0.1666666666666666,0.0,1.1467666538065837,1.0,2.0
253f95b3a0e6983ae18aed49fbc2b845,5,9.206965277777778,1.850335315833936,1.0,0.2009712494843402,5,83,0.0602409638554216,0.0,0.5546364625167328,1.0,2.0
392353362d22cc2c236e1ee81ff19890,5,8.406233796296297,2.6689531915050035,1.0,0.3174969024393442,10,132,0.0757575757575757,0.0,0.6368358936588099,1.0,2.0
7d294cf9a6a69dc6a0c3e540fff0e039,5,8.816810185185187,2.8209629431931567,1.0,0.3199527815550795,5,88,0.0568181818181818,0.0,0.500955124158249,1.0,2.0
228e4c1a0be164f613d41c24345f9d2c,5,11.118863425925928,2.487244521997241,1.0,0.2236959324635391,5,96,0.0520833333333333,0.0,0.5791074701003084,1.0,2.0
293dee954235e4e4e43f129313625ebe,8,14.440222800925929,3.146545732580509,1.0,0.2179014670312945,8,98,0.0816326530612244,0.0,1.1787936980347684,1.0,2.0
a2fa0bdc798ee84cdb08281337cf4fb6,8,19.99129208754209,7.301550655039582,1.0,0.3652365551494126,13,374,0.03475935828877,0.0,0.6948844843263282,1.0,2.0
41b14765bd56c8ad10971074380f9c0c,8,7.071449074074074,3.1238907014174395,1.0,0.4417610405865049,10,132,0.0757575757575757,0.0,0.5357158389450053,1.0,2.0
8ca5b19e0263150d2c57afdde2b3d011,3,5.376125578703704,1.8512579234535944,1.0,0.3443479688768676,4,29,0.1379310344827586,0.0,0.7415345625798211,1.0,2.0
4305fe92735c8a43d154ff6dd2b8d927,17,11.234060063352826,3.265221835431319,1.0,0.2906537633782962,21,396,0.053030303030303,0.0,0.5957456094202253,1.0,2.0
06bb3a2fe5e7b7a845b13e8fb91bd944,17,8.900171039094651,2.571364825869274,1.0,0.2889118438931528,18,297,0.0606060606060606,0.0,0.5394043053996758,1.0,2.0
be3b4b0f050a6aa1b2d901c4b77e979f,3,7.576799768518518,1.5496244162390838,1.0,0.2045222869261701,8,44,0.1818181818181818,0.0,1.3775999579124578,1.0,2.0
961dff0a659b4561334372337dd897d9,3,20.51594907407408,7.256165355472869,0.3333333333333333,0.3536841181109411,4,138,0.0289855072463768,0.0,0.5946651905528717,1.0,2.0
05feb94f19d094d4b0f9281f0b1d4c99,6,15.371317515432098,9.724195320917335,1.0,0.6326195078043694,6,189,0.0317460317460317,1.0,0.4879783338232406,1.0,1.0
35857757f553273b1056c1cabdace7fb,6,18.20813271604938,15.366771041893593,0.6666666666666666,0.8439509576041646,6,248,0.0241935483870967,1.0,0.44051933990441916,1.0,1.0
3dfd3dc96f7f8598eca74e9ac8a2fa31,6,12.23041473765432,13.28269234967456,0.8333333333333334,1.0860377701485906,6,216,0.0277777777777777,1.0,0.339733742712619,1.0,1.0
13511db12ac61e2f89c53b72a944a60b,6,9.17029899691358,6.472817196395951,0.8333333333333334,0.7058458179580064,6,118,0.0508474576271186,1.0,0.46628638967357144,1.0,1.0
777a0c55737f34ffeb78010f7542ab41,6,4.23389274691358,3.2156031228107005,1.0,0.7594909259699147,6,55,0.109090909090909,1.0,0.46187920875420835,1.0,1.0
28c7d8743fbc8679f484868cc0fcaefb,3,13.52462962962963,11.9271975189794,1.0,0.8818871825406153,3,98,0.0306122448979591,1.0,0.4140192743764161,1.0,1.0
50770d25768b0486d89be26afca3108f,6,13.481597222222222,12.277163004593012,0.8333333333333334,0.910660866232979,6,219,0.0273972602739726,1.0,0.36935882800608827,1.0,1.0
71271995e85f5b8530be99ed54a91b89,6,12.30955825617284,13.221393765828568,0.8333333333333334,1.0740754047123071,8,231,0.0346320346320346,1.0,0.4263050478328252,1.0,1.0
94b9108d4b637ba65bb4f1e53cfcf8d8,7,16.451164641203704,19.82225845249773,0.875,1.2049152072097535,8,336,0.0238095238095238,1.0,0.39169439621913565,1.0,1.0
76c47a299e4a8fe992316a85865acbe9,6,15.34326851851852,14.869567556164965,0.8,0.969126463388044,10,361,0.0277008310249307,1.0,0.4250212886016203,1.0,1.0
6bd69102ab48df500790a8cecfc285c2,5,16.254462962962965,20.094528751142843,0.8,1.2362468570588745,5,319,0.0156739811912225,1.0,0.2547721467549042,1.0,1.0
b566ab0ef88016e00422755e305103c6,5,13.048136574074071,11.524324959569723,0.8,0.8832161507619349,5,135,0.037037037037037,1.0,0.48326431755829846,1.0,1.0
8a9260f2b0340411d6d2a56bcf4f7378,8,9.192312242798357,7.290407356102934,0.8888888888888888,0.7930983155858904,9,182,0.0494505494505494,1.0,0.4545648911273908,1.0,1.0
fc59392d66ef99377e50356ee4f3b4e1,5,7.950819444444446,5.233776679345516,1.0,0.6582688383148436,5,85,0.0588235294117647,1.0,0.4676952614379085,1.0,1.0
3d621842b2ed28e2b474132480edac3c,8,9.898842592592594,7.249185354078373,1.0,0.7323265610368442,10,211,0.0473933649289099,1.0,0.4691394593645774,1.0,1.0
499ec63c58e51296c9cf57edcfe1c8a8,5,5.2333750000000006,5.207300024649716,1.0,0.9950175603028096,5,54,0.0925925925925925,1.0,0.4845717592592588,1.0,1.0
606ce7768feac12c5e8bd58db8b08f0f,5,9.72950925925926,7.236994487481507,1.0,0.7438190657554792,5,106,0.0471698113207547,1.0,0.4589391160027951,1.0,1.0
8e34331b7eedd03be4e5d965c1956225,5,13.948203703703705,10.82243677932223,0.8,0.7759018300290896,5,165,0.0303030303030303,1.0,0.42267283950617285,1.0,1.0
2b5ed0c9139dae8883a200dfcb272ece,4,16.871241319444444,17.060331171030207,0.75,1.011207820930629,4,218,0.018348623853211,1.0,0.3095640609072373,1.0,1.0
9449f25aeaf531019b76999ea49a6949,9,13.614467592592591,9.709200563585457,0.7777777777777778,0.7131531583995302,10,315,0.0317460317460317,1.0,0.4322053203997642,1.0,1.0
ae45df84722b1d15c5f32b23a095746c,9,7.358047839506173,5.39747502483491,1.0,0.7335471503535584,12,181,0.0662983425414364,1.0,0.48782637609985635,1.0,1.0
189ca3538ce9f920cacf0f982cbe223b,4,4.781097222222223,2.9703129011632843,1.0,0.621261765470375,5,48,0.1041666666666666,1.0,0.4980309606481479,1.0,1.0
09883d9ab71c8fe8a9bfc7fc3075b07e,4,14.43830150462963,14.404706234807538,0.75,0.997673184078382,5,214,0.0233644859813084,1.0,0.33734349309882294,1.0,1.0
cbf09e831b0c11f6f23ffb51004db972,10,5.281611111111111,3.7321511674726513,1.0,0.706631194337878,10,111,0.09009009009009,1.0,0.4758208208208204,1.0,1.0
39c763cca83e654764b7a4a650fb9b7c,11,13.490741792929294,11.792726738511158,0.8181818181818182,0.8741347895852479,11,317,0.0347003154574132,1.0,0.46813299596915464,1.0,1.0
74636e24f01da9268b0ed88dacd8513e,4,13.129348958333331,15.118619593806386,0.75,1.1515132731856017,4,112,0.0357142857142857,1.0,0.4689053199404759,1.0,1.0
9b522ba7eae9e1d04082f267144583cc,3,26.79892129629629,44.87900178344581,0.8,1.67465702396194,6,329,0.0182370820668693,1.0,0.4887341269841268,1.0,1.0
abc015ebac1d283a323ca9db35ede4b9,12,11.109822827635329,7.102547198892678,1.0,0.6393033722576853,13,303,0.0429042904290429,1.0,0.4766590652120768,1.0,1.0
1d29dfba02015238dfbe2449a5eaa361,12,15.374400077160496,19.015348264395502,0.9166666666666666,1.2368188787179957,12,464,0.0258620689655172,1.0,0.3976137950989777,1.0,1.0
c26ba52cf8d2f34915f2f6b7ffa0a3f3,3,7.716890432098765,5.937919386002834,1.0,0.7694704801436317,4,68,0.0588235294117647,1.0,0.4539347312999273,1.0,1.0
e82de6494d91d3c4c54450f59b227a94,3,18.68153549382716,23.28063398053648,0.6666666666666666,1.2461841794658142,3,145,0.0206896551724137,1.0,0.3865145274584912,1.0,1.0
ba5daa4041e1f15cdf34b76e3e18a450,15,5.692246141975308,4.484844891322674,1.0,0.7878866759205805,15,199,0.0753768844221105,1.0,0.4290637795458772,1.0,1.0
3442f8959a84dea7ee197c632cb2df15,3,13.018587962962965,13.41409345400014,0.6666666666666666,1.030380060584325,3,118,0.0254237288135593,1.0,0.33098104990583777,1.0,1.0
04aba03279157f6d4e0fe8ccaf21963c,15,11.624953703703705,11.558548596597824,0.9333333333333332,0.9942877099730106,16,474,0.0337552742616033,1.0,0.39240350054695966,1.0,1.0
f1c1ac3f3efc07e659c035008e615e66,3,12.648045267489712,3.861808461233131,1.0,0.3053284819559784,14,182,0.0769230769230769,0.0,0.9729265590376699,1.0,2.0
a36b125ac6d5fdbc7f50de85c9157bdc,23,12.929280092592592,5.356345468305692,0.88,0.4142802561276737,26,664,0.0391566265060241,0.0,0.5062669915774207,1.0,2.0
b7e1750c1157341d2abd0251e07c186b,3,9.544210069444444,3.213409219990475,1.0,0.3366867657574016,4,66,0.0606060606060606,0.0,0.5784369739057239,1.0,2.0
0015a82c2db000af6aaaf3ae2ecb0532,3,10.793885030864198,1.4640524029172344,1.0,0.1356372055780565,3,23,0.1304347826086956,0.0,1.4078980475040253,1.0,2.0
60562ab00b8054280520d390c8c0045c,17,10.181200980392155,3.55929076217223,1.0,0.3495943915680499,17,290,0.0586206896551724,0.0,0.5968290229885055,1.0,2.0
d4f117125b59ce73c3302f88ee40c458,17,7.728728894335511,2.999139047244395,1.0,0.3880507504206163,17,251,0.0677290836653386,0.0,0.5234597259111697,1.0,2.0
7901646fdd36a55f564ffaf2dbccaaf7,22,9.87708118998628,8.262366384613802,0.8518518518518519,0.8365190308438963,27,540,0.05,1.0,0.493854059499314,1.0,1.0
f1fd5ab1181f827ffad998c1a5de7d74,15,9.45754938271605,4.708920261292423,1.0,0.4979006792074609,15,267,0.0561797752808988,0.0,0.5313229990289908,1.0,2.0
a35ef466c6fd6d052f5d241240d3c5e2,3,11.83108024691358,2.724161557255908,1.0,0.2302546766992448,3,48,0.0625,0.0,0.7394425154320987,1.0,2.0
ab3e0c171fe84a7ba7de130f19cfb485,6,19.90822585978836,6.473324481979669,0.7142857142857143,0.3251582801787887,10,355,0.028169014084507,0.0,0.5607950946419248,1.0,2.0
b586cd24c010a13916af621b0325fbba,6,5.1057208994709,1.6552540188090712,1.0,0.3241959463512005,7,68,0.1029411764705882,0.0,0.5255889161220043,1.0,2.0
a64e44665225d19dfc0277eeeaaccc57,6,7.929162808641976,2.3981482154885536,0.8333333333333334,0.302446585265574,6,62,0.0967741935483871,0.0,0.7673383363201912,1.0,2.0
888faa8bfb0b159c37de6d898b961c31,19,8.40657306763285,3.0136394221990326,1.0,0.3584860796371598,23,381,0.0603674540682414,0.0,0.5074834135316413,1.0,2.0
26b482dccfa29bd2e40703ba45523702,3,3.457259837962963,0.5318204902352606,1.0,0.1538271680929288,4,21,0.1904761904761904,0.0,0.6585256834215165,1.0,2.0
6d7f8d9d594e28796b6b3205b00f459c,3,15.28804012345679,6.432058683160116,1.0,0.4207248693239142,3,65,0.0461538461538461,0.0,0.7056018518518511,1.0,2.0
f19516b9ff26bfeb091b30108db4ddbd,3,10.648128858024691,1.687040408980598,1.0,0.1584353862988052,5,90,0.0555555555555555,0.0,0.5915627143347044,1.0,2.0
bb5bd94c8f59cc050072d2930c869cac,16,14.840234204793028,5.788826550751815,0.9411764705882352,0.3900764954829465,17,482,0.0352697095435684,0.0,0.5234107499615789,1.0,2.0
e9e446d01bd10a97a8ffcfc4a3a20cb2,3,5.304830246913579,2.358129069411363,1.0,0.4445248876311082,4,34,0.1176470588235294,0.0,0.6240976761074798,1.0,2.0
39f776d2974049026ff531fc42ef2a3e,3,15.296750578703705,4.02813533434905,1.0,0.2633327459726683,4,104,0.0384615384615384,0.0,0.5883365607193723,1.0,2.0
478bfe564db21eeb44386606aa30b650,3,13.974162808641973,6.480746322987309,1.0,0.4637663387590885,3,81,0.037037037037037,0.0,0.5175615855052578,1.0,2.0
dbec9a0a7efeff029d4d9dce7dc4cc95,3,11.927997685185185,5.456657662355332,1.0,0.4574663582583195,3,61,0.0491803278688524,0.0,0.5866228369763199,1.0,2.0
2ea0861cc19e94cad86438c984c52da4,6,5.250605709876544,2.715463743391638,1.0,0.5171715214272843,6,62,0.0967741935483871,0.0,0.5081231332138592,1.0,2.0
a67780aba9dd436e7ac0aa1f889e73ec,6,21.632880015432097,9.941133702164215,0.6666666666666666,0.4595381518814221,6,256,0.0234375,0.0,0.5070206253616898,1.0,2.0
30c7f28fd3a5897b2c82d152bb760c17,6,20.652399691358024,8.024351247438124,0.5,0.388543286366664,7,221,0.0316742081447963,0.0,0.654148406513601,1.0,2.0
ba6ce6de456f6c11d08c17701ba5c26f,6,12.060459656084657,4.203955462293085,0.8571428571428571,0.3485734028530277,7,159,0.0440251572327044,0.0,0.530963632657815,1.0,2.0
651fe66032c9520ee5587f694908040d,7,6.706140873015873,1.007294186877408,1.0,0.1502047460605177,7,37,0.1891891891891892,0.0,1.2687293543543545,1.0,2.0
186cdd1b2df32caa72cfb410bba768d3,6,8.898485725308642,2.2154511243738804,1.0,0.2489694530916424,6,88,0.0681818181818181,0.0,0.6067149358164976,1.0,2.0
91f5779a8731baca4809fdeade81803f,6,16.374195601851852,4.28474505612594,1.0,0.2616766747089154,6,147,0.0408163265306122,0.0,0.6683345143612993,1.0,2.0
014c0679dd340a0e338872e7ec85666a,14,19.02018364197531,8.055365943257533,0.8666666666666667,0.4235167280656684,15,525,0.0285714285714285,0.0,0.5434338183421504,1.0,2.0
1b8b75e227c9a9c100d0c210fb6176ce,15,14.996113425925923,5.019720952336081,0.9333333333333332,0.3347347949274491,19,327,0.0581039755351682,0.0,0.8713338076226071,1.0,2.0
0f7eea709efdf942b5f95c7516dbacd7,3,8.043919753086419,3.733565770835317,1.0,0.4641475655451141,3,39,0.0769230769230769,0.0,0.6187630579297243,1.0,2.0
a0d7fbb07bb5ebc3b05980e750db56f3,3,17.37723090277778,4.05950171785194,1.0,0.2336103916995786,4,101,0.0396039603960396,0.0,0.6882071644664466,1.0,2.0
9bcdfa7b615b3abb9461d9e3ad9886ae,14,11.408699652777775,6.582781397378556,0.95,0.5769966427134215,20,441,0.0453514739229024,0.0,0.5174013447971769,1.0,2.0
e48cc16ab70bfa09e1401740dce0b3d7,14,14.658911356209147,6.372543722016494,0.8823529411764706,0.4347214855977175,17,384,0.0442708333333333,0.0,0.648962221498842,1.0,2.0
52562a9f449c3dc3d53f5f5b9ed74903,14,13.357767857142855,5.487042445314232,1.0,0.4107754008002259,14,353,0.0396600566572237,0.0,0.5297698300283272,1.0,2.0
11d4c477d09821164bca4f70a2eae031,3,6.707725694444444,1.0847393788730098,1.0,0.1617149281717685,4,42,0.0952380952380952,0.0,0.6388310185185183,1.0,2.0
3f9c56764fabca627406093dcb3ef0b4,7,8.48726355820106,3.624810114746536,1.0,0.427088199852585,7,93,0.075268817204301,0.0,0.6388262893269607,1.0,2.0
2bf28e311bba65237358230cabac3f15,7,12.415434027777778,4.881116046055683,0.75,0.3931490461899984,8,132,0.0606060606060606,0.0,0.752450547138047,1.0,2.0
9140bd1d9de28b197dce077bdd687438,6,5.334270833333333,3.035271060481486,1.0,0.5690133019707916,8,82,0.0975609756097561,0.0,0.5204166666666666,1.0,2.0
d197aa8fbc64087f61984deef05f6227,6,7.261005291005291,1.3076196573485672,1.0,0.1800879637105355,7,98,0.0714285714285714,0.0,0.5186432350718062,1.0,2.0
b29d3380981c51df13fc6fbe87e1763d,6,7.856157407407407,4.022511528655183,1.0,0.512020230763508,7,97,0.0721649484536082,0.0,0.5669391943489878,1.0,2.0
ae7ab174effdead6c241e547e4ca13f0,6,9.901106150793652,2.1277061992072617,1.0,0.2148958072767161,7,62,0.1129032258064516,0.0,1.1178668234767024,1.0,2.0
b0f2a6122a90a93eb03e68653dd960e3,6,8.20083167989418,2.4847773618409126,1.0,0.302990898829541,7,103,0.0679611650485436,0.0,0.5573380753326134,1.0,2.0
3ca08eeb8d5595949fed424bd3677742,13,10.300126424501425,5.151540306824239,1.0,0.5001434054799573,14,243,0.0576131687242798,0.0,0.5934229215762135,1.0,2.0
768de2a4fc06aacecb9a586ccc30746a,13,14.864153311965811,4.83328600027258,1.0,0.3251638959066528,14,284,0.0492957746478873,0.0,0.7327399519983143,1.0,2.0
9d7a1d34a5052409006425275ba1c2b4,13,12.984201388888888,7.312906555443472,0.9375,0.5632157370650016,16,400,0.04,0.0,0.5193680555555555,1.0,2.0
10cdd491d1dbea8fb4ead97b19c334ce,3,7.089984567901234,2.231661531071566,1.0,0.3147625371675779,3,29,0.1034482758620689,0.0,0.7334466794380582,1.0,2.0
747e73c01a4593d4cf60dcf970fd2689,3,10.688094135802467,2.933501528348464,1.0,0.2744644172361806,3,57,0.0526315789473684,0.0,0.5625312703053927,1.0,2.0
7adbd3210a7b3cc2235e225eef33574d,3,10.077029320987654,1.7086658608295562,1.0,0.1695604732707167,3,46,0.0652173913043478,0.0,0.657197564412238,1.0,2.0
134285d1f41da5c13a756ee8142c8a4e,3,8.562575231481482,3.6431583201061386,1.0,0.4254746056667119,4,68,0.0588235294117647,0.0,0.5036808959694988,1.0,2.0
e1643dff33666ca629e3644c02738179,3,4.555775462962963,1.3253195636767807,1.0,0.2909097637605752,3,18,0.1666666666666666,0.0,0.7592959104938268,1.0,2.0
e603cf3fec55f8697c9059638d6c8eb5,7,6.657634259259259,2.586033551825391,1.0,0.3884313032409079,11,130,0.0846153846153846,0.0,0.5633382834757834,1.0,2.0
30a81d8cf85fb2ada1b1b094c9583a95,17,4.025205439814815,3.3210024124958,1.0,0.8250516556612295,20,175,0.1142857142857142,1.0,0.46002347883597855,1.0,1.0
1430239a858e7682bbc43b20758af153,17,7.269936868686869,5.340591596192439,1.0,0.7346132012776451,23,365,0.0630136986301369,1.0,0.45810561090355545,1.0,1.0
72bc2cce903c872fe376a8faaa81d237,17,8.86798482510288,7.682835838077613,1.0,0.8663564484604858,18,337,0.0534124629080118,1.0,0.47366091053961906,1.0,1.0
e70053bf73d1b5863932e53a9fa47496,7,13.455330687830688,6.188921543948755,1.0,0.4599605678622346,7,172,0.0406976744186046,0.0,0.5476006675279924,1.0,2.0
2f09f7d37a97956d11cc1a7cadd5262b,7,13.084930555555555,5.647873069226868,0.875,0.4316318718886065,12,229,0.0524017467248908,0.0,0.6856732168850068,1.0,2.0
2e0dba2da448400b1c11d7b4b22f32a4,7,8.837432336182337,1.1766872177325152,1.0,0.1331480879253701,13,101,0.1287128712871287,0.0,1.1374912907957462,1.0,2.0
5962468f885ea01a1b6a97a218797b0a,6,10.914812885802467,3.2022037817232043,1.0,0.2933814638168004,9,178,0.0505617977528089,0.0,0.5518725616416967,1.0,2.0
8fbd63429be6d3e5e6d1a709b6464802,6,8.535163483796296,2.530864950096724,1.0,0.2965221410112976,8,72,0.1111111111111111,0.0,0.9483514981995884,1.0,2.0
21e83881401b92b49fb09a16d3852291,12,10.997335292022791,4.30183776383184,1.0,0.3911709200093491,15,327,0.0458715596330275,0.0,0.5044649216524213,1.0,2.0
d93844a9c55ba7ce353388bcf849ea56,12,16.205006613756613,5.712521854443818,0.8571428571428571,0.3525158607213645,14,411,0.0340632603406326,0.0,0.5519953591060647,1.0,2.0
08084d990eb3f53af056ccbc1730c8a7,12,8.503523341049382,3.805901037659992,1.0,0.4475675417138706,12,188,0.0638297872340425,0.0,0.5427780855988963,1.0,2.0
03bd479e1d9484cdb14104d3023f7321,3,20.46724151234568,7.362875807085245,0.6666666666666666,0.3597395282917835,3,77,0.0389610389610389,0.0,0.7974249939874928,1.0,2.0
49e7217cfe4e427191c378ec626d8737,12,16.129328703703703,5.206847386442259,1.0,0.3228186046730286,14,373,0.0375335120643431,0.0,0.6053903534902183,1.0,2.0
2059c39f76271d4ca3f15b5ffaccc8b8,12,9.585923032407408,3.5263440129105263,1.0,0.3678669232987697,12,219,0.0547945205479452,0.0,0.5252560565702689,1.0,2.0
b8630e1121437d41cb08e3c749c2c2e2,12,11.137473958333333,6.056992742573796,0.8333333333333334,0.5438390038202338,12,255,0.0470588235294117,0.0,0.5241164215686267,1.0,2.0
e627629ba868740e287800f1a9be81c2,11,6.900215698653199,3.717785975935268,1.0,0.5387927187060131,13,161,0.0807453416149068,0.0,0.5571602738042953,1.0,2.0
5f5a58930c3c35f3b5af264f34fb8c85,3,7.959606481481482,1.0719000073193536,1.0,0.1346674624949355,3,25,0.12,0.0,0.9551527777777779,1.0,2.0
efff9341f3f8f5237b44ff67ed36a7bf,5,11.931902777777776,3.2575782796659487,1.0,0.2730141487351816,5,107,0.0467289719626168,0.0,0.5575655503634472,1.0,2.0
bc2ac6b95e1accce9858528ee566c17e,18,4.882892992424242,4.009428531600267,1.0,0.8211174272753577,22,274,0.0802919708029197,1.0,0.3920571015815084,1.0,1.0
d2f3e277560ed4c6361284429b00f037,7,8.06350033068783,2.7643572097814832,1.0,0.3428234757132674,7,93,0.075268817204301,0.0,0.6069301324173629,1.0,2.0
23ca5f678e0b3ea6c630b30fa8bf51ea,6,7.506428571428572,1.7116111522411408,1.0,0.2280193751201443,7,62,0.1129032258064516,0.0,0.8474999999999999,1.0,2.0
152ee17e4c8aaf53dac99f3462e4999b,6,10.735235339506174,1.817811823254408,1.0,0.1693313435397894,6,93,0.064516129032258,0.0,0.6925958283552363,1.0,2.0
0e982cff76cc0579f632cea8a0e38c9d,6,8.335092592592593,4.5547984389736325,1.0,0.5464604488043106,12,190,0.0631578947368421,0.0,0.5264269005847952,1.0,2.0
2addf05f476d0637864454e93ba673d5,12,10.398473186728395,4.006294786466533,1.0,0.3852772146953054,12,228,0.0526315789473684,0.0,0.547288062459389,1.0,2.0
62c50c1af4dfdc4149d25c5222043d39,12,13.530853077342048,4.506319257147416,1.0,0.3330402917975236,19,352,0.0539772727272727,0.0,0.7303585467883488,1.0,2.0
05730013efda596306417c3b09302475,4,9.451623263888887,1.9447990614496269,1.0,0.2057634976713445,4,48,0.0833333333333333,0.0,0.7876352719907403,1.0,2.0
f9d010e39375d9c91dce3f40b73a2f84,4,18.84564583333333,6.471708010734624,0.6,0.343406008367607,5,157,0.0318471337579617,0.0,0.6001798036093401,1.0,2.0
141440cad9341e553f8401c574a2aa38,11,6.876103395061729,1.6327626369038566,1.0,0.237454637182517,12,106,0.1132075471698113,0.0,0.7784267994409503,1.0,2.0
1b7e5006cb25dd23ce8686691013b121,11,15.486682449494948,5.842844640048374,0.8181818181818182,0.3772818780977149,11,308,0.0357142857142857,0.0,0.5530958017676765,1.0,2.0
a369d693961cb93b61ca2cc518872a85,11,10.362204861111111,4.143159213447087,1.0,0.3998337486065516,18,249,0.072289156626506,0.0,0.7490750502008029,1.0,2.0
74c7dec0a384d8a05950e629bd23bde9,4,11.539169560185185,3.530980785112729,1.0,0.3059995580007806,5,89,0.0561797752808988,0.0,0.6482679528193915,1.0,2.0
e51f22821f0c12a16ad5c020cdcd55e9,4,10.324129050925926,4.914930069128938,1.0,0.4760624402198982,4,71,0.056338028169014,0.0,0.5816410732916006,1.0,2.0
4c8545742faaf58fafd5fd14d25d75cf,4,9.968619791666669,3.930842454877244,1.0,0.3943216349933676,4,66,0.0606060606060606,0.0,0.6041587752525253,1.0,2.0
236585a4ddb5fea9fa40233e2249ed91,11,13.136474116161615,6.2668344672700576,0.9090909090909092,0.4770560511027887,11,278,0.039568345323741,0.0,0.5197885441646681,1.0,2.0
6288c69c4ce638e59925e59193f98b16,20,9.61374710648148,8.065751048755438,0.95,0.8389809883097089,22,506,0.0434782608695652,1.0,0.4179890046296294,1.0,1.0
63a79f5a7eb5cb48a7e5787b141c7993,11,6.365419823232323,1.7290620300215378,1.0,0.2716336200969585,11,97,0.1134020618556701,0.0,0.7218517325315006,1.0,2.0
aae5e7b457a3c72ee230a47d98fceda5,5,12.341810515873016,2.560176085052025,1.0,0.2074392636120396,7,135,0.0518518518518518,0.0,0.6399457304526743,1.0,2.0
adbe70ab2c97442046d393988c8d1d27,5,7.185418981481481,1.8880119954099936,1.0,0.2627560063339167,5,36,0.1388888888888889,0.0,0.9979748585390946,1.0,2.0
a37c340b91cb0169e8b029db6440fba2,5,11.123074074074074,3.525306227380313,1.0,0.3169363256869053,5,81,0.0617283950617283,0.0,0.6866095107453122,1.0,2.0
eb4df17aed01d918c65f0f8d650900c0,11,12.899521254208754,7.456843381109254,0.7272727272727273,0.578071327932135,11,280,0.0392857142857142,0.0,0.5067669064153428,1.0,2.0
35ef5aa32949680f627efec3c23e705c,4,12.05137962962963,3.6114540661667016,1.0,0.2996714216260807,5,106,0.0471698113207547,0.0,0.5684613032844162,1.0,2.0
b16d3dadc47d4eb18be3d88bad0775ce,10,6.5302640993266,1.4465336596404208,0.9090909090909092,0.2215122754054598,11,80,0.1375,0.0,0.8979113136574076,1.0,2.0
4a82168aaef173cbb6e46ae88728f919,4,6.717989004629629,1.091728395867824,1.0,0.1625082141568661,4,26,0.1538461538461538,0.0,1.0335367699430196,1.0,2.0
dc50afafdfa325eadc890c7fa42a8f4e,4,6.205685763888889,1.507630582306493,1.0,0.2429434295689688,4,48,0.0833333333333333,0.0,0.5171404803240739,1.0,2.0
4b39558c138930b9e5489c93b6df5fe3,4,13.022585648148148,2.061688291799824,1.0,0.1583163549469918,5,61,0.081967213114754,0.0,1.067425053126896,1.0,2.0
c714262700f93defc16bf17a51a4cb23,4,10.20859375,2.591455255115366,1.0,0.2538503655427924,4,61,0.0655737704918032,0.0,0.6694159836065566,1.0,2.0
f9903dd0f812c7e771fcad47b6fff231,10,13.250454475308642,5.218774065262707,1.0,0.3938562314966292,15,279,0.053763440860215,0.0,0.7123900255542274,1.0,2.0
160e4f13fd3a64b1b86807be88b5ffb0,4,14.298266782407408,3.1920865330539248,1.0,0.2232498932654879,4,91,0.0439560439560439,0.0,0.6284952431827424,1.0,2.0
c0aff2da32c17759d30b22fb0af6649d,4,7.814456018518518,0.528242996906902,1.0,0.0675981790229651,5,73,0.0684931506849315,0.0,0.5352367135971587,1.0,2.0
7d7d2b7a51328016102d4528c411d630,7,10.281992394179897,2.9422880019509043,0.8571428571428571,0.2861593248810786,7,134,0.0522388059701492,0.0,0.5371190056661135,1.0,2.0
37dd29b36c458d82f74a953c40c43645,7,18.83377170138889,5.97178335253417,0.875,0.3170784613521561,8,233,0.0343347639484978,0.0,0.6466531056270853,1.0,2.0
fadb07c842a2aef5d5a676b85f220e71,7,6.430039682539683,2.31741286176526,1.0,0.3604041306398201,7,84,0.0833333333333333,0.0,0.53583664021164,1.0,2.0
ef9952469137ff190bacafe117f51537,5,10.250847222222225,3.904489490429496,1.0,0.3808943208094231,5,82,0.0609756097560975,0.0,0.6250516598915984,1.0,2.0
bff9deb0ec77d437f3305a79cf25529e,5,6.972201388888888,3.012649440748471,1.0,0.4320944379990974,5,55,0.0909090909090909,0.0,0.6338364898989898,1.0,2.0
33dd941c27854f7625b968cc6195a552,5,11.700719907407407,3.014072448051695,1.0,0.2575971796524731,5,69,0.072463768115942,0.0,0.8478782541599568,1.0,2.0
1b1ae47a313a825a7ccceb8e2e30fa9d,10,10.654221064814816,4.139871750704881,1.0,0.3885663461946232,11,216,0.0509259259259259,0.0,0.5425760727451987,1.0,2.0
da03c298e3999e9d828591fc2179d109,4,9.086875,4.812222186646174,1.0,0.529579441408204,5,87,0.057471264367816,0.0,0.522234195402298,1.0,2.0
d9d43faf741ceaa8da52fdbb81d9e0e3,4,9.54569637345679,2.9851415400650607,1.0,0.3127211911291967,8,125,0.064,0.0,0.6109245679012346,1.0,2.0
a218df5c097b0ca409cfaac1488cc7f6,4,11.56191261574074,2.511593663204723,1.0,0.2172299468675591,4,55,0.0727272727272727,0.0,0.8408663720538716,1.0,2.0
818d28f936e791926d33bcb6ee94ef79,4,12.943929398148148,5.953259880404521,1.0,0.4599267886346967,5,105,0.0476190476190476,0.0,0.6163775903880069,1.0,2.0
cb5ff1b9715e99589f3e0c7a6afab9e3,4,6.08377025462963,0.9324081463210884,1.0,0.1532615643418723,4,20,0.2,0.0,1.216754050925926,1.0,2.0
a13580f0e8f782b7a543885a0ef99f08,10,25.04871990740741,7.4389981093935695,0.8,0.2969811685743553,10,264,0.0378787878787878,0.0,0.9488151480078544,1.0,2.0
6b9b80d53ba3676eafe60268a810b5a1,9,12.04213220164609,5.148758295751268,1.0,0.4275620138971288,10,209,0.0478468899521531,0.0,0.5761785742414397,1.0,2.0
6eb94e1466490d327a09abf8f3552a50,9,8.174558899176954,3.3558397813038088,0.8888888888888888,0.4105224297352224,10,123,0.08130081300813,0.0,0.6645982844859306,1.0,2.0
b8578d2d823bd8e251f6fdd02b40902d,9,9.916325874485596,2.837874224160464,1.0,0.2861820254881122,9,99,0.0909090909090909,0.0,0.9014841704077813,1.0,2.0
26e13b6ff5b641b329e5524241ee2c93,4,6.638492476851852,0.9323186256253716,1.0,0.1404413168917985,4,22,0.1818181818181818,0.0,1.206998632154882,1.0,2.0
081acf3de680d554796c9cf041be7bc2,4,13.57564525462963,4.406049211593131,0.875,0.3245554173633522,8,178,0.0449438202247191,0.0,0.610141359758635,1.0,2.0
ae8bfdbf1c2a2a2dee92d799db0a31c6,8,8.8746875,2.997484600428141,1.0,0.3377566365495282,8,90,0.0888888888888888,0.0,0.7888611111111103,1.0,2.0
4cf490a58259286ada5ba8525ba9e84a,7,24.765550595238096,8.497873599161437,1.0,0.3431328355282116,8,255,0.0313725490196078,0.0,0.7769584500466843,1.0,2.0
3076499bbc033a927bf4a8a41bcf7fd4,7,7.121721965020577,3.0656320395803123,1.0,0.4304621908349738,9,112,0.0803571428571428,0.0,0.5722812293320102,1.0,2.0
b76a1f8356322f12529c37b67d5c96c2,5,7.468219907407407,2.022566827085945,1.0,0.2708231482417714,5,63,0.0793650793650793,0.0,0.5927158656672541,1.0,2.0
bd4ff04377f974574f7f0bf9d6ce7dde,4,21.992728587962965,5.392095228129298,0.75,0.2451762729923604,4,139,0.0287769784172661,0.0,0.6328842759126013,1.0,2.0
c840d3fdbba0790404fdae73d253b253,9,11.619641203703704,5.273258760125517,1.0,0.4538228562896324,14,252,0.0555555555555555,0.0,0.6455356224279829,1.0,2.0
556a6409838156ea299c9d1f9e2dde43,4,7.399207175925927,1.5497049113085513,1.0,0.2094420218899497,4,54,0.074074074074074,0.0,0.548089420438957,1.0,2.0
6bd503a8230299c9316fb0f726933927,4,10.058101851851852,1.824775016553759,0.8,0.1814233981153998,5,36,0.1388888888888889,0.0,1.3969585905349795,1.0,2.0
ea6b12bf9ffe2bac34602ec631d97a47,9,16.563964763374486,5.68761937966874,1.0,0.343373066830289,11,238,0.0462184873949579,0.0,0.7655613966265505,1.0,2.0
ce20a2ec1514c25e16f2b5b39bc818f0,4,14.636984126984126,2.015163888890885,0.5714285714285714,0.1376761682193679,7,74,0.0945945945945946,0.0,1.3845795795795797,1.0,2.0
661ad5fcc28cdfb8bcadb12bb2272475,4,13.143630952380953,2.278177231119603,1.0,0.1733293668525373,7,184,0.0380434782608695,0.0,0.5000294384057963,1.0,2.0
5c3460cd3e8a984382ae254e7dd20d9f,9,9.633430555555556,4.409082569889082,1.0,0.4576856130806262,10,175,0.0571428571428571,0.0,0.5504817460317456,1.0,2.0
3f0e48d209018b466fcd3bb4ccfeb520,9,9.822907407407408,4.334223577939707,1.0,0.4412363262908586,10,173,0.0578034682080924,0.0,0.5677981160351094,1.0,2.0
a1bea7061f61f6fdd9a85a6325ba1033,9,4.491721965020576,1.9597359965983243,0.8888888888888888,0.4362994886726803,9,61,0.1475409836065573,0.0,0.6627130768063142,1.0,2.0
33d677f27a69b84051204ee4ae76eaca,9,9.246046296296296,3.629886360907131,1.0,0.3925879499825953,10,126,0.0793650793650793,0.0,0.7338131981187531,1.0,2.0
1ca4bdb0cd7fc48e949bac066188ed26,3,14.298279320987657,12.312302488475533,0.6666666666666666,0.8611037882301672,4,131,0.0305343511450381,1.0,0.4365886815568741,1.0,1.0
5dc203c7b84a0e71e878a179de05fb9a,5,8.570122685185186,3.868710900777227,1.0,0.4514183802134952,5,72,0.0694444444444444,0.0,0.5951474086934154,1.0,2.0
ff82e8873fba613f2261a9acc896fd84,4,9.54111400462963,2.9252825730784697,1.0,0.3065975913985553,4,73,0.0547945205479452,0.0,0.522800767376966,1.0,2.0
b01c2b7b8599b325103ebcddc67413e1,4,8.455002893518518,1.0375647995082704,1.0,0.1227160785839177,4,37,0.1081081081081081,0.0,0.9140543668668668,1.0,2.0
b37c4c02bda3161a7546a4e6d222d5b2,4,17.17511111111111,4.054819733341649,0.9333333333333332,0.23608695787234,15,449,0.0334075723830735,0.0,0.5737787676317744,1.0,2.0
b3f19518fcec265b2e97af287725f981,8,10.665917245370371,4.192544011310785,1.0,0.3930786180748395,9,160,0.05625,0.0,0.5999578450520834,1.0,2.0
acf974e4d5950ad143a247471b831eb9,5,13.873653549382716,4.13890114694191,1.0,0.2983281319667999,12,238,0.0504201680672268,0.0,0.6995119436663542,1.0,2.0
5721089ba9214e80074f27d5a03fc0eb,5,7.536375661375662,1.380052020557354,1.0,0.1831187937764562,7,90,0.0777777777777777,0.0,0.5861625514403287,1.0,2.0
49383af7ab774e4e8f3000f49c83dc4b,8,7.984184027777778,2.7991290889917724,1.0,0.3505842399490444,12,116,0.1034482758620689,0.0,0.82595007183908,1.0,2.0
1b65c144b17e607c0f37f10bb7dfec8d,5,8.770837962962963,3.8229489132536223,1.0,0.43587042987192,5,71,0.0704225352112676,0.0,0.6176646452790818,1.0,2.0
8060d731897e33b5c5ae575ce1e209e1,5,7.804481481481481,1.3997064669711563,1.0,0.1793465037097452,5,69,0.072463768115942,0.0,0.5655421363392376,1.0,2.0
1cd9e0cc1839d55516843def5600816d,5,7.781398148148147,2.294543112229814,1.0,0.2948754283670576,5,63,0.0793650793650793,0.0,0.6175712815990588,1.0,2.0
8185694b58b2ba6de20fd41ae608bbea,8,11.058253761574074,3.681559354067931,1.0,0.3329241156375745,8,155,0.0516129032258064,0.0,0.5707485812425322,1.0,2.0
38102b031c2a15e54623d711bfc753d3,8,21.436085648148147,7.42338845426748,1.0,0.3463033585569193,11,371,0.0296495956873315,0.0,0.635571272586602,1.0,2.0
4d0041cdbe51b4617d95c70b19decc74,8,7.155746527777778,2.7110116392366788,1.0,0.3788579750153036,8,83,0.0963855421686747,0.0,0.6897105087014725,1.0,2.0
4c1c7281388a33dd06daac44f9fadbd1,5,8.786493055555557,2.9355218178954297,1.0,0.3340948202354006,5,78,0.0641025641025641,0.0,0.5632367343304844,1.0,2.0
bf100ecb7997df312b285358fb32f92c,20,9.660422178130512,4.383235445009453,1.0,0.4537312515111734,21,378,0.0555555555555555,0.0,0.5366901210072501,1.0,2.0
902c99f1ac505c0d18778b61bcd636f7,3,4.851431327160494,1.1030172576886688,1.0,0.2273591406959595,4,24,0.1666666666666666,0.0,0.808571887860082,1.0,2.0
f41ce2e25237f9092cd8e6e7516c7a2f,26,8.657997685185185,4.294901777660259,1.0,0.4960617840091737,28,438,0.0639269406392694,0.0,0.5534793040757652,1.0,2.0
65a7c0788e4d632ccb5e1b594b87f0bb,3,11.43482896090535,0.7863510452451148,1.0,0.0687680636005644,9,130,0.0692307692307692,0.0,0.7916420049857547,1.0,2.0
1e47defeeadeca0e9a18fa5a9311e735,3,12.01792824074074,1.94720962240804,1.0,0.1620253993368845,3,37,0.081081081081081,0.0,0.9744266141141131,1.0,2.0
1bc2e21de46adfea6b98cc96b00f3b40,3,16.773094907407405,1.4463780114476317,1.0,0.0862320292964464,5,100,0.05,0.0,0.8386547453703703,1.0,2.0
f88adb15807168d3c43d71021090ce4a,3,6.365833333333334,1.141740244383047,1.0,0.1793544041444766,3,114,0.0263157894736842,0.0,0.16752192982456135,0.0,0.0
71592660bbcb6a4664e97b6f8b68babc,6,11.673265542328044,6.137062926225792,1.0,0.5257365990666786,7,166,0.0421686746987951,0.0,0.4922461373270853,0.0,0.0
c04d70d515d15a7e3db3a73320598566,3,7.230824652777778,4.050816613013375,1.0,0.560215024915204,4,174,0.0229885057471264,0.0,0.16622585408684518,0.0,0.0
6eeed17989b0ae47c9f11ece6f38ea90,3,6.500030864197531,4.004801955544387,1.0,0.6161204522278534,3,56,0.0535714285714285,0.0,0.3482159391534387,0.0,0.0
3d290fe363c60a77498c1126fd3fb8d3,3,7.46141975308642,1.2990998303786228,1.0,0.1741089327994514,3,85,0.0352941176470588,0.0,0.26334422657952056,0.0,0.0
941554c5757b73ba0e50aa7732310afc,3,7.55609375,4.294412924041406,1.0,0.5683376975095639,4,88,0.0454545454545454,0.0,0.3434588068181814,0.0,0.0
94231344608e603693b0a8891143f65d,3,12.531454475308642,3.258611910467464,1.0,0.2600346126531498,3,81,0.037037037037037,0.0,0.46412794352994924,0.0,0.0
53088c75f948b48a7ece173ac17f0c12,3,10.963942901234567,2.5341654308322616,1.0,0.2311363214548397,3,78,0.0384615384615384,0.0,0.4216901115859442,0.0,0.0
e7df4cd29ab5abab70fb0783ddb53987,23,10.348889371141976,6.899809555218138,0.8333333333333334,0.6667198099980037,24,550,0.0436363636363636,0.0,0.45158789983164943,0.0,0.0
5c853bb56f70f4d14218944bae111d7a,23,8.61485580632716,4.013725890787781,1.0,0.4659074952641587,24,547,0.0438756855575868,0.0,0.3779827044823614,0.0,0.0
79ed755314cfe6df0daef2c6cd3022cd,23,9.278411111111112,3.8019446762184814,1.0,0.4097624723338207,25,531,0.0470809792843691,0.0,0.4368366813140823,0.0,0.0
f6122bc84774df1b372bdb3bb88ddb9f,3,15.619992283950618,14.312485822497884,0.6666666666666666,0.916292758812936,3,167,0.0179640718562874,0.0,0.28059866378354364,0.0,0.0
2b2fed75b8e5ea3a052fc4c0825da485,3,4.906539351851852,3.37653321024701,1.0,0.6881700049898959,4,98,0.0408163265306122,0.0,0.20026691232048355,0.0,0.0
461ff5303b6c9c1a4a07f40c5aece516,3,6.6001157407407405,3.6192941283841695,1.0,0.5483682817928844,3,142,0.0211267605633802,0.0,0.13943906494522637,0.0,0.0
cf2384dd2f1dddea3f838efed0945e65,16,14.251440248842592,4.402360980605371,1.0,0.3089063914759704,16,512,0.03125,0.0,0.445357507776331,0.0,0.0
5b664594895aefb418afaee6d40a9a23,16,10.445734953703704,4.850904855301865,1.0,0.4643909573430156,22,568,0.0387323943661971,0.0,0.40458832567162145,0.0,0.0
820cc752a266cdc6c1a1e61dd4583330,15,13.962199074074077,7.883205499620754,0.8666666666666667,0.5646105930589979,15,452,0.0331858407079646,0.0,0.4633473144051131,0.0,0.0
9a84ba99f5367fdbd4598363496f1ea2,15,10.512725308641976,5.843960890940474,1.0,0.5558939969768306,16,474,0.0337552742616033,0.0,0.35485992603010813,0.0,0.0
3d39fbf22a665714baf62fae36029e23,8,8.57480179398148,6.794006487219508,1.0,0.792322277581753,8,316,0.0253164556962025,0.0,0.21708358972104988,0.0,0.0
bd149ed516d4c5d418d5781f8e18919f,8,8.932146347736627,5.641896102936372,1.0,0.6316394608073129,9,297,0.0303030303030303,0.0,0.2706711014465644,0.0,0.0
ec933281fb017b5020d06df29c3f77e8,8,9.476841724537037,6.351345669209801,1.0,0.6701964487562524,8,288,0.0277777777777777,0.0,0.2632456034593614,0.0,0.0
70b52a4cfc823994561b00bad161b4ed,8,12.360554398148148,5.752095354492047,1.0,0.4653590097345328,10,513,0.0194931773879142,0.0,0.2409464794960649,0.0,0.0
4eb61f060e7dcc1d5a80d806c35cc541,8,6.202073206018518,4.801128671162905,1.0,0.7741167367234346,8,154,0.0519480519480519,0.0,0.3221856210918708,0.0,0.0
9ac4f14370b1e24ddc58be041b7f99df,5,9.02382175925926,1.119161016020333,1.0,0.1240229523452158,5,132,0.0378787878787878,0.0,0.34181143027497124,0.0,0.0
97e995629983723d11830a829bc2b246,5,17.008074074074074,7.785710077967131,1.0,0.4577655320678034,5,283,0.0176678445229682,0.0,0.30049600837586704,0.0,0.0
97e4a63591ca439a2b8b7efd20e6e19e,5,6.431298611111112,3.594867680803336,1.0,0.5589645106188381,5,175,0.0285714285714285,0.0,0.18375138888888845,0.0,0.0
25debeafbce801fdd479539350185eee,5,14.713342978395062,2.54860514723308,1.0,0.1732172729865285,7,345,0.0202898550724637,0.0,0.2985315966630872,0.0,0.0
a478c7961d6a992065b24e63b366f90b,8,10.556203703703703,4.416224502718717,1.0,0.4183534750441828,9,378,0.0238095238095238,0.0,0.25133818342151665,0.0,0.0
a36ac007a4d18f865c8d32c3b2402c2d,8,9.652709780092591,3.2158520217417155,1.0,0.3331553620698277,9,228,0.0394736842105263,0.0,0.3810280176352337,0.0,0.0
c7a0a13cbcf29d5ce51c8f80afdc0b89,8,10.247235082304526,7.358551592496563,1.0,0.718101178844204,9,309,0.029126213592233,0.0,0.2984631577370249,0.0,0.0
439a47cc365d6e3bd526812ea9de3c29,8,8.546376424501425,6.105197612296235,0.8461538461538461,0.7143609535841849,13,319,0.0407523510971786,0.0,0.34828493265993193,0.0,0.0
eba88037e1dca898cd02881f67ced679,6,11.49054012345679,11.042231692126292,0.8333333333333334,0.9609845641272058,6,319,0.018808777429467,0.0,0.21612301172645904,0.0,0.0
aa1eb17b9fdf6dfd546e25c45c7b9235,3,6.515587384259259,7.357438849879584,1.0,1.129205767027869,4,146,0.0273972602739726,0.0,0.17850924340436325,0.0,0.0
8a43128d7f9a3db592b866e6861a6cce,3,6.657034143518518,1.4303662184042425,1.0,0.2148653871329304,4,60,0.0666666666666666,0.0,0.4438022762345674,0.0,0.0
866558b3bccef2dbc6d29a2b5995016f,5,12.149984567901235,3.3781461042821785,1.0,0.2780370695454894,6,272,0.0220588235294117,0.0,0.26801436546840884,0.0,0.0
883dd81e82754ac2c65e9790a7db8c9a,5,7.172194444444445,2.497082012999192,1.0,0.3481615051490165,5,244,0.0204918032786885,0.0,0.14697119763205813,0.0,0.0
1e8c6a4c538f286aee9573239740a4b4,5,7.40725925925926,4.925045154093321,1.0,0.6648943936904721,5,126,0.0396825396825396,0.0,0.29393885949441445,0.0,0.0
8fe8786ee000001ab51d030dfd4a7bf1,5,15.866671296296294,11.60976978055688,1.0,0.7317079659466388,5,215,0.0232558139534883,0.0,0.36899235572781963,0.0,0.0
901b460cdce0c64e471230d7f2f9f3a3,5,15.51374537037037,9.157617944601324,1.0,0.5902905923730976,5,271,0.018450184501845,0.0,0.28623146439797703,0.0,0.0
83b08de96980757220871b31bf6cffca,5,13.087251984126985,8.499892537814416,0.7142857142857143,0.64947878654156,7,207,0.0338164251207729,0.0,0.44256407675791676,0.0,0.0
a06c8ff043abea0528ee44171e2140a2,8,3.879386574074074,2.594066688097568,1.0,0.6686796065732933,8,169,0.0473372781065088,0.0,0.18363960113960082,0.0,0.0
579891617139df7d8671d373f0669622,8,18.420879629629628,11.279751588015491,0.75,0.6123351226872049,8,391,0.0204603580562659,0.0,0.37689779293359693,0.0,0.0
57fe6232e67823593374a2281d7a8af8,8,9.581882233796296,4.602413506505744,1.0,0.4803245744633087,8,272,0.0294117647058823,0.0,0.28182006569989054,0.0,0.0
538caafddff204241cecbf3a02e6b3cf,8,17.311448206018518,9.347200614213415,0.5,0.5399433082070948,9,423,0.0212765957446808,0.0,0.3683286852344356,0.0,0.0
fa14641f57b655e933124a9ea49cd7a5,7,6.980003306878308,4.440057607125451,1.0,0.6361111036652494,7,263,0.026615969581749,0.0,0.18577955569638047,0.0,0.0
762fafdaa57a532ee0119731697579dd,5,4.124875,1.6550607050516994,1.0,0.4012389963457557,5,65,0.0769230769230769,0.0,0.3172980769230768,0.0,0.0
38af8acfd46ac4a7bf754e8ca6736664,5,6.385703703703704,4.543872921372109,1.0,0.7115696456032975,5,80,0.0625,0.0,0.3991064814814815,0.0,0.0
94ca168e8bcb407ab85c5da308863027,5,12.487648148148148,9.904773239679605,1.0,0.793165624317212,5,277,0.0180505415162454,0.0,0.22540881133841315,0.0,0.0
167fd940acebc789debd6eb418c46e38,5,15.500854166666668,5.538348468129651,0.8,0.3572931148555298,5,187,0.0267379679144385,0.0,0.4144613413547237,0.0,0.0
7df1fc11cc5cbc518b39faa60cf5d67c,5,7.718787037037037,1.153456054476928,1.0,0.149434885162954,5,102,0.0490196078431372,0.0,0.37837191358024647,0.0,0.0
f650a9708fa1bab22bdd8d3a818cc415,4,15.323486689814816,3.411102194161019,1.0,0.2226061380944262,5,190,0.0263157894736842,0.0,0.40324964973196864,0.0,0.0
0692610d8abe24f287e9fae90ea0bbee,4,6.603399884259259,2.737588766557352,0.75,0.4145726163098243,4,82,0.048780487804878,0.0,0.3221170675248416,0.0,0.0
01c97ebb5cdac52891c0ed1c37ba0012,9,12.708532986111113,9.40884356939713,1.0,0.740356387293471,12,475,0.0252631578947368,0.0,0.321057675438596,0.0,0.0
8f580d36c1e9d6fbce95283403c7d447,8,12.27300636574074,7.662588541656481,0.875,0.6243448681853595,8,240,0.0333333333333333,0.0,0.40910021219135756,0.0,0.0
08061dc0fc165ed41288cc7acde738ee,4,20.068133680555555,17.093856883300816,0.75,0.8517910611619764,4,237,0.0168776371308016,0.0,0.3387026781528346,0.0,0.0
a1544b9ea0b2390e020537d4daa89049,8,10.917319155092592,7.30511632953865,1.0,0.6691309675719281,8,546,0.0146520146520146,0.0,0.1599607202211363,0.0,0.0
07017df32dc5f2f1d2801e579548d620,8,10.179305555555556,4.162805760265407,1.0,0.4089479127575136,9,509,0.0176817288801571,0.0,0.17998772102161031,0.0,0.0
3a490ba60afa30ece0e7d50cfe74a4f0,8,11.933512731481482,5.753636108510887,1.0,0.4821410290477482,8,251,0.0318725099601593,0.0,0.3803510033938313,0.0,0.0
83353a83fd769dfafa4f21a72b15e3e5,5,18.56,14.297624974220096,0.8,0.7703461731799621,5,261,0.0191570881226053,0.0,0.35555555555555435,0.0,0.0
46ef1a25845fc051c2998d878354810c,5,16.845016203703704,8.351600657094718,0.8,0.4957905980083567,5,339,0.0147492625368731,0.0,0.2484515664263074,0.0,0.0
8b655f0855926bcb49f5835d38dfddf6,5,5.609800925925926,3.832976691873273,0.8,0.6832642980536107,5,97,0.0515463917525773,0.0,0.2891649961817487,0.0,0.0
cd843d4cf8ef32827de0396605163ba3,5,16.075208333333332,7.1810775627168,1.0,0.4467175425544075,5,382,0.013089005235602,0.0,0.2104084860383929,0.0,0.0
fc38b5dceee1a730fad8853453437fbd,5,7.968023148148148,2.882728213339986,1.0,0.361787128343115,5,255,0.0196078431372549,0.0,0.15623574800290485,0.0,0.0
ddd51ae8cda92f3995a51fc0f0f3eec7,8,7.034957407407408,4.236951236907327,1.0,0.6022710574545995,25,354,0.0706214689265536,0.0,0.49681902594685035,0.0,0.0
10ff823eda2b032e2c93d17a7d294736,8,9.76951244212963,4.467496301797137,1.0,0.4572895861754263,9,297,0.0303030303030303,0.0,0.2960458315796857,0.0,0.0
4bcec44888b30ba9001234c534716d3f,5,9.158854166666666,7.369862145838052,1.0,0.8046707603075952,5,194,0.0257731958762886,0.0,0.23605294243986197,0.0,0.0
2fb25ab44bdbeae6a4d816e0d0c9d500,5,8.520905092592592,2.862020100161016,1.0,0.3358821708563603,5,309,0.0161812297734627,0.0,0.1378787231811092,0.0,0.0
01ed254b9ff8407dfb9d99ba1e17d923,5,6.675569444444444,4.314948285958411,1.0,0.6463790575273554,5,97,0.0515463917525773,0.0,0.34410151775486814,0.0,0.0
fec8cd45395b3cb0c2b173d7739706a1,4,10.44833912037037,4.011843990705907,1.0,0.3839695423825118,4,112,0.0357142857142857,0.0,0.3731549685846559,0.0,0.0
fc908879b9ca1bd65419e54e50432d38,4,8.675014467592591,1.4959669110374565,1.0,0.1724454658405432,4,220,0.0181818181818181,0.0,0.15772753577441004,0.0,0.0
9198786624eaeb375793215cad26cfa6,8,12.382560442386833,6.093212840107951,1.0,0.4920802017045061,10,446,0.0224215246636771,0.0,0.2776358843584488,0.0,0.0
404e1ba01358af4cd63f679b2c4d1fa1,8,7.705353009259259,4.435096164042705,1.0,0.575586369464605,12,361,0.0332409972299169,0.0,0.25613361803631884,0.0,0.0
7d7866a99a8656a42c7ff6352a433410,5,4.886585648148148,3.2644153966508096,1.0,0.6680360545584448,5,58,0.0862068965517241,0.0,0.421257383461047,0.0,0.0
7aa538dd6e114e503a2e6154ea352253,5,8.87823611111111,3.2038801595442217,1.0,0.3608689968871819,5,117,0.0427350427350427,0.0,0.37941179962013266,0.0,0.0
1b45169b635ef59425637e9a33eb5fb3,7,7.769308449074074,1.8059094512543128,1.0,0.2324414667137505,8,184,0.0434782608695652,0.0,0.3377960195249596,0.0,0.0
b4b447d715f9ab302a188fb43d3e96b3,5,3.623861111111111,1.57947229907688,0.8,0.4358534310915128,5,55,0.0909090909090909,0.0,0.3294419191919192,0.0,0.0
6861de0f40cacb0602e473c51639f980,5,13.679958043981484,8.491297601282634,0.875,0.6207107926780808,8,229,0.0349344978165938,0.0,0.477902464418566,0.0,0.0
53b0300ca793f9834cd69c0678d35ee8,5,5.855703703703704,6.502703074427024,1.0,1.1104904557097204,10,255,0.0392156862745098,0.0,0.2296354393609296,0.0,0.0
c53bcd3be457a342a97e39e5a9f0be22,5,12.383395833333331,4.049308842174756,1.0,0.3269950259746136,5,539,0.0092764378478664,0.0,0.1148738017934444,0.0,0.0
49cdc90518a4f82676b38b3c1aa43ff6,5,5.732277777777777,3.7515634978694106,1.0,0.6544629627707562,5,79,0.0632911392405063,0.0,0.36280239099859335,0.0,0.0
2528744c5ef5d955adc318720a94d2e7,5,10.070645833333334,6.112281118874078,1.0,0.6069403313383074,5,243,0.0205761316872428,0.0,0.20721493484224968,0.0,0.0
9d489893ff6af05029671b785f54b998,5,7.366913580246913,1.9897735630281936,0.8333333333333334,0.2700959555658997,6,428,0.014018691588785,0.0,0.10327448944271339,0.0,0.0
eb3071b9f0b0ddaa2df5ea130f09f26b,9,8.61685500841751,6.489668920817559,0.9090909090909092,0.7531366043037773,11,456,0.0241228070175438,0.0,0.20786273046621134,0.0,0.0
525e75a6fb1454a2325ab1734bcec221,9,6.347618055555556,4.391901586586315,1.0,0.6918975823919399,11,173,0.0635838150289017,0.0,0.4036057723185612,0.0,0.0
1bb3812d5f0747a3ab7348f199001a10,9,12.761235853909463,5.841073536750556,1.0,0.4577200518522754,9,282,0.0319148936170212,0.0,0.4072734846992372,0.0,0.0
d29ba1220fb8634fa3a107e54497b8a4,9,6.488707561728395,2.6861388614598427,1.0,0.4139713241668016,9,123,0.073170731707317,0.0,0.4747834801264675,0.0,0.0
8dfbc5ff27df12f6cef751d3b9554222,4,10.066796875,4.472770708384554,1.0,0.4443092240683116,4,93,0.043010752688172,0.0,0.4329805107526877,0.0,0.0
077c5fae4bea9500e3737b16f71b9d3a,4,7.973985339506172,2.6577915528485416,1.0,0.3333078052803566,6,277,0.0216606498194945,0.0,0.17272170410482618,0.0,0.0
b98b715fe9e276204e2a3464f48cd796,4,11.317511574074077,3.5376912937400435,0.75,0.3125856130639278,6,446,0.0134529147982062,0.0,0.1522535189337311,0.0,0.0
b88e7c57cb2d8b973b7dd4a2bfa14b36,4,9.365081018518518,4.851058958452922,1.0,0.5179943397030344,4,195,0.0205128205128205,0.0,0.19210422602089255,0.0,0.0
ab9db4cf53b08b828b64dccaafc2d9f0,4,11.719855324074077,4.183273429284385,1.0,0.3569389991266708,5,428,0.0116822429906542,0.0,0.13691419771114569,0.0,0.0
a9b533a26e898b12e8b8d4c07279bf4d,4,15.162638888888887,2.785107763538507,1.0,0.1836822590017243,4,131,0.0305343511450381,0.0,0.46298134011874365,0.0,0.0
3d01d1c414c44b5943a09619ff3853cb,4,13.825367476851852,4.681836224202725,1.0,0.3386409968517392,5,281,0.0177935943060498,0.0,0.2460029800151572,0.0,0.0
d9e8c084b68fe958861d8f2c21202e6b,9,11.166696566358024,7.237057308951155,1.0,0.6480929490601797,12,289,0.0415224913494809,0.0,0.46366906157887905,0.0,0.0
5ee7fd217d08dfe5d3e2f51f96a12c9a,9,16.85798739711934,12.974931244959224,0.7777777777777778,0.7696607512695349,9,431,0.0208816705336426,0.0,0.3520229386869453,0.0,0.0
c0098efcf800861dcae589affca31408,9,11.417037037037035,7.1470507930848814,0.8888888888888888,0.6259987394189703,9,224,0.0401785714285714,0.0,0.45872023809523765,0.0,0.0
13c2ed7698b3ca92dad49e849219da59,8,11.545720164609056,5.853776898050564,1.0,0.5070083818585929,9,212,0.0424528301886792,0.0,0.49014849755415757,0.0,0.0
fac35d150712afb921ec59ac5f39bb11,5,10.682179783950616,4.632838008620365,1.0,0.4336978128360045,6,143,0.0419580419580419,0.0,0.4482033475783469,0.0,0.0
f92d8c817434bd2d84d4e9c61322b7fa,5,8.32550462962963,5.408101384710154,0.8,0.649582412754089,5,189,0.0264550264550264,0.0,0.22025144522829665,0.0,0.0
57df9869a600bd6b7c405f2a862eccfb,5,7.28955324074074,0.6190115942584681,1.0,0.084917631275242,5,125,0.04,0.0,0.2915821296296296,0.0,0.0
9c7fd21e0aa159b20da593371f08ff7c,7,6.7072540509259255,4.505553812209674,0.875,0.6717434255509808,8,161,0.0496894409937888,0.0,0.3332797043938347,0.0,0.0
5f7300535881cef3b625fd683cf7d145,10,9.836594065656566,6.859825585008081,1.0,0.6973781310096389,11,281,0.0391459074733096,0.0,0.38506240114669826,0.0,0.0
b2eecf5ea250510da76590ca79d60e5d,9,6.134214015151515,2.6773145412862607,1.0,0.4364560047421383,11,252,0.0436507936507936,0.0,0.26776331018518484,0.0,0.0
3d0cd21d41671c46f82cd11176bf7277,9,12.931214225589228,3.85322590883266,1.0,0.2979786616795518,11,364,0.0302197802197802,0.0,0.39077845187220167,0.0,0.0
700f03c207639c22d933381ff60b35c2,4,29.76735821759259,11.49334640681582,0.5,0.3861056907637581,4,419,0.0095465393794749,0.0,0.2841752574471834,0.0,0.0
34a557286ead8fe75c989e0afcf7d98c,4,8.269539930555556,4.258696034540852,1.0,0.5149858481008324,4,97,0.0412371134020618,0.0,0.34101195589919775,0.0,0.0
a0415d9b25ede3c4b1e477e9916ffc03,9,8.927204218106997,4.060549249299418,1.0,0.4548511661762402,10,276,0.036231884057971,0.0,0.3234494281922824,0.0,0.0
7813ea3ebd9411dc600b4dd01f7a97b9,9,13.03318544238683,8.655463609400977,0.8888888888888888,0.6641096029564251,9,309,0.029126213592233,0.0,0.3796073429821406,0.0,0.0
91543f9849d68d023e17194926598543,4,10.965138888888887,5.4475287333603495,1.0,0.4968043531924979,6,203,0.0295566502463054,0.0,0.32409277504105066,0.0,0.0
86bf77bdb52e615674772d5817c6212f,4,7.609092592592591,1.1269215674310082,1.0,0.1481019653418411,5,99,0.0505050505050505,0.0,0.38429760568649446,0.0,0.0
f2336e113377dd21c744d9c4fc8293a9,4,20.24722511574074,4.347214929392597,1.0,0.214706702006931,4,206,0.0194174757281553,0.0,0.3931500022473922,0.0,0.0
6d1b9c9579132c87d2703ec38c30f2c5,4,9.304976851851851,2.700210504048074,1.0,0.2901899216988041,4,131,0.0305343511450381,0.0,0.2841214305908956,0.0,0.0
0b18d63d0cd1d723567903fd34a07df2,9,6.88448578042328,3.43491781952391,1.0,0.4989360032221201,14,428,0.0327102803738317,0.0,0.22519346010730307,0.0,0.0
ead2bab70821ea148476ae9bc08548ac,9,7.322022890946503,5.247372256035556,1.0,0.7166560845533274,9,302,0.0298013245033112,0.0,0.21820598019376952,0.0,0.0
26af45f5dfd967225a832838aa4e24a3,10,9.170877525252523,5.334101134782045,1.0,0.5816347585162159,11,224,0.0491071428571428,0.0,0.4503555927579359,0.0,0.0
9485a23c0430ba1d58d359391606fce6,4,13.413342013888888,6.694029237850526,0.75,0.4990575227947794,5,283,0.0176678445229682,0.0,0.23698484123478603,0.0,0.0
a5bff0f43eb51f0cad7c37fac7244c8a,4,15.689243055555556,2.556145779388487,1.0,0.1629234610195777,5,220,0.0227272727272727,0.0,0.3565737058080804,0.0,0.0
a4bd6e9adf39b63f43dc545d3ca1f53d,4,9.838613425925924,2.736129749350961,1.0,0.2781011541871268,5,384,0.0130208333333333,0.0,0.1281069456500768,0.0,0.0
c9e5ad1f6647f5dbd1172adf6ae3cada,4,9.245217013888889,5.258329919724049,1.0,0.5687621947461671,4,230,0.017391304347826,0.0,0.16078638285024074,0.0,0.0
85044848b1b767db2a4a58526adef4b4,4,8.78732349537037,4.205841752389309,1.0,0.4786260292573922,4,98,0.0408163265306122,0.0,0.35866626511715755,0.0,0.0
19e0f40a907ec568c34bfac15de4f4a1,4,5.835399305555556,3.088607665197858,1.0,0.5292881435307037,4,260,0.0153846153846153,0.0,0.08977537393162344,0.0,0.0
92d14edfb62ee5ae7fdff70b0f4e7233,8,7.015035612535613,4.5067872600273065,1.0,0.6424468112426746,13,206,0.0631067961165048,0.0,0.44269642215030525,0.0,0.0
b8114f2f589a6804810f04f99b36b498,8,5.398903619528619,2.146391886913813,1.0,0.3975606971663658,11,136,0.0808823529411764,0.0,0.4366760280501086,0.0,0.0
f25e239052084705e17a982bc600ab2a,8,12.39517505787037,7.1437002123054025,1.0,0.5763291102346698,8,516,0.0155038759689922,0.0,0.19217325671116792,0.0,0.0
3ea00e1dea2b0659dbaf654735929220,7,11.446294642857143,6.058095127294677,1.0,0.5292625531944631,7,386,0.0181347150259067,0.0,0.2075752914507768,0.0,0.0
be9a160a9011f627c3e121d076c1ec7b,5,14.817761574074074,6.33155764951628,1.0,0.4272951496664855,7,258,0.0271317829457364,0.0,0.40203229076945113,0.0,0.0
2f4b9d112bfa44a214bc6cef085d17c8,5,14.16099151234568,7.398442413298208,1.0,0.5224522878110746,6,192,0.03125,0.0,0.4425309847608025,0.0,0.0
b7cc6c5e001441ae8cdd5c69a480cbe4,5,12.828016203703704,5.574157326694828,1.0,0.434529956789847,6,339,0.0176991150442477,0.0,0.2270445345788255,0.0,0.0
f626e15b7314c267e4429010866f70e9,5,9.50479332010582,1.6418000660561989,1.0,0.1727339049638503,7,157,0.0445859872611464,0.0,0.42378059389006745,0.0,0.0
55c96925041a14097b6a7825554f4ad5,5,11.093325617283952,2.750818443741574,0.6666666666666666,0.2479705850746562,10,299,0.0334448160535117,0.0,0.37101423469177086,0.0,0.0
6bbcb8924baf70b7fe2fe2097e8cd407,10,11.510225168350168,6.802711545254341,1.0,0.5910146366171753,11,270,0.0407407407407407,0.0,0.4689350994513027,0.0,0.0
f435898e493ba0356019a0b1cb8b55b1,10,10.680035686728395,4.808882206895009,1.0,0.4502683650084421,12,475,0.0252631578947368,0.0,0.2698114278752432,0.0,0.0
68f86ba270525243e68ae74044f992b9,10,10.538973063973064,6.2775397840359215,0.9090909090909092,0.5956500454010427,12,355,0.0338028169014084,0.0,0.35624697681035655,0.0,0.0
2aa3443d7bf9d9bb11133f420d75e083,10,10.573586805555555,6.068222222814166,0.8,0.5739038544258048,10,273,0.0366300366300366,0.0,0.38731087199837166,0.0,0.0
c5f7e746b7e6d07def6c0dae9903279b,10,5.398118686868687,2.227210569785304,1.0,0.4125901446374557,11,130,0.0846153846153846,0.0,0.4567638888888888,0.0,0.0
33ab10be054370c254ddfcf0a6253422,4,5.813640046296296,4.215820679066861,1.0,0.7251602516658457,4,68,0.0588235294117647,0.0,0.34197882625272324,0.0,0.0
929f342384a6607afe143d789ade1316,4,4.4983478009259255,0.5245587789540708,1.0,0.1166114320564757,4,48,0.0833333333333333,0.0,0.374862316743827,0.0,0.0
918717417d88a9f9ae9735567e6c7682,4,8.146559606481482,1.3824666046080174,1.0,0.1696994401793996,4,71,0.056338028169014,0.0,0.4589611045905054,0.0,0.0
32f1bb9dfa65bc7df5c0d9d95a616be4,4,6.5551157407407405,0.9464702532142102,0.6,0.1443865052346516,6,144,0.0416666666666666,0.0,0.27312982253086376,0.0,0.0
eec3469d83e142f9a104886655338c37,4,9.977416087962965,4.744870023243439,1.0,0.4755610051151203,4,561,0.0071301247771836,0.0,0.071140221661055,0.0,0.0
0b64bcdb0784abc139af04077d49a20e,4,8.495092592592592,2.001034963167385,1.0,0.2355518720198781,4,99,0.0404040404040404,0.0,0.3432360643471754,0.0,0.0
cac63f48c38cd7d002a7e846dcd99a23,10,7.2265243055555555,4.646365410792962,1.0,0.6429599091254646,10,265,0.0377358490566037,0.0,0.27269903039832233,0.0,0.0
b9a03475e6447e631b6799ec8274800f,10,10.671656144781146,5.429005967985147,1.0,0.5087313435075531,11,265,0.0415094339622641,0.0,0.4429744060097829,0.0,0.0
9c690ceacd5c66731bf443ea810195cb,10,7.378122106481482,2.914069002861204,1.0,0.3949607990766746,12,350,0.0342857142857142,0.0,0.25296418650793584,0.0,0.0
e9c6969d40e6a3d2d0f90013165c2b98,10,9.087366898148147,3.635116326511477,1.0,0.4000186596683195,10,210,0.0476190476190476,0.0,0.43273175705467354,0.0,0.0
0ff83046c3fa22efee8ecf291888b191,10,12.322455808080807,3.764131012538204,1.0,0.3054692239244847,11,366,0.0300546448087431,0.0,0.3703470324833021,0.0,0.0
f44bdc12aa39f5271f0b95f66cd4c289,5,10.519596560846562,5.375512528671898,0.8571428571428571,0.5109998750978055,7,261,0.0268199233716475,0.0,0.28213477366255135,0.0,0.0
6c6e3d67f969468f3bfd33f827a31222,5,9.219967206790123,3.95071044784578,1.0,0.4284950650297591,6,152,0.0394736842105263,0.0,0.36394607395224154,0.0,0.0
bb2afe2061d53c6968aa0cffa233a8ec,5,4.69764274691358,2.5200288016000765,1.0,0.5364453913094546,6,74,0.081081081081081,0.0,0.38088995245245205,0.0,0.0
98115075dd26cb8835946fc6086f5d30,4,4.25859375,3.2933231432737866,1.0,0.7733358325794252,4,124,0.032258064516129,0.0,0.13737399193548372,0.0,0.0
f8201cab383e484733266d1906e2fdfa,10,13.045797453703704,5.781343901656928,0.8,0.443157570257662,10,421,0.0237529691211401,0.0,0.3098764240784722,0.0,0.0
acb6c2ca5c82411c1fdb88d5fd5eb95e,10,9.944088804713804,5.023707154600643,1.0,0.5051953228956736,11,532,0.0206766917293233,0.0,0.20561085874408233,0.0,0.0
ad273c9eb54ecb4532de4bf75bae9e4e,10,11.928710016835016,5.001291824517057,1.0,0.4192651022163102,11,527,0.0208728652751423,0.0,0.2489863570876377,0.0,0.0
f44b6f775a2b390380e0e30b5c9d3eee,10,8.694234953703702,4.891351726949635,1.0,0.5625971408635492,10,423,0.0236406619385342,0.0,0.20553746935469677,0.0,0.0
385799a1cddbd26dfeb9157356a42282,4,6.586275077160494,4.218022855312139,1.0,0.640426159839445,7,166,0.0421686746987951,0.0,0.2777344912055625,0.0,0.0
45c20d94d9171b0bcfab3c955e47d67b,4,14.431024305555557,5.646703925936427,1.0,0.3912891979374324,4,118,0.0338983050847457,0.0,0.4891872645951027,0.0,0.0
7e79d65b5c6f1f544b7daea036acf720,4,8.56722511574074,4.505686672329156,1.0,0.5259213586031216,4,133,0.0300751879699248,0.0,0.25766090573656353,0.0,0.0
d8d9567d0bfb0bc7eb845a205ba42657,4,13.52205150462963,7.95204087279825,0.5,0.5880794693080158,4,148,0.027027027027027,0.0,0.3654608514764761,0.0,0.0
353e21e8bf8de2722b4fae1636664b76,4,9.107554976851851,3.9191844205330857,1.0,0.4303223456234138,4,110,0.0363636363636363,0.0,0.33118381734006674,0.0,0.0
4ea2f12dbe91deeacd2c1e74f069a6e6,4,8.440769675925926,4.0509200778380405,1.0,0.479923067844363,6,216,0.0277777777777777,0.0,0.23446582433127508,0.0,0.0
dbbcfe2c8d026742134ac3e28ccde274,4,8.287314814814815,3.553646887616157,1.0,0.428805586251349,4,317,0.0126182965299684,0.0,0.1045717957705335,0.0,0.0
7d948535954aaf8c5d39db007f74372e,4,5.600842013888889,2.6539935158479526,1.0,0.4738561647099877,4,281,0.0142348754448398,0.0,0.07972728845393404,0.0,0.0
9cf787a239c1aa29dbd76f153dc13f9a,4,6.560300925925926,1.6127786988150148,1.0,0.2458391340618854,4,73,0.0547945205479452,0.0,0.3594685438863521,0.0,0.0
9cea4682e16655f7da87f406902e989e,4,8.910434670781893,4.440923238318785,1.0,0.4983958024944582,9,318,0.0283018867924528,0.0,0.2521821133240156,0.0,0.0
71dc18fd8cbf5fd77f45dd8b427abb34,4,11.461727109053498,3.1604555586169893,1.0,0.2757399062590295,9,303,0.0297029702970297,0.0,0.3404473398728762,0.0,0.0
713e3a23ca5e47786eb6f0d99f94cfac,4,10.095622106481482,6.449910704133323,1.0,0.6388819466600698,4,118,0.0338983050847457,0.0,0.3422244781858123,0.0,0.0
a080fc8a850289b27500f6b49cca2553,4,5.423171296296296,4.363364666122027,1.0,0.8045780647020953,4,105,0.0380952380952381,0.0,0.20659700176366844,0.0,0.0
4e85b538b0dad58852641540686d0e14,4,17.22519675925926,11.526304438457514,0.5,0.6691537170547354,4,334,0.0119760479041916,0.0,0.20628978154801478,0.0,0.0
4deebb3199eeafb282ae33229144f94b,4,11.752780092592593,6.349765084023661,0.6,0.5402777074018187,5,196,0.0255102040816326,0.0,0.2998158186885859,0.0,0.0
4dc646b9b9e8e411ef48ba000ea3ac6f,4,10.663962962962964,7.363148330574043,0.8,0.6904701709999379,5,195,0.0256410256410256,0.0,0.2734349477682807,0.0,0.0
9853a239ab7b7ebbdc3a21248d5b8e1f,4,17.958078703703706,9.086544268160278,0.75,0.5059864375294364,5,217,0.0230414746543778,0.0,0.4137806152927107,0.0,0.0
48985c61529077fa4f1e38bcff0f2ed3,7,10.3428125,3.501929333101081,1.0,0.3385857892232969,7,183,0.0382513661202185,0.0,0.3956267076502724,0.0,0.0
35fb511489d9ee3ee27a76debce9df06,7,16.808877314814815,7.378547167478252,0.8571428571428571,0.43896728075795,7,412,0.0169902912621359,0.0,0.28558772136821253,0.0,0.0
f805b96fa705ba7995a221f1749dc141,7,12.984732142857142,6.042001743734799,1.0,0.4653158553646779,7,260,0.0269230769230769,0.0,0.349588942307692,0.0,0.0
c03121937e54a93fcc1825c3098bbb6e,7,11.15910052910053,5.455575755156509,1.0,0.488890277574751,7,402,0.017412935323383,0.0,0.1943126957803565,0.0,0.0
6e4f5ff6b086632ba8dcb558fb10249e,5,10.725724537037037,7.791584550325758,1.0,0.7264389947197143,5,143,0.0349650349650349,0.0,0.37502533346283273,0.0,0.0
bca9230d3bbb4efa51872bf605a2f1ad,5,7.055643518518518,3.858808385687602,0.8,0.5469109055126754,5,82,0.0609756097560975,0.0,0.4302221657633238,0.0,0.0
6e13dd869aa7185f601c941423abcc8f,5,4.413994984567901,1.7176443201320404,1.0,0.3891359927089237,6,102,0.0588235294117647,0.0,0.2596467637981118,0.0,0.0
725af026f869236a8dd0ceb98564d156,5,13.673094907407409,4.757653820568397,1.0,0.3479573463642774,8,286,0.0279720279720279,0.0,0.3824641932141922,0.0,0.0
70f84699be677ec988d1fa824aef7d90,5,17.529266203703706,7.938135926403135,1.0,0.4528504407518159,5,464,0.0107758620689655,0.0,0.18889295478128965,0.0,0.0
33cbda8716511e27e556dff9d8418bf2,5,13.241147762345678,3.3432042953706467,1.0,0.2524859895361817,6,433,0.0138568129330254,0.0,0.18348010756137192,0.0,0.0
058cb5aeb36d7c0fcae20fc85d5e0a59,11,9.675294174382715,5.883208015134202,0.9166666666666666,0.608065027181414,13,324,0.0401234567901234,0.0,0.3882062477375775,0.0,0.0
014d9a685fd57276679edd00e07089e5,11,8.83783275462963,3.492048236090649,1.0,0.3951249512230661,12,270,0.0444444444444444,0.0,0.3927925668724276,0.0,0.0
87b740daf17b5d1be335a64164ec6842,11,18.169685395622896,10.308541802773147,0.9090909090909092,0.5673483925735164,13,526,0.0247148288973384,0.0,0.4490606656712882,0.0,0.0
365e445f796710c3431557e85caa25db,4,9.71752777777778,4.880100830662894,1.0,0.5021957170858619,5,136,0.0367647058823529,0.0,0.35726205065359445,0.0,0.0
ff4e2d38692ce827b1a4f4b8196e680d,11,9.210698653198651,6.971694296109596,1.0,0.7569126467608942,11,323,0.0340557275541795,0.0,0.31367704391698137,0.0,0.0
5ab05b6d86d417796c69ffd6774ec832,10,12.587885802469136,12.051134693674983,0.9166666666666666,0.9573597093890964,12,584,0.0205479452054794,0.0,0.2586551877219679,0.0,0.0
119d1aef1b4144adba89163f6cd9f5d4,4,4.477740162037037,2.16204484961328,1.0,0.4828428563013605,4,176,0.0227272727272727,0.0,0.101766821864478,0.0,0.0
dc64d75cc406bb0697be983831430e60,4,10.212702546296295,4.769228294972435,1.0,0.466989836759911,4,87,0.0459770114942528,0.0,0.4695495423584496,0.0,0.0
4dbd95a08b31ede5c82d3f861cb1ce1a,4,12.341614583333332,3.1208843947323177,1.0,0.2528748871275643,6,178,0.0337078651685393,0.0,0.41600948033707824,0.0,0.0
e5f9e61ceb5f523cc966e0f34095032f,4,20.252138310185185,6.536697578208802,0.75,0.3227657977686916,4,234,0.017094017094017,0.0,0.34619039846470206,0.0,0.0
262237171f48e85819065498cac80d7b,4,8.981194444444444,4.094298662764052,1.0,0.4558746264865347,10,366,0.0273224043715847,0.0,0.24538782635094109,0.0,0.0
131fcb0a0c9a47bba4474aacff0f14b7,4,4.300601851851852,1.496362157368406,1.0,0.3479424994257648,4,68,0.0588235294117647,0.0,0.25297657952069713,0.0,0.0
12c2ed9cded6138cf0c75f525f565fc7,4,13.442248263888889,7.639553380256027,0.5,0.5683240801896838,4,268,0.0149253731343283,0.0,0.20063057110281846,0.0,0.0
670a9dda115b5a88b18cfadee8de2332,11,12.298190235690235,5.883030218574778,1.0,0.4783655241810945,11,353,0.0311614730878186,0.0,0.3832297240583348,0.0,0.0
31ae0774c17fabd06ff707cc5bde005f,11,11.775554503367005,7.837134164745301,0.9090909090909092,0.6655426852726481,11,475,0.0231578947368421,0.0,0.27269705165692004,0.0,0.0
bc302730ea8cf49b5c74f579febb5bbf,11,11.243857323232325,7.027983143537036,0.9090909090909092,0.6250509003716768,11,361,0.0304709141274238,0.0,0.3426106109572174,0.0,0.0
c4af86330efa7a2620772227d2d670c9,4,15.150208333333332,9.22628651846992,1.0,0.6089874353853166,4,165,0.0242424242424242,0.0,0.3672777777777771,0.0,0.0
10264f60a8f0a4d2f30810f5c661c673,4,4.128816550925926,1.5324234012657665,1.0,0.3711531821199723,4,52,0.0769230769230769,0.0,0.31760127314814807,0.0,0.0
d1b9d4be4b6f9ebd85f8acd6745ba612,11,10.813234427609428,5.547756149738357,1.0,0.5130524254216919,11,315,0.0349206349206349,0.0,0.3776050117577893,0.0,0.0
b080809eaacb49e5ca07290981472431,11,10.537906144781145,7.341670380606506,1.0,0.6966915703877699,11,446,0.0246636771300448,0.0,0.2599035147815973,0.0,0.0
5236605f4d4b0b3e4df85b850393fca0,5,10.492495370370367,9.396703088374808,0.8,0.8955641872294786,5,361,0.0138504155124653,0.0,0.14532542064224807,0.0,0.0
f021c962aaba8ef6eb527a9c2c8394d1,5,8.171310185185186,4.680668944228119,1.0,0.5728174354113129,5,82,0.0609756097560975,0.0,0.4982506210478767,0.0,0.0
184a67a8f9f63234d3a92340bbdb727f,7,16.158923611111113,6.2650090785706345,1.0,0.3877120301665837,11,401,0.027431421446384,0.0,0.4432622436963142,0.0,0.0
7ecef8194babfec876ca720714327841,7,9.12423755787037,6.991279581475612,0.875,0.766231648083854,8,279,0.028673835125448,0.0,0.2616268833797953,0.0,0.0
c54679b132454625907c773d273d4126,7,6.140862268518519,1.7077851698961208,1.0,0.278101852023482,8,124,0.064516129032258,0.0,0.3961846624850653,0.0,0.0
e58a5b390e28abc0b216cfb0e07d27d7,7,7.598201058201058,2.747569374137816,1.0,0.3616078796930819,7,107,0.0654205607476635,0.0,0.4970785739010034,0.0,0.0
6989574bd97d9773f10d232b6c07da59,7,10.962650462962964,4.302604860139661,1.0,0.3924785228422545,7,491,0.0142566191446028,0.0,0.15629033246586654,0.0,0.0
54219883e72aad869adfb2a54b7bfa0f,5,17.007217592592593,6.699337501672481,1.0,0.393911435847704,5,250,0.02,0.0,0.3401443518518519,0.0,0.0
5566627eab3fe93fd6ee08798226101a,5,8.814136574074073,3.1644553288867754,1.0,0.3590204556388102,5,285,0.0175438596491228,0.0,0.1546339749837556,0.0,0.0
c3fe93ba3085f92855c97e57f38c8c05,6,13.222635030864195,3.537835794163378,1.0,0.2675590595902694,7,412,0.0169902912621359,0.0,0.224656420427304,0.0,0.0
74871d19219c7d518d0090283e03c137,6,3.606625330687831,1.9412649291076327,1.0,0.5382496797185773,7,139,0.0503597122302158,0.0,0.18162861377564607,0.0,0.0
0e44d110fa6a54e121cb2c095a77762f,6,12.001626157407408,6.141551051408973,0.8333333333333334,0.5117265752873335,6,314,0.019108280254777,0.0,0.22933043612880313,0.0,0.0
a7c88262832dfc683781d6a421edefae,5,11.176726851851852,6.4235944165427865,1.0,0.5747294804362578,5,337,0.0148367952522255,0.0,0.1658268078909768,0.0,0.0
1d0997ff06b524ce9289ffd75114ecd3,3,17.01238425925926,14.177912790505166,0.6666666666666666,0.8333877588491814,3,302,0.009933774834437,0.0,0.1689971946284018,0.0,0.0
2f73e04d12cdf0c945ded66bb3fcf6c7,3,13.595486111111107,10.615144025609592,1.0,0.780784441163469,3,551,0.0054446460980036,0.0,0.07402261040532322,0.0,0.0
02c988090b766852e088c69d7fb3b551,12,8.518108362268519,5.614295544850726,1.0,0.6591012119216034,17,396,0.0429292929292929,0.0,0.3656763690872847,0.0,0.0
5d9dc90a686a8fddacffab6bab5653a3,12,8.628353587962962,6.88381398817432,0.9166666666666666,0.7978131538069588,12,319,0.0376175548589341,0.0,0.32457756443747765,0.0,0.0
61b18775be84fb700a6b2d0ba097bf66,4,11.869849537037036,5.48918962961757,1.0,0.4624481222352365,5,128,0.0390625,0.0,0.4636659975405092,0.0,0.0
b44dbfbf62e52125f3c15d230569ea91,4,4.566316550925926,2.916035277312008,1.0,0.6385968306819891,8,114,0.0701754385964912,0.0,0.32044326673164375,0.0,0.0
1d2732ef8321502ee8488e8bed1ab8cd,4,11.34351388888889,8.025255217272822,0.8,0.7074752405543099,5,380,0.0131578947368421,0.0,0.14925676169590638,0.0,0.0
1d1bbb8ac1581824986f582583fff01d,4,9.16330439814815,3.065422054854916,0.75,0.3345323828240847,4,120,0.0333333333333333,0.0,0.3054434799382713,0.0,0.0
5f0057b677eb963672bf05dfa3f16c34,4,7.040208333333333,3.9224431249379226,1.0,0.557148729017904,5,136,0.0367647058823529,0.0,0.2588311887254899,0.0,0.0
fe8055980a4ff7f64ed889c2b5926929,3,6.485983796296296,1.3025638499675325,1.0,0.2008274906131184,3,45,0.0666666666666666,0.0,0.4323989197530859,0.0,0.0
9df5750209b83567ec144eb299d7d634,11,14.06586595117845,10.18203803620659,0.9090909090909092,0.7238827720630687,11,652,0.0168711656441717,0.0,0.23730755439104634,0.0,0.0
659e8466eb3ff1b0e8740d74fb7bbedd,11,9.770508432539682,3.599982555066209,1.0,0.3684539632632457,14,354,0.03954802259887,0.0,0.3864042882925292,0.0,0.0
08d0949a9a17c027262db1f3c450c26c,12,14.330144675925924,5.05064682598371,1.0,0.3524491161954978,12,368,0.0326086956521739,0.0,0.4672873263888886,0.0,0.0
bbaff50f3b708fda865918715276cd87,12,8.590279224537037,7.052533710641496,0.875,0.8209900430822823,16,510,0.0313725490196078,0.0,0.26949895606390667,0.0,0.0
e59e489e2ea74bd409b798b5daf49de3,3,14.799812500000002,1.7307439502878867,1.0,0.1169436403527332,5,239,0.0209205020920502,0.0,0.30961950836820074,0.0,0.0
403aa86912527d730337ffcb0fb096ab,11,10.995046296296296,4.397932823810465,1.0,0.3999922060620989,11,290,0.0379310344827586,0.0,0.417053480204342,0.0,0.0
1660ad786c27fd935378b6192a90b417,12,8.91480146011396,4.509049227437039,0.9230769230769232,0.5057935667564939,13,340,0.038235294117647,0.0,0.3408600558278862,0.0,0.0
7a2d2949aea47fab95fd98d6c9f618b1,11,10.96522087191358,6.191817867846846,1.0,0.5646778975247664,12,507,0.0236686390532544,0.0,0.259531854956534,0.0,0.0
2c43fb513632d29b3b58df74816f1b06,3,4.594564043209877,1.1609260524125418,1.0,0.2526738209533129,3,34,0.088235294117647,0.0,0.4054027096949888,0.0,0.0
5bf397d04035b5f45cc41e82ec106803,3,3.496568287037037,2.520496983048014,1.0,0.7208487797570978,4,56,0.0714285714285714,0.0,0.24975487764550255,0.0,0.0
ccada0ef508e698917a6eab263375905,3,9.912824074074074,2.4780772087110265,1.0,0.2499870057405912,3,85,0.0352941176470588,0.0,0.3498643790849671,0.0,0.0
26bad72add1f86e08a776ce4ffdaf1ca,7,10.942886904761906,5.032251793549141,1.0,0.459865101169903,7,251,0.0278884462151394,0.0,0.3051801128818057,0.0,0.0
bd4431c1a8dfa744b59e1e2a8bc99b9e,7,7.122043650793651,1.6268681765839117,1.0,0.2284271560737514,7,132,0.053030303030303,0.0,0.3776841329966327,0.0,0.0
7354220fb240bde543b3c40c060d41e7,7,11.098485449735447,5.432824982848041,1.0,0.4895104838811625,7,203,0.0344827586206896,0.0,0.3827063948184631,0.0,0.0
9a03a4e9eb0b947652fae4f6121a3f5e,7,13.86299107142857,4.994554436547428,0.8571428571428571,0.3602797124237593,7,217,0.032258064516129,0.0,0.4471932603686631,0.0,0.0
c8e135e7b21ecbc36c1153a29d2f5a06,7,8.14822585978836,3.709356969006764,1.0,0.4552349226489298,7,117,0.0598290598290598,0.0,0.48750069246597,0.0,0.0
78744a20ee2f80ba64f6804c25def2b8,6,18.961849922839505,12.866521898267862,0.8333333333333334,0.6785478184156581,6,344,0.0174418604651162,0.0,0.330729940514641,0.0,0.0
9aa388272ee334b6ae07bc73706e254a,6,7.597832341269841,5.962803336925827,1.0,0.7848032266436208,7,141,0.0496453900709219,0.0,0.37719735027580703,0.0,0.0
89c127985a8b130cfa45c1d36764017a,6,10.99207561728395,4.534990930612055,1.0,0.4125691169264912,7,227,0.0308370044052863,0.0,0.3389626842334253,0.0,0.0
b1204cfda1d4948679db3cfc0d3cb95c,6,9.825545910493828,1.839518740905516,1.0,0.1872179681070832,11,555,0.0198198198198198,0.0,0.19474054957735495,0.0,0.0
9c3c24eca51c52b91c1de727d2a2ae06,6,10.611865354938272,2.515862224620432,1.0,0.2370801117872896,6,589,0.0101867572156196,0.0,0.10810049597560109,0.0,0.0
252e76235acb79183cfca6e34f13337d,3,14.787332175925926,3.036008545243865,1.0,0.20531144557546,4,470,0.0085106382978723,0.0,0.12584963553979453,0.0,0.0
25be943a321c8938947bdaabca979a90,3,3.203792438271605,1.0675941431417957,1.0,0.3332282486182986,5,118,0.0423728813559322,0.0,0.13575391687591548,0.0,0.0
1c5e4e49b9079480255b49d50aac1aa9,12,8.798226273148147,3.3461807690544543,1.0,0.3803244728163983,12,515,0.0233009708737864,0.0,0.20500721413160727,0.0,0.0
6e864f5c4669eff3d98140a07cc50202,13,9.844045584045585,6.556076886189229,0.9230769230769232,0.6659941616701548,13,302,0.043046357615894,0.0,0.4237503065979884,0.0,0.0
2c4c47cb51acd5ea5db5e0ae0e26542a,12,10.8107237654321,2.9875579139022337,1.0,0.2763513321332952,15,329,0.0455927051671732,0.0,0.4928901412810982,0.0,0.0
3969863bb8af7f72580b3b1ffd3a17b3,12,9.84073985042735,3.605351123684338,1.0,0.3663699252783082,13,263,0.0494296577946768,0.0,0.4864244032530629,0.0,0.0
54065e9aef7e9e9c2dc23b7594db021a,12,12.422222222222222,6.463756200403002,1.0,0.5203381556675046,14,368,0.0380434782608695,0.0,0.4725845410628011,0.0,0.0
b56828a9f9027f3c918c04ca720d9e3c,3,16.972858796296297,4.606379925670153,0.6666666666666666,0.2713968212989155,3,212,0.0141509433962264,0.0,0.24018196409853224,0.0,0.0
626ab1cd96932367f0eeec2e47046c12,3,7.193283179012345,5.418515212162495,1.0,0.753274280647251,3,194,0.0154639175257731,0.0,0.11123633781977783,0.0,0.0
578fa3a9cb6b6dceab39231ad59cdaca,3,22.39690200617284,18.489001103082696,0.6666666666666666,0.8255160065435352,3,227,0.013215859030837,0.0,0.2959942996410507,0.0,0.0
c5ebe6598748b0aeaa61cfb820478b92,3,4.9036535493827165,2.0801354348157743,1.0,0.4242011418358923,3,56,0.0535714285714285,0.0,0.262695725859788,0.0,0.0
78ef7e885d17f35e2382a47aae8b8cce,3,8.66204861111111,2.117736120259172,1.0,0.2444844418839531,3,164,0.0182926829268292,0.0,0.1584521087398368,0.0,0.0
e5899683388855d3dabe8913bbe365de,3,7.7213618827160495,0.9240232492654676,1.0,0.1196710196078046,3,53,0.0566037735849056,0.0,0.4370582197763797,0.0,0.0
55c26bcb609f480eb7868594245febb5,6,9.694230324074075,4.70023494153127,1.0,0.4848486970501398,6,123,0.048780487804878,0.0,0.4728892841011739,0.0,0.0
4a82c4af97ffc0fb2dc26bfdc03b1842,3,12.739297839506174,2.211317869434149,1.0,0.1735823981268867,3,78,0.0384615384615384,0.0,0.48997299382715975,0.0,0.0
6f229cc508fc6915ed5c499efd93baa4,13,9.361559193121693,6.010224005769343,0.8571428571428571,0.6420110028450488,14,366,0.0382513661202185,0.0,0.3580924281521951,0.0,0.0
51702dc2a3e106c76dbff722b5bf0726,13,14.731593915343916,7.288714715510773,1.0,0.4947675558663819,14,431,0.0324825986078886,0.0,0.4785204520065305,0.0,0.0
10089e9f2fd0c668a8fd4e52e1698888,3,7.632048611111112,0.9208669832914425,1.0,0.1206579032988336,3,248,0.0120967741935483,0.0,0.09232316868279504,0.0,0.0
74bafed391319577bce6f4d2acc0589a,3,7.031435185185185,3.4147507084789868,1.0,0.485640643559321,3,213,0.0140845070422535,0.0,0.09903429838288978,0.0,0.0
249f0e9905a6e06ad6c6bea7547ab9f6,3,6.271500771604939,1.24601507682074,1.0,0.1986789322361627,3,40,0.075,0.0,0.4703625578703704,0.0,0.0
c79151301b9d90985d1fa52879213105,3,8.649183201058202,0.5488416294628593,1.0,0.0634558913488744,8,150,0.0533333333333333,0.0,0.46128977072310384,0.0,0.0
1284de4ae8aa26997e748c851557cf0e,3,19.269425154320988,7.9732908628364925,1.0,0.4137793836080552,3,161,0.0186335403726708,0.0,0.3590576115711984,0.0,0.0
a72c2f59332659e361d647515c698798,5,10.038487654320988,3.5825773989831986,1.0,0.3568841764168636,6,184,0.0326086956521739,0.0,0.3273419887278582,0.0,0.0
2ff6b7bff164ef05590a52734e1296da,7,11.747468584656083,6.345793668544651,1.0,0.5401839232694938,7,192,0.0364583333333333,0.0,0.4282931254822526,0.0,0.0
6b803197e03abd5056b4313306b4f29d,7,4.875554591049383,4.358891146330889,1.0,0.8940298103385012,12,196,0.0612244897959183,0.0,0.29850334230914555,0.0,0.0
4049512728d969bec69f84088b012416,7,11.160608281893005,5.463028421613746,1.0,0.489491995743366,9,284,0.0316901408450704,0.0,0.3536812483698485,0.0,0.0
0307f7565ff85b299b6e5ef162b1b1a9,6,15.198894675925926,3.1104483473633056,1.0,0.2046496415486092,7,228,0.0307017543859649,0.0,0.46663273127842736,0.0,0.0
f8d5c7085db9a4ad2b8c1ffbeb2798c8,6,12.526377314814814,4.764432494067516,1.0,0.3803519863985473,6,313,0.0191693290734824,0.0,0.24012224884629002,0.0,0.0
8a40ae794fa3f9892cee24bd5af0488b,6,27.80233024691358,14.11543394697016,0.6666666666666666,0.5077068656335796,6,373,0.0160857908847185,0.0,0.4472224704597359,0.0,0.0
bbf9ad41dca6603e614efcdad7aab8c4,14,13.931492228835978,5.8161473103570005,1.0,0.417482005145041,14,504,0.0277777777777777,0.0,0.38698589524544275,0.0,0.0
75745ef7bc7d4f3ea3380f6f5303f514,3,5.69443287037037,2.7425435909022826,1.0,0.4816183899844455,3,38,0.0789473684210526,0.0,0.4495604897660817,0.0,0.0
761681a821d8275bc79f552116d06869,3,8.154621913580247,3.76431767752658,1.0,0.4616176834952578,3,94,0.0319148936170212,0.0,0.2602538908589434,0.0,0.0
76623fde66e6b63b59440fd34160512d,3,3.388842592592592,0.52892970064119,1.0,0.156079748819652,3,129,0.0232558139534883,0.0,0.07881029285099025,0.0,0.0
0e72c1a751b496722a6cb1f10653b62a,3,6.891940586419753,3.896884696464785,1.0,0.5654263334979142,3,81,0.037037037037037,0.0,0.2552570587562869,0.0,0.0
7402d13c03a7e91366337cd1de471144,3,9.903695987654322,3.447923955651301,1.0,0.3481451732716139,4,333,0.012012012012012,0.0,0.11896331516701876,0.0,0.0
13dd308f81fea30cc670c656b2b46cc3,3,3.6380208333333335,0.7020224936356598,0.6666666666666666,0.1929682444925507,3,29,0.1034482758620689,0.0,0.37634698275862044,0.0,0.0
dcf3755cefcdc158ad0b7bdde51e871b,3,13.252658179012348,7.704005995549326,1.0,0.5813177923618238,3,147,0.0204081632653061,0.0,0.27046241181657826,0.0,0.0
de09d00cfc265b8804c7df34075a68fa,3,6.152604166666666,3.757801899177687,1.0,0.6107660752070735,3,205,0.0146341463414634,0.0,0.09003810975609747,0.0,0.0
9c1c0c36cd23c20897e473901a8fb149,6,5.780507605820105,3.3155144068106908,1.0,0.5735680381204696,7,98,0.0714285714285714,0.0,0.41289340041572165,0.0,0.0
ac6417315ae5da8f9a38ee11de6f7780,7,11.468726851851851,7.678632232605941,0.8571428571428571,0.6695278675475712,8,366,0.0218579234972677,0.0,0.2506825541388376,0.0,0.0
b7ed9fb14c8eadb37adb9c45d67ab0fb,7,13.357425294612794,4.905920233615124,1.0,0.3672803796697061,11,392,0.0280612244897959,0.0,0.37482570979780777,0.0,0.0
0bfd0b434243adc5c2e1aa6baf19c6aa,6,8.463200231481482,4.62614810768456,1.0,0.5466192434483798,6,104,0.0576923076923076,0.0,0.48826155181623854,0.0,0.0
2cb6eb1b7185064167657fa09f541105,6,8.328468915343915,2.503710187803091,1.0,0.3006207039075805,7,165,0.0424242424242424,0.0,0.3533289842873174,0.0,0.0
fe87f472055fbcf1d7e691c00b1560dc,6,6.001875000000001,5.175935969696825,0.8333333333333334,0.8623864991684805,6,105,0.0571428571428571,0.0,0.3429642857142855,0.0,0.0
5795aebfe331fbcd02a2c4b679fb7952,6,12.203221450617283,7.679761533343518,1.0,0.6293224755791879,6,191,0.031413612565445,0.0,0.383347270700019,0.0,0.0
38874e327ce94d11390b96eb42d61928,6,19.95860725308642,11.75573305780106,0.8333333333333334,0.5890056810443595,6,385,0.0155844155844155,0.0,0.31104322991822825,0.0,0.0
28ea411b354f14b1a494be4e79f0ce02,6,8.916840277777778,8.241862999487509,0.8333333333333334,0.9243030874992318,6,337,0.0178041543026706,0.0,0.15875680019782373,0.0,0.0
ea4e9ce63a2134743b4a92777437fcdd,3,9.196814236111113,3.231703223727862,1.0,0.351393769707628,4,129,0.0310077519379844,0.0,0.28517253445305685,0.0,0.0
989becdce12ebc39863c2bceab6f3ca1,15,13.739216820987654,5.8587829342073245,0.8666666666666667,0.4264277222306883,18,658,0.0273556231003039,0.0,0.37584483704829375,0.0,0.0
0eaa7e33d73809f1f925f7d07c506cbd,15,5.903765432098766,4.638419735211564,1.0,0.7856714140423806,15,505,0.0297029702970297,0.0,0.17535936927026036,0.0,0.0
8b8cfc8305aa441e4239358c9f6f2485,15,12.536666666666669,6.401076849792439,0.8666666666666667,0.5105884219456878,15,438,0.0342465753424657,0.0,0.4293378995433784,0.0,0.0
0ac4201fda2c68ebc0e47cb9423cf3c9,13,12.482843915343915,7.836826711770764,0.9285714285714286,0.6278077948357372,14,364,0.0384615384615384,0.0,0.4801093813593806,0.0,0.0
c2d70ce2c5d0a2eb75e78668236e6dc8,13,8.098435956790123,5.416576702978637,1.0,0.6688423211443829,15,340,0.0441176470588235,0.0,0.35728393927015223,0.0,0.0
979e9f8b5b39dd243a2550c8b05aecf0,3,8.52640625,4.241429893652458,1.0,0.497446376502698,4,70,0.0571428571428571,0.0,0.48722321428571397,0.0,0.0
4e6015589b781adaa5ce7f1892d06bb1,3,5.894976851851851,5.275435010700145,1.0,0.8949034310529849,3,105,0.0285714285714285,0.0,0.1684279100529096,0.0,0.0
0fe2d9733ed841eb064503920015a8c0,3,8.665925925925926,4.670617055541021,1.0,0.5389634178118111,3,57,0.0526315789473684,0.0,0.45610136452241695,0.0,0.0
a00824eb9093d40e589b940ec45c4eb0,3,8.007125771604938,4.239716406718269,1.0,0.5294929201378669,3,187,0.0160427807486631,0.0,0.12845656318082788,0.0,0.0
c3f5668699a1b04c0fa61ecea1e2bff6,3,12.12863811728395,3.788471671111999,1.0,0.3123575486775573,3,130,0.023076923076923,0.0,0.2798916488603979,0.0,0.0
0cab2da43793a6f3c5ed8514c5f54627,3,5.005370370370371,0.7044956514525803,1.0,0.1407479565593967,3,78,0.0384615384615384,0.0,0.19251424501424474,0.0,0.0
5882820ef11c4c068eea0677a7a879b4,14,14.96869460978836,6.909777241893068,0.9285714285714286,0.4616152190969687,14,473,0.0295983086680761,0.0,0.4430480434186828,0.0,0.0
2953ce3a88f5e3c3b696d77fc9e4c8eb,14,8.075856481481482,5.85335411213078,0.7333333333333333,0.7247966981029121,15,327,0.0458715596330275,0.0,0.37045213217804945,0.0,0.0
2be17df1c49978426251562096c3cc09,16,12.265654658564817,3.710392044232776,0.9375,0.3025025689633204,16,530,0.030188679245283,0.0,0.3702839142208244,0.0,0.0
5b33b527da3c5b969cc99dc435cad09a,16,12.780727805010894,7.850733731038249,0.9411764705882352,0.6142634324752805,17,560,0.0303571428571428,0.0,0.38798637979497286,0.0,0.0
a425f92c199eb576938df686728acd20,16,17.3334966563786,2.5986225217514,1.0,0.1499191174906493,19,694,0.0273775216138328,0.0,0.4745481793533037,0.0,0.0
4736e9d642ef4257cd7622516931eb51,16,4.870615162037037,2.777212091662964,1.0,0.570197397919948,20,283,0.0706713780918728,0.0,0.34421308565632774,0.0,0.0
c89cf7c468a48af70aada384e722f9e2,14,14.189191468253968,7.116307733159447,0.9285714285714286,0.5015301787336537,14,426,0.0328638497652582,0.0,0.4663114567031818,0.0,0.0
83645b1645cdee8953ee54c29ceed564,14,10.400109126984129,6.197586954290013,1.0,0.5959155695981834,14,511,0.0273972602739726,0.0,0.28493449662970216,0.0,0.0
e9c2dc0dd4ac38448289be644ac94f42,3,5.392226080246914,1.6912858878639685,1.0,0.3136526293026874,3,50,0.06,0.0,0.3235335648148148,0.0,0.0
7c9130f5f3729edd32aa059141d92484,3,7.129021990740741,2.6549835044595675,1.0,0.3724190369882281,4,65,0.0615384615384615,0.0,0.43870904558404533,0.0,0.0
48bad451945f5227341793478d6353ea,3,22.083051697530863,3.621882708872032,0.6666666666666666,0.1640118747390787,3,314,0.0095541401273885,0.0,0.21098457035857435,0.0,0.0
2bd05d410a8fd26dc4184a15f4f2f588,6,9.337569444444444,6.073844330210553,1.0,0.6504738054531201,7,268,0.0261194029850746,0.0,0.2438917392205636,0.0,0.0
bc503e244f187939d10c92a5c8e378ce,6,9.832486645299143,4.825460355378331,0.9230769230769232,0.4907670388431552,16,329,0.0486322188449848,0.0,0.4781756423245784,0.0,0.0
52ac6f920b7280e4c6d30dd94de6259b,6,12.02397652116402,4.5570762341685525,1.0,0.3789990961931277,7,450,0.0155555555555555,0.0,0.18703963477366187,0.0,0.0
52f976b17ea7f2f087f56dcc419328f6,6,10.383350694444443,4.116419678941074,1.0,0.3964442500380481,6,292,0.0205479452054794,0.0,0.2133565211187209,0.0,0.0
f35becee938e982bd615edf8ef12bcfb,6,7.920459104938271,4.433422791590979,1.0,0.5597431579220976,6,147,0.0408163265306122,0.0,0.3232840450995209,0.0,0.0
3afc536624bc2e65bddfb5db33cc01f3,6,9.890516975308644,5.893187555617625,0.8333333333333334,0.5958422163704666,6,141,0.0425531914893617,0.0,0.42087306277909126,0.0,0.0
d6b664fa0667064c6d76394e7848d790,6,17.545335648148146,9.372503361312416,0.8333333333333334,0.5341877493407573,6,378,0.0158730158730158,0.0,0.2784973912404455,0.0,0.0
26785a546900236d66f2e4197c211158,15,5.767207561728395,2.6456673015879706,1.0,0.4587432086101442,15,245,0.0612244897959183,0.0,0.353094340513983,0.0,0.0
a3082f442524a1be452e3189e003b361,3,12.446550925925926,5.675255996754443,1.0,0.4559701744306524,4,396,0.0101010101010101,0.0,0.1257227366255144,0.0,0.0
446cc09cdbb130904da114e807dbec40,3,4.268302469135803,2.1565495372407493,1.0,0.5052475903089836,3,91,0.0329670329670329,0.0,0.14071326821326796,0.0,0.0
d9cb0052a666de5308b32f32ad5f1b1c,3,13.012816358024692,1.1338696580471557,1.0,0.0871348389811038,3,117,0.0256410256410256,0.0,0.33366195789806846,0.0,0.0
d9cd369bffa979d1634f8e1318bf2f1b,3,11.24925925925926,2.365332275061908,1.0,0.2102656024320005,3,90,0.0333333333333333,0.0,0.3749753086419749,0.0,0.0
6c12e40690c335dbc2f68a4134d30dc1,16,14.084675925925929,6.693560744306333,1.0,0.4752371144007204,18,533,0.0337711069418386,0.0,0.47565509693558417,0.0,0.0
6750d71153f00fc58829af2a8ef1bcf1,6,9.518886959876545,3.7116293958115376,1.0,0.3899226255608014,6,134,0.044776119402985,0.0,0.4262188190989491,0.0,0.0
9ed65337433adfbedefd23dd76eaa494,6,7.400858410493828,8.401043097158691,1.0,1.1351444158486643,6,226,0.0265486725663716,0.0,0.196482966650278,0.0,0.0
edd066cd02126d7800f9b66e980e9931,6,11.897121913580248,9.833421708409924,0.8333333333333334,0.8265378618323929,6,362,0.0165745856353591,0.0,0.19718986597094318,0.0,0.0
679769a98cfcc6da877c8486ff1c13f3,21,9.536956018518518,6.244683913133477,1.0,0.6547879534106872,21,545,0.0385321100917431,0.0,0.3674790392456675,0.0,0.0
bd697db56ff8e7c9cd1abeb7f72029b2,21,10.883916997354495,4.791812817006707,1.0,0.4402654685965935,22,545,0.0403669724770642,0.0,0.43935077787486015,0.0,0.0
4391ea5c5990502176a1dcda44a2373d,3,10.332960648148148,5.641056585148632,1.0,0.5459283914102209,5,214,0.0233644859813084,0.0,0.24142431420906876,0.0,0.0
83a75eea11694e36e56dd0cb2240229a,3,4.093989197530864,2.8078911565464604,1.0,0.6858570018308633,3,53,0.0566037735849056,0.0,0.2317352375960864,0.0,0.0
d558ebe531605a1285ab2b1bc3256dfb,3,9.418445216049385,2.1683992941650456,1.0,0.2302290074873517,3,86,0.0348837209302325,0.0,0.3285504145133501,0.0,0.0
f1b854361f4e15d5851b494df66f22b2,3,7.608460648148148,1.6378224755509223,1.0,0.2152633168904617,4,102,0.0392156862745098,0.0,0.29837100580973125,0.0,0.0
afa6714acee029b2dfdf357e5579cc03,16,12.618579793028324,8.657470271429599,0.8823529411764706,0.6860891172723567,17,682,0.0249266862170087,0.0,0.3145393790051036,0.0,0.0
cf654707ed6a99f112c7ec3d6f314b8b,3,4.274947916666667,3.381886219636728,1.0,0.7910941339078835,4,93,0.043010752688172,0.0,0.18386872759856612,0.0,0.0
c731d18cea9bf687ffee82a241c25b11,24,7.650308493589743,3.191995831934184,1.0,0.4172375316118015,26,551,0.0471869328493647,0.0,0.3609945931639436,0.0,0.0
f7496d659ca9fdaf323c0aae84176632,25,12.465313835470086,5.834589223716731,0.9230769230769232,0.4680659709597034,27,678,0.0398230088495575,0.0,0.4964063031824368,0.0,0.0
e48b04bf1aa1ef711caebeb7aede6180,25,10.544004166666666,6.284049695602718,1.0,0.5959832333402169,25,552,0.0452898550724637,0.0,0.47753642059178664,0.0,0.0
6ba4733aa33f6386e9fb0c0fd3993b38,3,12.429888117283951,6.734950405970265,1.0,0.5418351591278776,3,124,0.0241935483870967,0.0,0.30072309961170757,0.0,0.0
515d781150feed28a6ac091bb0e3cb8c,6,9.780329861111111,3.360527613004747,1.0,0.3436006413614937,6,217,0.0276497695852534,0.0,0.2704238671274956,0.0,0.0
9fc70243fb26800cba56e8f014797004,6,9.620205026455029,5.092202676477966,1.0,0.5293237163318966,7,259,0.027027027027027,0.0,0.26000554125554104,0.0,0.0
3f84fefc07dc159b268d4a77d3e8c425,3,8.068271604938271,2.423432560577295,1.0,0.300365763479505,3,54,0.0555555555555555,0.0,0.448237311385459,0.0,0.0
876182d1918783bbe15233febfbd4926,3,9.27925925925926,2.763491191109764,1.0,0.2978137708947218,3,289,0.0103806228373702,0.0,0.09632449058054557,0.0,0.0
1f7fd2a6fcd5a6fa5d8a4dabc72aaae0,3,7.109780092592593,1.9574047269658124,1.0,0.2753115710294833,3,398,0.007537688442211,0.0,0.053591307230597046,0.0,0.0
83c465a786b06574376909b35ef6752a,3,5.269764660493827,2.277276148583107,1.0,0.432140009146007,3,53,0.0566037735849056,0.0,0.2982885656883295,0.0,0.0
d03698c2efd04a549382afa6623e27fb,18,15.604987323633155,7.655422440343875,0.9523809523809524,0.4905753706541004,21,663,0.0316742081447963,0.0,0.4942756165856643,0.0,0.0
07bf9669d84d1f11be443a9dd938f698,18,8.712097800925926,5.026140128038785,1.0,0.5769150258511335,24,477,0.050314465408805,0.0,0.43834454344281365,0.0,0.0
41c2bad7229b0c25e6becf179ebf63ff,20,4.664837962962963,1.4210757464959292,1.0,0.304635607448475,23,236,0.097457627118644,0.0,0.4546240387633393,0.0,0.0
93b9a99027bd8bd6af682aff18dd19bf,19,11.368078125,6.964783083632139,1.0,0.6126614373203156,21,557,0.03770197486535,0.0,0.4285989957360852,0.0,0.0
213fafb0ca06fb3d5886579c2565791b,3,4.259791666666667,2.0551412710489325,1.0,0.4824511224646587,3,71,0.0422535211267605,0.0,0.17999119718309833,0.0,0.0
3d49bfdd1b43a7fe169b3740067acc61,3,8.759347993827161,2.637343559121176,1.0,0.3010890263727105,3,54,0.0555555555555555,0.0,0.4866304441015084,0.0,0.0
b3e2faf2c1004d674f16a3aa3197f0e1,3,6.792133487654321,0.8658056247915971,1.0,0.1274718210949951,3,93,0.032258064516129,0.0,0.21910108024691335,0.0,0.0
8602a61d680a10a82cceeeda0d99ea3d,17,7.6927503654970755,5.113719000003957,0.9473684210526316,0.6647452155655033,19,364,0.0521978021978022,0.0,0.40154466193528693,0.0,0.0
ffdd9f82b9a447f6f8d4b91554cc7dd3,18,10.32411284722222,4.259242695828663,1.0,0.4125529000755395,20,533,0.0375234521575985,0.0,0.38739635449239107,0.0,0.0
1354d51653f645349064725ed204e85e,18,9.203769675925926,6.096032979765313,0.95,0.6623408879636088,20,443,0.0451467268623024,0.0,0.41552007566256927,0.0,0.0
809413606dbfe5deefd2db646693ef67,3,8.312050925925925,6.001771470201662,1.0,0.7220566288257061,5,183,0.0273224043715847,0.0,0.22710521655535315,0.0,0.0
d73cbd89533ce8b041a9190241453ac8,3,12.21965663580247,2.9642956002501446,1.0,0.2425841976250814,4,131,0.0305343511450381,0.0,0.3731192865893876,0.0,0.0
08f5819815f3d06545011850bd70f0a8,3,8.471766975308642,4.42991340152708,1.0,0.5229031221512901,3,53,0.0566037735849056,0.0,0.4795339797344509,0.0,0.0
2063dd1b9f568df1c16741ea7d3e6adb,3,12.651215277777778,8.075189062927727,1.0,0.6382935461632708,3,256,0.01171875,0.0,0.14825642903645833,0.0,0.0
fe4cd9461203cee790d36792420b310f,3,14.347658179012347,2.182835354966317,1.0,0.1521387900193603,3,178,0.0168539325842696,0.0,0.24181446369121842,0.0,0.0
fcba71d4d5db057f43249145e4eb1e27,3,18.62317901234568,3.305566662845366,1.0,0.1774974434093147,3,120,0.025,0.0,0.465579475308642,0.0,0.0
ab27bbbad5239bc31a34709275a70db4,3,8.072671506734007,3.8537679996370895,1.0,0.4773844688740746,11,246,0.0447154471544715,0.0,0.3609731161547723,0.0,0.0
ab91571efab27993ff2f6b36e38055c3,3,15.22734375,7.849280953066255,0.5,0.5154727628097484,4,125,0.032,0.0,0.487275,0.0,0.0
5741dc2bf5044c34d0698681c5081bed,3,7.190243055555555,2.676728543511665,1.0,0.3722723311061766,3,50,0.06,0.0,0.4314145833333333,0.0,0.0
657969cca82e884d272385ec0ef06edd,3,8.105501543209877,1.06012747506214,1.0,0.1307911015019456,3,92,0.0326086956521739,0.0,0.26430983293075677,0.0,0.0
ad75519a07f039025e83795a4418470f,3,9.059162808641975,0.8952396325864457,1.0,0.0988214530963537,9,202,0.0445544554455445,0.0,0.4036260657315726,0.0,0.0
