seller_id,order_count,avg_vlt_days,vlt_std_dev,on_time_rate,vlt_cv
6560211a19b47992c3666cc44a7e94c0,1819,9.539485927874267,7.4975898527278515,0.9378757515030061,0.7859532378804587
4a3ca9315b744ce9f8e9374361493884,1772,14.416470988208578,9.326389020534066,0.8902001026167266,0.6469259382661847
cc419e0650a3c5ba77189a1882b7556a,1651,11.539753288410575,8.107940781242174,0.9400814426992438,0.7026095427347667
1f50f920176fa81dab994f9023523100,1399,15.571830969241567,9.23353614990319,0.9055036344755971,0.5929640623599007
da8622b14eb17ae2831f4ac5b9dab84a,1311,11.169686722413628,9.412003210109111,0.9270025839793282,0.8426380653293108
955fee9216a65b617aa5c0531780ce60,1261,10.740379176731079,8.201792064812787,0.9191576086956522,0.7636408296070111
7a67c85e85bb2ce8582c35f2203ad736,1144,11.000076304640864,7.601444199861272,0.9419410745233969,0.6910355882398989
ea8482cd71df3c1969d7b9473ff13abc,1132,13.315562346068711,9.192070167242195,0.8964646464646465,0.6903253447614297
4869f7a5dfa277a7dca6462dcf3b52b2,1124,15.005261495434894,9.542576323955029,0.8841463414634146,0.6359486855232881
3d871de0142ce09b7081e2b9d1733cb1,1064,13.42082487023938,9.07299091333697,0.9407603890362511,0.6760382466100341
7c67e1448b00f6e969d365cea6b010ab,973,22.392545647123136,12.020685160641017,0.9040590405904059,0.5368163740769404
8b321bb669392f5163d04c59e235e066,930,12.61689872397273,9.425964887941834,0.8975124378109453,0.7470904771575947
1025f0e2d44d7041d6cf58b6550e0bfa,910,12.051349105046949,7.840125885009999,0.9077464788732394,0.6505600175275527
620c87c171fb2a6dd6e8bb4dec959fc6,724,12.884672917555841,9.481444379019662,0.9052496798975672,0.7358700092495825
a1043bafd471dff536d0c462352beb48,702,13.586722905585107,8.111506995792059,0.9441489361702128,0.5970171800926075
cca3071e3e9bb7d12640c9fbe2301306,699,14.24264624133007,11.714720666487072,0.9461444308445532,0.8225101198183713
f8db351d8c4c4c22c6835c19a46f01b0,659,9.914259048526818,7.5389851499716105,0.9411764705882353,0.7604184148377529
e9779976487b77c6d4ac45f75ec7afe9,645,9.849296302569508,9.29261358120465,0.9254742547425474,0.9434799498092438
fa1c13f2614d7b5c4749cbc52fecda94,578,13.341870562272117,9.8611061750917,0.8981001727115717,0.7391097169670305
7d13fca15225358621be4086e1eb0964,558,15.692606558506844,10.048943993907773,0.8809106830122592,0.6403616860234297
128639473a139ac0f3e5f5ade55873a5,527,14.412933066753578,7.370243397555311,0.9368231046931408,0.5113631877300747
d91fb3b7d041e83b64a00a3edfb37e4f,524,11.286405930335096,7.493924091475427,0.9371428571428572,0.6639778985206968
391fc6631aebcf3004804e51b40bcf1e,521,14.269101584022037,8.531901792457663,0.9041322314049587,0.5979284499601112
d2374cbcbb3ca4ab1086534108cc3ab7,514,14.297114882019116,7.507897853222044,0.9467741935483871,0.5251337710564538
46dc3b2cc0980fb8ec44634e21d2718e,504,11.798776704304494,7.980839687378779,0.9370229007633588,0.6764124694780574
85d9eb9ddc5d00ca9336a2219c97bb13,499,14.738470594618056,8.093171418439612,0.96484375,0.5491188089349609
53e4c6e0f4312d4d2107a8c9cddf45cd,463,12.027491274233217,10.37429030121379,0.947265625,0.8625481461324259
1835b56ce799e6a4dc4eddc053f04066,417,12.770313550278953,8.654464285761208,0.8947368421052632,0.6777017848220461
4e922959ae960d389249c378d1c939f5,412,14.63096879671151,9.35360667660321,0.8923766816143498,0.6393019359528365
1900267e848ceeba8fa32d80c1a5f5a8,406,12.79522909142412,7.694125831148051,0.9005736137667304,0.6013277117722703
16090f2ca825584b5a147ab24aa30c86,398,9.222865951696772,9.305832796807435,0.8916256157635468,1.0089957769683728
dbc22125167c298ef99da25668e1011f,394,11.405500294209078,6.9143252797729575,0.9760191846522782,0.6062272676704565
9f505651f4a6abe901a56cdc21508025,393,8.16848548078595,7.623831472670278,0.9530516431924883,0.9333225223455662
06a2c3af7b3aee5d69171b0e14f0ee87,389,17.7378431338677,9.119375795786237,0.763681592039801,0.5141197679425963
2138ccb85b11a4ec1e37afbd1c8eda1f,388,11.263819941660037,7.630068861503736,0.9451073985680191,0.6773962031551468
218d46b86c1881d022bce9c68a7d4b15,382,13.80322260802469,10.192756952613301,0.9095238095238095,0.7384331356568578
8160255418d5aaa7dbdc9f4c64ebda44,380,16.77892969841894,12.319459795343931,0.8207547169811321,0.734222028268274
8581055ce74af1daba164fdbd55a40de,379,12.83171940206051,8.82839708084005,0.9014084507042254,0.6880135704512359
4d6d651bd7684af3fffabd5f08d12e5a,363,13.056570146624775,7.446572097453582,0.9537275064267352,0.5703314127545647
53243585a1d6dc2643021fd1853d8905,348,13.37442884837963,6.872166156860419,0.96,0.5138287574570343
c826c40d7b19f62a09e2d7c5e7295ee2,346,13.195016837899542,8.565215079191706,0.9095890410958904,0.6491249828943125
de722cd6dad950a92b7d4f82673f8833,337,12.76760370615974,6.4059616994487225,0.9602122015915119,0.5017356308105148
7299e27ed73d2ad986de7f7c77d919fa,335,11.322033060469687,7.941200244186083,0.952513966480447,0.7013934866444073
92eb0f42c21942b6552362b9b114707d,334,13.478276950134493,7.791365034989491,0.9245810055865922,0.5780683290464472
7ddcbb64b5bc1ef36ca8c151f6ec77df,325,12.63763847305389,10.138633338199064,0.9161676646706587,0.802256953292086
b2ba3715d723d245138f291a6fe42594,324,13.970765972222221,8.148072138863787,0.9142857142857143,0.5832230068891303
5dceca129747e92ff8ef7a997dc4f8ca,322,11.273755027804773,7.849548630247323,0.9416909620991254,0.6962674469054689
7e93a43ef30c4f03f38b393420bc753a,319,11.335140901771338,12.779805338825165,0.9440993788819876,1.1274500643241294
ef506c96320abeedfb894c34db06f478,316,13.33943067408523,10.618563868411597,0.9126506024096386,0.7960282659619414
7142540dd4c91e2237acb7e911c4eba2,316,14.759572782576782,9.31182418009924,0.9207317073170732,0.6309006579845969
77530e9772f57a62c906e1c21538ab82,312,15.0941146592787,10.12890430671211,0.884514435695538,0.6710499115286394
70a12e78e608ac31179aea7f8422044b,312,14.695408819229447,8.491096013978567,0.891640866873065,0.5778060425830193
87142160b41353c4e5fca2360caf6f92,305,10.805449647656506,7.3818529184292005,0.943952802359882,0.6831601792740002
fa40cc5b934574b62717c68f3d678b6d,304,11.200961884547754,8.85924066243003,0.9406528189910979,0.790935702999915
897060da8b9a21f655304d50fd935913,304,14.86209574813918,9.816266227361831,0.8789346246973365,0.6604900408201773
855668e0971d4dfd7bef1b6a4133b41b,300,16.15309012891509,11.573344506244394,0.8617363344051447,0.7164786684083035
fe2032dab1a61af8794248c8196565c9,293,10.600771782027929,12.133805959979084,0.9147540983606557,1.1446153364559921
c3cfdc648177fdbbbb35635a37472c53,278,9.690750919893835,5.587135622076247,0.9771986970684039,0.5765431046841369
37be5a7c751166fbc5f8ccba4119e043,269,10.607953304023448,6.595871058680938,0.9748201438848921,0.6217854537669596
634964b17796e64304cadf1ad3050fb7,265,14.50425538929022,9.560061565269775,0.9040247678018576,0.6591211550459058
1da3aeb70d7989d1e6d9b0e887f97c23,261,8.350644397290809,6.893147594038708,0.9506172839506173,0.8254629542451891
c70c1b0d8ca86052f45a432a38b73958,260,7.6691412794863325,6.287386315592,0.9196428571428571,0.8198292463863855
4c2b230173bb36f9b240f2b8ac11786e,258,12.7983538494763,7.406493159633649,0.9096209912536443,0.5787067029668599
562fc2f2c2863ab7e79a9e4388a58a14,255,11.255386355695318,7.9089684485369185,0.9660377358490566,0.7026829820492937
a3a38f4affed601eb87a97788c949667,251,12.492160211894587,8.356231763764947,0.9538461538461539,0.6689180751787384
17e34d8224d27a541263c4c64b11a56b,247,14.041841435185184,8.421579438952655,0.9192307692307692,0.5997489344845027
1554a68530182680ad5c8b042c3ab563,246,14.082570138021916,11.404975629596773,0.9288389513108615,0.809864642449333
88460e8ebdecbfecb5f9601833981930,246,18.26756948302469,10.324457363352925,0.8033333333333333,0.5651795863126194
0241d4d5d36f10f80c644447315af0bd,238,10.94086523261066,7.438952190704368,0.943089430894309,0.679923573917318
0ea22c1cfbdc755f86b9b54b39c16043,234,11.021397274633124,6.186979441267772,0.9849056603773585,0.5613607138096491
c3867b4666c7d76867627c2f7fb22e21,228,15.219363906177962,10.348780256608311,0.8879668049792531,0.6799745587532376
37515688008a7a40ac93e3b2e4ab203f,227,15.078823173330234,8.178505525096114,0.899581589958159,0.5423835422091398
dc4a0fc896dc34b0d5bfec8438291c80,225,13.81114736378941,7.513609475480096,0.9338842975206612,0.5440250022369295
f7ba60f8c3f99e7ee4042fdef03b70c4,218,13.124415534530165,10.770988911536373,0.834061135371179,0.8206833198170267
4b9750c8ad28220fe6702d4ecb7c898f,217,9.406085030165912,10.720242852716773,0.9230769230769231,1.1397135809783001
e5a3438891c0bfdb9394643f95273d8e,216,15.375952401034638,10.651137877240382,0.8178137651821862,0.6927140250852801
d1c281d3ae149232351cd8c8cc885f0d,214,12.459742610026344,7.853566461711152,0.9121338912133892,0.63031530485962
7aa4334be125fcdd2ba64b3180029f14,214,15.979772620721988,10.707680304983665,0.8649789029535865,0.6700771380875804
8d956fec2e4337affcb520f56fd8cbfd,210,9.30171148433676,6.574737739095696,0.9030837004405287,0.7068309687058084
e9bc59e7b60fc3063eb2290deda4cced,209,14.569640357905982,8.07319424004378,0.8730769230769231,0.5541107427310648
7040e82f899a04d1b434b795a43b4617,208,10.244739972595914,8.10444459093895,0.9103139013452914,0.7910834840725943
6edacfd9f9074789dad6d62ba7950b9c,205,9.054125085733883,6.277596220964862,0.9444444444444444,0.6933410088243807
4830e40640734fc1c52cd21127c341d4,204,9.937044461914745,7.4067022491982835,0.9339622641509434,0.7453626958785997
7178f9f4dd81dcef02f62acdf8151e01,202,15.640292420327304,7.8328689021646705,0.9534883720930233,0.5008134561464134
cab85505710c7cb9b720bceb52b01cee,201,10.18005049473493,7.304787261954192,0.9754901960784313,0.7175590401768823
1c129092bf23f28a5930387c980c0dfc,200,11.589614673177744,6.611244728319646,0.9497716894977168,0.5704456027878376
54a1852d1b8f10312c55e906355666ee,198,11.517078692244224,11.351542671198867,0.900990099009901,0.9856269089177249
ceaec5548eefc6e23e6607c5435102e7,198,12.918996932308522,8.645740576355,0.941747572815534,0.6692269238591788
e26901d5ab434ce92fd9b5c256820a4e,197,9.298153585271319,5.104875657283466,0.9767441860465116,0.5490203630718481
001cca7ae9ae17fb1caed9dfb1094831,195,13.096631647673313,8.286708341098393,0.9444444444444444,0.632735848730278
f457c46070d02cadd8a68551231220dd,195,14.452987067230273,7.718540614162112,0.9347826086956522,0.5340446634497176
c003204e1ab016dfa150abc119207b24,195,9.686840162037036,7.848443320898393,0.935,0.8102170769428646
f262cbc1c910c83959f849465454ddd3,189,8.951072871278141,7.705879513293909,0.9068627450980392,0.8608889262895222
2eb70248d66e0e3ef83659f71b244378,187,17.974676865952247,10.174695308197014,0.8578680203045685,0.5660572028123626
41b39e28db005d9731d9d485a83b4c38,187,12.488878352848365,11.023313329860057,0.9417040358744395,0.8826503884831216
850f4f8af5ea87287ac68de36e29107f,186,10.143654801725809,7.800803887038865,0.93717277486911,0.7690328623674832
f45122a9ab94eb4f3f8953578bc0c560,184,12.486274734442565,8.971186156057543,0.9289340101522843,0.7184838029641554
ccc4bbb5f32a6ab2b7066a4130f114e3,184,15.853247415735842,11.370298327179848,0.9259259259259259,0.7172220321177701
0c8380b62e38e8a1e6adbeba7eb9688c,180,12.583845300288822,11.544226096871375,0.9495412844036697,0.9173846166565965
86ccac0b835037332a596a33b6949ee1,178,11.856614972845442,6.01900726500876,0.9711538461538461,0.5076497194851789
95e03ca3d4146e4011985981aeb959b9,172,12.354240740740742,11.450843563183888,0.968421052631579,0.9268755404306062
813348c996469b40f2e028d5429d3495,172,10.19760576923077,7.819950152513748,0.9538461538461539,0.7668417792840041
7d76b645482be4a332374e8223836592,172,13.264018480570735,9.142813717776171,0.8907103825136612,0.6892944043442532
522620dcb18a6b31cd7bdf73665113a9,172,15.232024292550978,10.126971863117305,0.898876404494382,0.6648474075812607
5656537e588803a555b8eb41f07a944b,171,11.422552615115116,7.839756475178134,0.9243243243243243,0.6863401499944962
9b013e03b2ab786505a1d3b5c0756754,170,7.997937447390573,6.532130708043161,0.9454545454545454,0.8167269062818628
d98eec89afa3380e14463da2aabaea72,168,8.535790325844971,6.0874040155422104,0.9781420765027322,0.7131623180937975
edb1ef5e36e0c8cd84eb3c9b003e486d,165,11.709806034482758,9.75925805745395,0.9252873563218391,0.8334261070350029
6d66611d7c44cc30ce351abc49a68421,164,12.124869425819497,7.910384165540781,0.9310344827586207,0.6524098435811512
0b90b6df587eb83608a64ea8b390cf07,163,14.400937832270069,7.71934941706297,0.9665071770334929,0.5360310215189744
2e1c9f22be269ef4643f826c9e650a52,161,9.716660983588378,7.517410646229877,0.9341317365269461,0.7736619255243055
669ae81880e08f269a64487cfb287169,161,11.98548385885886,6.845677948720379,0.9621621621621622,0.571164087268827
0dd184061fb0eaa7ca37932c68ab91c5,161,11.247586475724429,9.82909510531899,0.9015544041450777,0.873884822004529
de23c3b98a88888289c6f5cc1209054a,161,10.772300834893883,8.4566769097933,0.9101123595505618,0.785039058916758
2528513dd95219a6013d4d05176e391a,160,10.570914839915217,7.53803893721647,0.9457831325301205,0.7130923909019902
cbd996ad3c1b7dc71fd0e5f5df9087e2,160,12.841035726533411,10.05285233744815,0.9153439153439153,0.7828692756204984
1a3df491d1c4f1589fc2b934ada68bf2,160,15.035251380766733,6.564623364081126,0.9473684210526315,0.43661547105748216
537eb890efff034a88679788b647c564,158,9.117996602230885,6.188723656298549,0.9415204678362573,0.6787372189614947
a416b6a846a11724393025641d4edd5e,157,12.603594933712122,8.460600740827152,0.875,0.6712847235511131
b76dba6c951ab00dc4edf0a1aa88037e,157,10.246473372699047,7.156768390521943,0.9700598802395209,0.6984616199355587
0be8ff43f22e456b4e0371b2245e4d01,156,10.33649470899471,8.193689674397294,0.9371428571428572,0.7926951935908438
25c5c91f63607446a97b143d2d535d31,156,13.9284769649819,7.669969451248478,0.9398496240601504,0.5506682080554702
004c9cd9d87a3c30c522c48c4fc07416,156,14.43036361882716,9.068556061605145,0.9226190476190477,0.6284357276883505
7e1fb0a3ebfb01ffb3a7dae98bf3238d,155,15.597190102454524,8.9833568930171,0.863905325443787,0.5759599539408956
2a84855fd20af891be03bc5924d2b453,155,8.543380066387142,8.454376326478236,0.9685534591194969,0.9895821397131704
213b25e6f54661939f11710a6fddb871,152,15.226612816764133,6.446790016293856,0.8894736842105263,0.423389633260793
8f2ce03f928b567e3d56181ae20ae952,151,14.378301639211886,8.96894166956481,0.8546511627906976,0.6237831069773289
9c0e69c7bf2619675bbadf47b43f655a,151,15.161132060185185,19.842494263098178,0.905,1.308773921652379
66922902710d126a0e7d26b0e3805106,150,11.38841696535245,7.216137451721207,0.9290322580645162,0.6336383251223785
6cd68b3ed6d59aaa9fece558ad360c0a,149,10.455253007784854,6.129584198202025,0.9808917197452229,0.5862683756804365
b33e7c55446eabf8fe1a42d037ac7d6d,149,16.425508269371345,10.890946700791133,0.868421052631579,0.6630508184090405
5cf13accae3222c70a9cac40818ae839,148,10.625281212664277,5.635861129553451,0.967741935483871,0.5304199499996354
36a968b544695394e4e9d7572688598f,148,10.72726851851852,6.830437480518218,0.9551282051282052,0.6367359471543769
7ad32824caee82087b3e2e5f33b1bf32,147,11.489481738683127,8.593978436016345,0.8722222222222222,0.7479866047466601
b499c00f28f4b7069ff6550af8c1348a,147,10.819418752543752,9.953842582066446,0.8901098901098901,0.9199979046680488
cfb1a033743668a192316f3c6d1d2671,143,11.871563599213738,7.584372561738023,0.8938547486033519,0.6388688817907981
b4ffb71f0cb1b1c3d63fad021ecf93e1,143,9.748157393292683,6.439998121346651,0.975609756097561,0.6606374786047008
1c68394e931a64f90ea236c5ea590300,142,15.752728909465022,10.109517887707714,0.9649122807017544,0.6417629571237916
44073f8b7e41514de3b7815dd0237f4f,142,13.167524987736082,7.182799556766994,0.9536423841059603,0.5454935201153507
8b28d096634035667e8263d57ba3368c,139,14.29172338729458,16.302500928180873,0.8675496688741722,1.1406952462201925
3c7c4a49ec3c6550809089c6a2ca9370,139,9.755601046061885,9.405812184814504,0.9177215189873418,0.9641448169522489
5a8e7d5003a1f221f9e1d6e411de7c23,137,10.467905674529279,6.517223850056765,0.9385474860335196,0.6225909988771304
259f7b5e6e482c230e5bfaa670b6bb8f,136,8.603689700502972,6.182523592339139,0.9814814814814815,0.7185897920025763
db4350fd57ae30082dec7acbaacc17f9,136,10.869059067688378,7.079746874823284,0.9586206896551724,0.6513670438934324
0bae85eb84b9fb3bd773911e89288d54,136,10.269420977011494,5.1583448878892195,0.993103448275862,0.5023014344661085
00ee68308b45bc5e2660cd833c3f81cc,135,9.16644191429802,9.0140244977627,0.9186046511627907,0.9833722377820804
48436dade18ac8b2bce089ec2a041202,134,14.145738063744016,10.983249805010644,0.9319727891156463,0.7764352595472602
7722b1df1b0e383e000397b2c11e3e19,133,8.58964369534465,5.4322640006809815,0.9722222222222222,0.6324201786885664
12b9676b00f60f3b700e83af21824c0e,133,15.053846247563353,7.717077097811861,0.9849624060150376,0.5126315873633267
79ebd9a61bac3eaf882805ed4ecfa12a,133,15.332816468253966,6.381619235629287,0.9428571428571428,0.41620658858352577
0db783cfcd3b73998abc6e10e59a102f,132,11.658036631522032,7.891222723215913,0.9635036496350365,0.6768912272825534
710e3548e02bc1d2831dfc4f1b5b14d4,131,14.306008972019464,8.737414705604548,0.9562043795620438,0.610751378857213
e9d99831abad74458942f21e16f33f92,130,12.633741688416604,10.301958548780254,0.8993288590604027,0.8154321026070785
a3e9a2c700480d9bb01fba070ba80a0e,129,13.146437775187776,7.8943120976240255,0.9020979020979021,0.6004905840366531
aafe36600ce604f205b86b5084d3d767,129,12.440077484450098,7.496468999762187,0.9541984732824428,0.6026062947865602
ef0ace09169ac090589d85746e3e036f,128,12.556171063149481,10.22602088379596,0.920863309352518,0.8144219151177248
01fdefa7697d26ad920e9e0346d4bd1b,128,10.75119756054131,7.329809350024494,0.9384615384615385,0.6817667807469298
76d5af76d0271110f9af36c92573f765,128,11.488301971326164,8.217519214551519,0.9161290322580645,0.7152945000106853
c9c7905cffc4ef9ff9f113554423e671,127,11.062386923794298,9.193779211895576,0.8848920863309353,0.8310845819468221
2e90cb1677d35cfe24eef47d441b7c87,127,12.098287037037037,8.16256447471231,0.8759124087591241,0.6746876189764617
8a32e327fe2c1b3511609d81aaf9f042,126,9.098777531229455,5.558958458987052,0.9408284023668639,0.6109566301524804
a673821011d0cec28146ea42f5ab767f,125,12.565776858418703,10.279284022538288,0.8865248226950354,0.8180380837856013
6a8b085f816a1f75f92dbac6eb545f8f,125,14.367179493873573,16.490007600096455,0.9097744360902256,1.147755382824311
59b22a78efb79a4797979612b885db36,125,12.501321620022278,9.604615014213225,0.8721804511278195,0.7682879703558982
17a053fcb14bd219540cbde0df490be0,124,11.984233061186186,9.340645825621124,0.918918918918919,0.7794112295657071
2c9e548be18521d1c43cde1c582c6de8,124,13.734119693523933,14.212170389689899,0.8304093567251462,1.0348075236588612
7008613ea464bad5cb9b83456e1e6a8f,123,14.095737771076998,6.840068662356745,0.9605263157894737,0.4852579392042793
59fb871bf6f4522a87ba567b42dafecf,123,12.075128888888889,8.920183748005103,0.936,0.7387236881763758
1e8b33f18b4f7598d87f5cbee2282cc2,122,7.793638339328537,5.539745138511215,0.9568345323741008,0.7108034652514416
080102cd0a76b09e0dcf55fcacc60e05,122,9.722531919126157,6.570314156142729,0.9609375,0.6757822150439653
cd68562d3f44870c08922d380acae552,122,16.78016392118863,11.300887791477022,0.7984496124031008,0.6734670676969476
ce27a3cc3c8cc1ea79d11e561e9bebb6,122,10.078763643610497,7.556428928598373,0.9801324503311258,0.7497376856722723
dd7ddc04e1b6c2c614352b383efe2d36,121,14.815091451486696,8.852719092261692,0.852112676056338,0.597547380740152
c31eff8334d6b3047ed34bebd4d62c36,120,12.768233566727885,6.968161693013913,0.859504132231405,0.5457420289656907
e5a38146df062edaf55c38afa99e42dc,120,12.23224602374552,11.097511753156995,0.9112903225806451,0.9072341850886786
229c3efbfb0ea2058de4ccdfbc3d784a,118,10.838898148148148,6.504017271005547,0.9793103448275862,0.6000625877379219
431af27f296bc6519d890aa5a05fdb11,116,16.937258251194745,9.628942772938165,0.8467741935483871,0.5685065805889182
f80edd2c5aaa505cc4b0a3b219abf4b8,116,12.15315824074074,8.87571572230984,0.936,0.7303217440678087
17ca9b9e9b9ef8fdb529001b49ebb50f,115,8.056528862847223,4.9807534378923854,0.9765625,0.6182257300487296
640e21a7d01df7614a3b4923e990d40c,115,10.44772314133987,11.919595421052477,0.9338235294117647,1.1408797170254885
c33847515fa6305ce6feb1e818569f13,114,9.561364474826389,5.926892276965802,0.953125,0.6198793375747157
bfd27a966d91cfaafdb25d076585f0da,114,12.371912238325281,7.876634337449192,0.9478260869565217,0.6366545595958261
f5a590cf36251cf1162ea35bef76fe84,113,11.821742879001883,9.675625061244006,0.8983050847457628,0.818460117114383
fc906263ca5083d09dce42fe02247800,112,9.348499525166192,4.736658866421625,1.0,0.5066758417937043
6c7d50c24b3ccd2fd83b44d8bb34e073,112,12.137579824368018,5.9817559569291605,0.9841269841269841,0.49282938143235816
1b4c3a6f53068f0b6944d2d005c9fc89,111,14.341758756038647,8.915396031366958,0.9391304347826087,0.6216389623492377
1127b7f2594683f2510f1c2c834a486b,110,10.25074951171875,7.436941875666712,0.9375,0.7255022539732078
289cdb325fb7e7f891c38608bf9e0962,109,6.65641787037037,3.821169634830176,0.984,0.5740579556820344
18a349e75d307f4b4cc646a691ed4216,109,11.065197663483795,9.495586039400306,0.9453125,0.8581487948233083
f4aba7c0bca51484c30ab7bdc34bcdd1,108,10.892263586956522,5.98370082277581,0.9304347826086956,0.549353288690267
8c16d1f32a54d92897cc437244442e1b,108,10.976750333490271,6.553050730472249,0.9830508474576272,0.5969936940697984
dbb9b48c841a0e39e21f98e1a6b2ec3e,108,9.954499470338984,7.495594617980951,0.9576271186440678,0.7529855860975501
1ca7077d890b907f89be8c954a02686a,108,15.028811242344707,8.745442182914868,0.8031496062992126,0.5819117721216688
612170e34b97004b3ba37eae81836b4c,107,10.901777988215487,4.395456899043186,0.9818181818181818,0.4031871593601108
b1fc4f64df5a0e8b6913ab38803c57a9,107,15.73235058922559,6.809508702750722,0.8842975206611571,0.432834792495297
25e6ffe976bd75618accfe16cefcbd0d,106,9.97521205716586,6.623141635227462,0.9478260869565217,0.6639599837348438
0adac9fbd9a2b63cccaac4f8756c1ca8,106,12.779218663626313,7.656348525935784,0.9477611940298507,0.5991249330233441
70eea00b476a314817cefde4aad4f89a,106,13.332505373677249,9.078790065247965,0.9285714285714286,0.6809515399238077
febab0275244b9a49a623f0bd613ca2f,106,8.174898589065256,6.0242882397521145,0.9603174603174603,0.7369251341919033
33a6f4b1e7cdc205511e76ba1b6e0186,105,8.538114987507349,6.972756666466621,0.9841269841269841,0.8166623050484677
dd2bdf855a9172734fbc3744021ae9b9,105,15.247500736531986,10.154633685448621,0.9454545454545454,0.6659867647108094
aaed1309374718fdd995ee4c58c9dfcd,104,12.201750604771437,5.801777808063149,0.972972972972973,0.47548732931767934
00fc707aaaad2d31347cf883cd2dfe10,103,15.77124777091907,7.86336294963376,0.9555555555555556,0.49858851143871935
42b729f859728f5079499127a9c2ef37,103,7.89449409810574,7.8431823551023525,0.9007633587786259,0.9935003127032928
b2479f944e1b90cf8a5de1bbfde284d6,101,15.440582023399369,10.436370584220713,0.8527131782945736,0.6759052585197214
3b15288545f8928d3e65a8f949a28291,101,14.329092219868174,8.585236239375487,0.9322033898305084,0.5991472528504999
ac3508719a1d8f5b7614b798f70af136,101,9.45691453520352,5.3478846688494,0.9702970297029703,0.5654999470431726
4371b634e0efc0e22b09b52907d9d469,101,10.74003607774441,9.204611530588771,0.9279279279279279,0.8570373008022424
d94a40fd42351c259927028d163af842,100,13.691236196058444,7.160707413988492,0.963302752293578,0.5230139420171556
8e6cc767478edae941d9bd9eb778d77a,100,16.496237675754458,7.52207107918795,0.9259259259259259,0.4559870697209706
282f23a9769b2690c5dda22e316f9941,98,11.209118459055386,7.642610544075134,0.9541284403669725,0.6818208382748407
5c243662ce92d84573bfaff24c3e3700,98,10.806852083333332,6.175536763044212,0.97,0.5714464041354207
9d4db00d65d7760644ac0c14edb5fd86,97,8.073691428170594,6.582130525921011,0.9595959595959596,0.8152566374972849
ececbfcff9804a2d6b40f589df8eef2b,97,13.07182926555196,9.027895899875002,0.9029126213592233,0.6906375317849439
a49928bcdf77c55c6d6e05e09a9b4ca5,96,16.937956508190883,10.142611272514214,0.75,0.5988096183627248
7ea5bfa6c340f58f8e71fc1f0412b0d6,96,12.737575912309369,15.07458551648877,0.9313725490196079,1.1834736546630475
80e6699fe29150b372a0c8a1ebf7dcc8,96,11.488784367913832,7.203688098452197,0.9591836734693877,0.6270191752028038
8a432f4e5b471f8da497d7dc517666e2,95,7.961400462962962,5.696691272438782,0.9339622641509434,0.7155388425617102
729f06993dac8e860d4f02d7088ca48a,94,10.856161094723042,9.170942040258916,0.9026548672566371,0.8447684186186887
530ec6109d11eaaf87999465c6afee01,94,10.714642808030803,6.572363739012536,0.9900990099009901,0.613400171780476
aac29b1b99776be73c3049939652091d,94,14.373473812553012,17.61024559615041,0.9083969465648855,1.2251906411636257
3db66a856d18a9cba7c9241fc5221c50,94,15.825872470408552,8.317184174794233,0.8865979381443299,0.5255434852230628
ff063b022a9a0aab91bad2c9088760b7,94,9.401329571759259,6.8150037998811435,0.96875,0.7248978719300296
8648b1e89e9b349e32d3741b30ec737e,93,9.249412731481481,7.955668588777036,0.9,0.8601268880238166
5d0363b33554b373851fc1622e4d5f3c,93,12.73062192178881,10.304768159823045,0.9148936170212766,0.8094473485373209
f27e33c6d29b5138fa9967bcd445b6d5,93,12.444732024754346,7.323561507692488,0.8979591836734694,0.5884868788757267
04308b1ee57b6625f47df1d56f00eedf,92,18.87600291867955,9.758812132844492,0.8804347826086957,0.5169956889118323
d6b1ce66b035a475f00c017792ff9769,92,10.171494770233197,6.61377821385878,0.9259259259259259,0.6502267722944667
dee656f0f566ed1aa85bd137c943f08f,92,12.480772754137117,8.541836978268826,0.9468085106382979,0.684399687946997
8444e55c1f13cd5c179851e5ca5ebd00,92,21.292399010530136,12.918159776184654,0.8921568627450981,0.6067028787970763
440dd6ab244315c632130ecfb63827b1,91,16.668735909822864,11.267463104466218,0.8695652173913043,0.6759638622522249
7b07b3c7487f0ea825fc6df75abd658b,91,9.44808967496142,9.995652532857465,0.9583333333333334,1.0579548751899712
9616352088dcf83a7c06637f4ebf1c80,91,12.479685113592973,3.731509857802956,1.0,0.2990067316473046
827f8f69dfa529c561901c4f2e0f332f,91,13.232379473824787,7.500546714949361,0.9134615384615384,0.5668328005394895
7e3f87d16fb353f408d467e74fbd8014,91,12.558290521704501,9.561338789180093,0.8817204301075269,0.7613567127353221
1d8dbc4f32378d715c717c1c1fc57bae,91,15.572452510500192,13.44595091017283,0.9072164948453608,0.8634446565887097
06e5eefc71ec47ae763c5c6f8db7064f,90,10.9686506869773,5.63960040055603,0.978494623655914,0.5141562587321459
527801b552d0077ffd170872eb49683b,90,13.005903155193236,9.19485025330506,0.9021739130434783,0.7069751437933451
98dac6635aee4995d501a3972e047414,89,8.496727095516569,5.069904869193017,0.9526315789473684,0.5966891500926553
6973a06f484aacf400ece213dbf3d946,89,14.988384880829903,9.947109669132384,0.8333333333333334,0.6636545397132619
f84fa566034f5e8e880a07ec624c56af,89,11.47134224537037,8.920929607587722,0.88,0.7776709487669633
725c32fa80c2faacc4fc88450d27314e,89,9.47580321585026,7.734781849546465,0.989247311827957,0.8162666186026771
f84a00e60c73a49e7e851c9bdca3a5bb,88,11.270389222985871,9.91505292161294,0.8969072164948454,0.8797436118169962
adbc26658d6c7b4b6219f9d934598091,88,17.181017512077293,13.313121324287488,0.8478260869565217,0.7748738580197074
2ff97219cb8622eaf3cd89b7d9c09824,87,8.793597690110323,8.17871901205752,0.9361702127659575,0.9300765511771908
609e1a9a6c2539919b8205cf7c4e6ff0,87,10.343952012108263,5.093261019569485,0.9769230769230769,0.49239024055868535
0509040ea3fe50071181bbc359eb7738,87,11.378378785686728,6.7707674267791775,0.9375,0.5950555482733946
bd0389da23d89b726abf911cccc54596,87,13.493771219135803,11.305988545334134,0.9222222222222223,0.8378672175278081
900ba814c251a692506d7834c1218441,86,12.483181524547804,9.124844416821825,0.8604651162790697,0.7309710588505094
f3b80352b986ab4d1057a4b724be19d0,86,10.605887896825397,3.8250172666221687,1.0,0.36065035797399764
bd23da7354813347129d751591d1a6e2,86,9.830312899106003,7.940257401948429,0.9540229885057471,0.8077319087849726
0df3984f9dfb3d49ac6366acbd3bbb85,86,9.61155579229798,5.604410083373361,0.9886363636363636,0.5830908340421161
d20b021d3efdf267a402c402a48ea64b,86,16.661318877087872,12.144210466362189,0.8235294117647058,0.728886503880706
dbd66278cbfe1aa1000f90a217ca4695,85,9.060559062850729,6.964088851845216,0.9393939393939394,0.7686157999232888
b561927807645834b59ef0d16ba55a24,85,12.522224049707603,11.92115338895225,0.8526315789473684,0.9519996880450811
891071be6ba827b591264c90c2ae8a63,85,13.207583976337448,10.89352273726438,0.8333333333333334,0.8247929944478178
c8b0e2b0a7095e5d8219575d5e7e1181,84,10.063569852941177,7.1508560454172345,0.9294117647058824,0.7105685308407063
8e6d7754bc7e0f22c96d255ebda59eba,84,14.082051751363768,9.126102668384869,0.875968992248062,0.6480662640301018
9674754b5a0cb32b638cec001178f799,84,7.946671052631579,6.401196351134088,0.968421052631579,0.8055192304725259
aba1721a889e04decc910aa13b768ef4,83,9.191300070450886,6.544852268892333,0.8913043478260869,0.7120703511719066
ba143b05f0110f0dc71ad71b4466ce92,83,10.277845982142857,7.630418337084807,0.8452380952380952,0.7424141547112306
0432ead42b6c8a0bdf68154add917fdf,82,8.863279320987655,6.839941970205516,0.9655172413793104,0.7717168468344431
8bb48dc19fccaa8613b6229bf7f452a2,82,11.172459673489278,6.363379865504703,0.9789473684210527,0.5695594391451807
eeb6de78f79159600292e314a77cbd18,82,12.113948153726016,13.534675914512851,0.963855421686747,1.1172803237027102
ebd2d60905fb58271facef5596b620d3,82,12.877629221132898,18.51181721444919,0.9647058823529412,1.4375174883953237
972d0f9cf61b499a4812cf0bfa3ad3c4,81,18.16777279823428,8.806998123574813,0.8837209302325582,0.48475937151915294
4e7c18b98d84e05cbae3ff0ff03846c2,81,12.08698824179293,6.0005951967827045,0.9545454545454546,0.49645081775082484
688756f717c462a206ad854c5027a64a,81,10.765330387205386,6.309814973870463,0.9090909090909091,0.5861236717239713
f46490624488d3ff7ce78613913a7711,80,10.08549622179651,6.8370850846546105,0.8850574712643678,0.6779126117640579
e8b3a3a38279a82f0e5d006d5e5b7d2c,80,16.894898420479304,9.343973139540184,0.9529411764705882,0.5530647718019898
3be634553519fb6536a03e1358e9fdc7,80,9.783901803118908,7.331900901814507,0.9157894736842105,0.7493841464636579
d673a59aac7a70d8b01e6902bf090a11,79,13.790570023148147,10.21174525664388,0.9047619047619048,0.7404875389126748
1bb2bdb95f4841f1bba2c0d2cd83d3c9,79,12.310494477911647,6.864955662952154,0.927710843373494,0.5576506837535843
080199a181c46c657dc5aa235411be3b,79,8.108475011155734,8.071632878562763,0.9759036144578314,0.9954563425869496
6b243f80ed07b10f0e8aa0f21a205f3c,79,11.021512432376197,8.425803013602899,0.9662921348314607,0.7644870035124868
744dac408745240a2c2528fb1b6028f3,78,11.141101768183846,6.456063961742277,0.9879518072289156,0.5794816433846026
b14db04aa7881970e83ffa9426897925,78,15.616071318342152,9.348239161053078,0.8857142857142857,0.5986293844645116
ce7d1888639e6fb06b2749cbfdac1ff7,78,14.191560433201058,10.088963307997572,0.9166666666666666,0.7109128947084995
70c27847eca8195c983ed7e798c56743,77,10.848642172146636,5.779329376066318,0.9081632653061225,0.5327237532918605
670c26e0f1bf8d0576271d5cfaec6d2b,77,13.737166639750216,11.216399736606112,0.9534883720930233,0.8165002311430111
d05ae8f7a5bd1d2a690a44cd079e4e27,77,11.235804832175926,8.484736738869172,0.9125,0.7551516660890609
dfa0c4c6229ab200a4a1336b4d7128ff,77,9.643763727390182,4.9091624755943695,0.9651162790697675,0.5090504718247487
d921b68bf747894be13a97ae52b0f386,77,9.97529761904762,5.5564672535996085,0.987012987012987,0.5570227040634509
34056b8b55c1775a22af2331670a799c,77,12.927642496392497,9.227845314711464,0.8831168831168831,0.7138072790368798
f3da5b2ff499efb8d4a6d371d175d7dd,77,11.274847702122855,11.095707756164355,0.8658536585365854,0.9841115418415123
712e6ed8aa4aa1fa65dab41fed5737e4,77,23.799676879084966,20.347294247251035,0.788235294117647,0.8549399368162066
11bfa66332777660bd0640ee84d47006,76,16.1661926969862,10.960871613153348,0.8235294117647058,0.6780119363043804
1f9ab4708f3056ede07124aad39a2554,76,14.565484607984606,9.5604195717763,0.948051948051948,0.6563749733761282
d12c926d74ceff0a90a21184466ce161,76,8.551404519854906,5.847617998032327,0.9896907216494846,0.6838195976409668
8f119a0aee85c0c8fc534629734e94fd,75,9.895761459762232,6.497999423422217,0.9382716049382716,0.6566447109546987
6860153b69cc696d5dcfe1cdaaafcf62,74,10.229695491622575,7.947110773568081,0.9166666666666666,0.7768667972645152
08633c14ef2db992c11f840f04fad4cd,74,10.11452796869034,9.047063839712285,0.9381443298969072,0.894462289067527
cac4c8e7b1ca6252d8f20b2fc1a2e4af,74,19.899524333785006,26.769694725222127,0.7682926829268293,1.3452429453187023
1336efc61c316ddf92c899eb817f7cae,74,11.714715005446623,7.748283188554227,0.9058823529411765,0.6614145700473082
516e7738bd8f735ac19a010ee5450d8d,74,8.784532802619692,4.421175793447771,0.9512195121951219,0.5032909424766795
701938c450705b8ae65fc923b70f35c7,74,12.521549674674674,7.130825800632047,0.9459459459459459,0.5694842879595344
a7f13822ceb966b076af67121f87b063,73,22.157743468915346,21.31732196587847,0.9404761904761905,0.962070979645744
54965bbe3e4f07ae045b90b0b8541f52,73,26.727943958619115,19.19515790828111,0.6790123456790124,0.7181681440966632
9e6229250fedbe05838fef417b74e7fb,73,11.88666366041366,5.330180463834753,0.961038961038961,0.4484168658347704
9de4643a8dbde634fe55621059d92273,72,15.001743541380886,7.6008483904283795,0.9382716049382716,0.5066643333464648
81a1104df0f08b59c68aa5b03cfe398e,72,12.830092431841564,7.145047832320623,0.9444444444444444,0.5568976116327995
30a2f535bb48308f991d0b9ad4a8c4bb,71,8.407107279693486,6.981676615948295,0.9655172413793104,0.8304493309859179
5343d0649eca2a983820bfe93fc4d17e,70,11.36370422979798,8.026967367299957,0.9090909090909091,0.7063689097302964
d50d79cb34e38265a8649c383dcffd48,70,13.15979861111111,9.644610514539838,0.9285714285714286,0.7328843548104664
9646c3513289980f17226a2fc4720dbd,69,12.624502314814816,10.074651444217428,0.9210526315789473,0.7980236521795283
e59aa562b9f8076dd550fcddf0e73491,69,13.709238510614272,8.330789770065575,0.9146341463414634,0.6076770612470945
822166ed1e47908f7cfb49946d03c726,69,13.872606631515774,7.3210986153182604,0.9907407407407407,0.5277377791918496
fd386aa7bed2af3c7035c65506c9b4a3,69,8.330300469054581,8.300215664742574,0.8947368421052632,0.996388509103151
f7ccf836d21b2fb1de37564105216cc1,69,11.043061897513951,9.337523694314527,0.9041095890410958,0.845555678395375
23613d49c3ac2bd302259e55c06c050c,69,13.88935785864979,7.409847748531245,0.8607594936708861,0.5334910241308716
ca3bd7cd9f149df75950150d010fe4a2,68,13.791865569272977,7.561957994573656,0.9777777777777777,0.5482911616700362
94144541854e298c2d976cb893b81343,68,12.354747807017544,8.700779168984718,0.9605263157894737,0.7042457931875099
bbad7e518d7af88a0897397ffdca1979,68,15.275709738756612,9.093107282936398,0.7738095238095238,0.5952657806704662
e333046ce6517bd8bb510291d44f0130,68,10.002230355355355,7.247367273973938,0.9459459459459459,0.7245751213971573
6fd52c528dcb38be2eea044946b811f8,67,21.193753031305114,9.76153286082188,0.8928571428571429,0.4605853831741458
f0b47fbbc6dee9aafe415a6e33051b3f,67,10.350161492374728,5.685481448416886,0.9058823529411765,0.5493133080682412
5f2684dab12e59f83bef73ae57724e45,67,10.283961662861492,9.867941447209331,0.9452054794520548,0.9595466971493548
a420f60ff1aa9acc80d0e42959f2b313,67,11.347290827965647,10.691163272359558,0.9130434782608695,0.9421776029579635
966cb4760537b1404caedd472cc610a5,67,10.040945273631841,5.941813872941886,0.9701492537313433,0.5917584162663914
cb8bcce248bb1fb274ba762d8b971456,66,12.572458022388059,6.384889087228917,0.9850746268656716,0.5078473179913746
9d5a9018aee56acb367ba9c3f05d1d6a,66,14.43177424620133,6.319043552414744,0.9871794871794872,0.43785631930031166
d13e50eaa47b4cbe9eb81465865d8cfc,66,4.972586465141612,2.7762792686862827,0.7941176470588235,0.5583169419271663
834f3294fba9f932f56edc879193f925,66,14.296499017957352,7.199673539616868,0.9393939393939394,0.5035969666820947
066a6914e1ebf3ea95a216c73a986b91,66,14.171297743055554,15.459021358820777,0.9583333333333334,1.090868432737309
8cbac7e12637ed9cffa18c7875207478,66,13.53819973136717,7.436914375066364,0.9506172839506173,0.549328161988591
48162d548f5b1b11b9d29d1e01f75a61,66,11.21938709425718,6.668783216950862,0.9775280898876404,0.5943981753124807
8ae520247981aa06bc94abddf5f46d34,65,10.97949643874644,6.496955092139094,0.9846153846153847,0.5917352520113273
d566c37fa119d5e66c4e9052e83ee4ea,65,5.8279721588026385,3.7964926167774427,0.958904109589041,0.6514260043338016
643214e62b870443ccbe55ab29a4dccf,65,9.536554257856341,7.322715789185771,0.8636363636363636,0.7678576130527668
beadbee30901a7f61d031b6b686095ad,64,13.541908700980391,10.4002527784114,0.7647058823529411,0.7680049399283319
056b4ada5bbc2c50cc7842547dda6b51,64,12.71058992165242,16.996361284672993,0.8923076923076924,1.3371811528369573
ce248b21cb2adc36282ede306b7660e5,64,15.604850071225071,9.669266587035837,0.8923076923076924,0.619632136348795
76d64c4aca3a7baf218bf93ef7fa768d,64,10.723512647611381,6.365343120054378,0.9710144927536232,0.5935875052539088
4a3ccda38b2129705f3fb522db62ca31,64,13.361919710806697,9.932366257464981,0.9041095890410958,0.7433337778127792
6039e27294dc75811c0d8a39069f52c0,63,17.981014451951953,9.832960820499745,0.7432432432432432,0.546852395162405
b372ee768ed69e46ca8cdbd267aa7a38,63,12.324170524691358,6.67129297224505,1.0,0.541317807870248
520b493b57809f446cb0a233bb3e25c7,63,7.380156804921359,5.095033414468078,0.9726027397260274,0.6903692630311761
a17f621c590ea0fab3d5d883e1630ec6,63,11.659324103751187,6.736097751621321,0.9358974358974359,0.5777434173439006
8e8a7ce9f2f970dc00e2acf6f6e199f6,63,12.201920572916666,7.1832410267696805,0.90625,0.5886975729635197
5b925e1d006e9476d738aa200751b73b,63,10.885000367430923,9.432775089880625,0.9365079365079365,0.866584728660597
4c18691b6037662be2df78a765d98ab5,63,9.115787037037038,6.574811557100216,0.9253731343283582,0.7212555021729938
99eaacc9e6046db1c82b163c5f84869f,63,15.014922090934217,7.846184727168448,0.8955223880597015,0.5225591368140269
96493fab2fbb13a14d0c0e8772eef5c3,63,13.393676396122686,5.960245671663962,0.9375,0.4450044554898597
5f1dc28029d2c244352a68107ec2b542,62,9.357083481718897,6.171679038532366,0.9230769230769231,0.6595729375066587
1838dd9b8977065acf51d95e0053ea7a,62,12.563077635327636,7.5862624895351205,0.9538461538461539,0.6038538254513681
b92e3c8f9738272ff7c59e111e108d7c,62,16.306628306878306,10.248079977771425,0.9714285714285714,0.6284610027842897
e62b2d6ac10570a035a30bafcf01d263,62,14.706772463484612,9.600594629505691,0.8450704225352113,0.6528009223874899
951e8cef368f09bb3f3d03c00ca4702c,62,9.187698604401504,5.247554265125554,0.9130434782608695,0.5711500225542482
715bbd5ba4e6b74cb0d2f29eb45058b0,62,11.971359772858797,8.2642966062389,0.921875,0.6903390060146327
5058e8c1e82653974541e83690655b4a,62,26.44018774050024,13.541671248279071,0.8701298701298701,0.512162446847394
05d2173d43ea568aa0540eba70d2ca76,62,14.65211595117845,9.601480283798837,0.9393939393939394,0.6552964988668823
57e632711dec9ec14ca7546769483e7e,62,10.777448896011396,5.14300906140978,1.0,0.4772009694532762
cce6ab8d1682639fe45ab70234f1665f,61,15.456308955439814,6.527174311674583,0.953125,0.4222983851120133
b6d44737c043328708f6749c2dbe50bd,61,7.913105954055322,5.508536501935088,0.9493670886075949,0.696128237624831
0c7533c71df861ec58ad7ff999ed0e8d,61,10.596120306950786,7.722871090068556,0.958904109589041,0.7288395060032066
4e17c65a516f69d023a2ae78b84f28d6,61,14.778386042292292,15.292848815464243,0.8918918918918919,1.034811837483449
06579cb253ecd5a3a12a9e6eb6bf8f47,61,10.958568783068785,9.797056701848062,0.8428571428571429,0.894008779411479
116ccb1a1604bc88e4d234a8c23f33de,61,8.779757420091324,5.901138889850598,0.9452054794520548,0.6721300609452621
aced59e9b31ef866a94f9e7f29d8d418,61,9.67080379353234,6.835611604222294,0.9253731343283582,0.7068297268934179
d57e18d5f73c7ccb7f7339b61166898d,61,9.040871546149324,6.2374398058245575,0.9682539682539683,0.689915764645633
91f848e9f4be368f4318775aac733370,60,10.34480357142857,5.82661442098661,0.9714285714285714,0.5632407015517629
709e16e2b25c7474d980076c6bfc4806,60,10.457269965277778,6.584067191387809,0.975,0.6296162586649752
058fd0aa2bfdb2274e05e1ae971dabb6,60,10.220733575837741,8.811413426486556,0.9206349206349206,0.8621116440523526
f7720c4fa8e3aba4546301ab80ea1f1b,59,9.924344185906687,9.022392700553102,0.961038961038961,0.9091172707780103
c6bda72e4dbf5c5866b13cb1810c6d03,59,10.208053005335843,9.846905803637263,0.9661016949152542,0.9646213434129108
582d4f8675b945722eda7c0cb61ba4c7,59,10.591509683098591,5.331426993565424,0.9859154929577465,0.503367995034084
01cf7e3d21494c41fb86034f2e714fa1,59,11.565541132478632,7.415648806261101,0.9538461538461539,0.6411847678649722
fcb5ace8bcc92f75707dc0f01a27d269,59,10.425272817460316,7.710913325454917,0.9714285714285714,0.7396365985301246
7681ef142fd2c19048da7430856b5588,58,10.372716709307992,10.267572085279541,0.881578947368421,0.9898633475708346
1eade46fba20122dc4aefb379f8c636b,58,12.068996913580246,11.77785797000385,0.8666666666666667,0.9758771217143323
c864036feaab8c1659f65ea4faebe1da,58,12.280721982758621,7.746547043879969,0.9655172413793104,0.6307892202718737
6d803cb79cc31c41c4c789a75933b3c7,58,12.888389099326599,9.007238583290535,0.9393939393939394,0.6988645760051697
fffd5413c0700ac820c7069d66d98c89,57,13.744652977330778,9.339914003750176,0.8620689655172413,0.6795307250866652
75d34ebb1bd0bd7dde40dd507b8169c3,57,16.071696724709785,8.647764591517658,0.8507462686567164,0.5380741523215755
e882b2a25a10b9c057cc49695f222c19,57,9.458802681992339,5.575569781272206,1.0,0.5894583034158194
d650b663c3b5f6fb392b6326366efa9a,57,9.836265432098765,7.6414333056902795,0.9298245614035088,0.7768632677147902
05f51e13da97139648b8125c31e5f51b,57,12.294118248456789,9.3265510100942,0.85,0.7586189445725324
376a891762bbdecbc02b4b6adec3fdda,57,12.116045857279692,6.920473549573789,0.9655172413793104,0.5711825154091634
05ff92fedb5be47920fea08e501238b9,57,12.246267746913581,7.811781755142646,0.95,0.6378908183770067
8a130737016f838139d31878787a39c9,56,10.235345355436081,7.74119463406662,0.9354838709677419,0.7563198275430153
3bdff180c7e1f6551a643b99c265a120,56,10.289592712324392,6.763513147615183,0.9310344827586207,0.6573159246151855
45d33f715e24d15a6ccf5c17b3a23e3c,56,11.526838681353768,8.271495848406179,0.9310344827586207,0.7175858079619394
3078096983cf766a32a06257648502d1,56,12.082166818457802,6.40997869844812,0.9508196721311475,0.5305322128689418
17f51e7198701186712e53a39c564617,56,22.76142418032787,8.933547785495147,0.9180327868852459,0.3924863275126777
7a241947449cc45dbfda4f9d0798d9d0,56,12.756627560325478,7.109881265122051,0.9393939393939394,0.5573480319543519
4992e76a42cb3aad7a7047e0d3d7e729,56,8.29304540842212,6.461159024945053,0.9315068493150684,0.779105709270967
cc63f0dd2acba93ffed4fe9f8e0321fa,55,9.015471597589654,3.8828132078289084,1.0,0.4306833165407569
7d456afc660226829370f3173d14520c,55,9.030012094257179,8.863372033563692,0.9438202247191011,0.9815459759129819
3df020b72d3d44b3af9d110fa3940b65,55,12.83312385405207,7.634253532814545,0.8811881188118812,0.5948866090312082
1b8356dabde1d35e17cef975c3f82730,55,10.25928761574074,6.629033645925783,0.9833333333333333,0.646149508056964
fa1a9dec3a9940c072684a46728bf1fc,55,14.58622762345679,5.296355276115907,1.0,0.36310658333609114
dc317f341ab0e22f39acbd9dbf9b4a1f,55,12.163011653895275,10.553285605357065,0.9482758620689655,0.8676539911048522
e067ad2c1c0b48758eb1b5228bcf7a68,54,14.490808477534912,9.198067353206156,0.9180327868852459,0.6347518406213091
2dee2ce60de9709b1a24083217181a1f,54,14.45154356060606,6.1775972023966625,0.9636363636363636,0.4274697146702293
062ce95fa2ad4dfaedfc79260130565f,54,13.336690207156309,6.749676763316739,0.9661016949152542,0.5060983391287699
d9bd94811c3338dceb4181f3dbc0c73e,54,7.769682187310261,8.187324974017809,0.8852459016393442,1.0537528790289077
3504c0cb71d7fa48d967e0e4c94d59d9,53,7.327788478336827,4.3341674423711165,1.0,0.5914700533707045
6c177e38df6d3f34182b1f1d427231bf,53,14.304833033264746,7.205188661901428,0.9629629629629629,0.5036891129834468
a5cba26a62b8b4d0145b68b841e62e7f,53,13.203352194787382,5.504497761158274,0.9814814814814815,0.4169015322738586
750303a20e9c56b2a6bc45cdce0b897d,53,13.664087094907407,11.426728275902887,0.9642857142857143,0.8362599123187394
d9a84e1403de8da0c3aa531d6d108ba6,53,7.471924489144317,8.37849174949569,0.9482758620689655,1.1213298209408422
a888faf2d1baececa6baf9c3d603ee1f,53,17.909094864540467,8.625985776073355,0.8518518518518519,0.4816539217262497
f214d28e8d8e3ef068748498ccc2f813,52,10.173526843729695,8.067884071304777,0.9298245614035088,0.7930272554671932
624f4ece8da4aafb77699233d480f8ef,52,13.516612011316873,7.870598989902201,0.9259259259259259,0.5822908124693148
2a7dc43cecabf23403078e2188437d1d,52,12.95549575617284,8.025459394600306,0.9259259259259259,0.619463704488225
2b3e4a2a3ea8e01938cabda2a3e5cc79,52,8.700260845336077,6.013655498967554,1.0,0.6912040461627397
2a261b5b644fa05f4f2700eb93544f2c,51,14.461137929087624,11.145163757839127,0.7804878048780488,0.7706975628398762
7202e2ba20579a9bd1acb29e61fe71f6,51,13.225150681341718,8.367533737698851,0.9433962264150944,0.6326985559040865
0d85bbda9889ce1f7e63778d24f346eb,51,18.322939814814813,12.192209065593445,0.8103448275862069,0.6654068172911625
318f287a62ab7ac10b703ac37435a231,51,12.170947366423801,8.396201298411336,0.8852459016393442,0.6898560190617601
751bdc4d83a466c7206cd42e8f426b03,51,11.123993225762527,7.426147830513043,0.9852941176470589,0.6675793197459445
e24fc9fcd865784fb25705606fe3dfe7,51,12.645286826599326,11.617188679095824,0.9272727272727272,0.9186971271113518
b1a81260566c1bac3114a6d124413f27,51,8.556352023319617,3.7410372489436083,0.9814814814814815,0.4372233913176698
23d7c96d4a1160db1c726b248601b25a,50,13.258936075498575,10.383590856173816,0.8846153846153846,0.7831390691566754
002100f778ceb8431b7a1020ff7ab48f,50,16.192371399176952,8.402256926149477,0.8333333333333334,0.518902186654177
50c9975695009e5e6473912e83a6d1da,50,15.213292483660132,7.081104515876422,0.8970588235294118,0.4654550961589608
ea566164622c6b439516ab18062c42cd,50,14.229441773504274,11.345210278086283,0.7692307692307693,0.797305365781212
95f83f51203c626648c875dd41874c7f,50,11.095884081196582,5.990207634213946,0.9538461538461539,0.5398585268536765
09f952a5f58d2285b0372551ae8f9b01,50,13.147993138227514,10.177700155516279,0.9464285714285714,0.7740877294744571
0b35c634521043bf4b47e21547b99ab5,50,17.4247843013468,15.621093045734682,0.8831168831168831,0.8964870253531513
25cf099de44674fde97473224f9d59ab,50,9.392387962962964,7.445275179796496,0.96,0.7926924664052928
048c2757535328e0d7dac690ad3c0aae,50,18.514625925925927,10.660610282575705,0.86,0.575793987155188
165fc07beebdcb6190fba8a06db2a449,50,13.493607494212963,8.612102294532216,0.875,0.638235720004877
b17b679f4f5ce2e03ce6968c62648246,50,19.11136029411765,10.129723403400458,0.8235294117647058,0.5300367554955426
a6fe7de3d16f6149ffe280349a8535a0,50,14.846080927741466,9.056605771347405,0.8431372549019608,0.6100334367990803
138dbe45fc62f1e244378131a6801526,49,6.209949113984674,3.9137814420081964,0.9655172413793104,0.6302437218357303
abe42c5d03695b4257b5c6cbf4e6784e,49,14.357426303854876,12.529642567654275,0.8367346938775511,0.87269419340778
cb3dd9ce66268c7a3ca7241ac70ab58c,48,13.811846064814816,10.054730789817889,0.94,0.7279787758011549
aae3bfea055532c57fb453ed3ec80b30,48,12.442886805555556,7.222413587512688,1.0,0.5804451732445233
602044f2c16190c2c6e45eb35c2e21cb,48,15.828208543771044,9.969754107322522,0.7636363636363637,0.6298725518906542
56642bcb79900e777d68e91915cb4267,48,14.243257895171956,11.387095537451383,0.8392857142857143,0.7994726783197033
729b2d09b2a0bdab221076327f13d050,48,12.23961400462963,6.722075422529135,0.9333333333333333,0.549206488046642
0ef83d7d83ed97cd2a0049ac8be5f88a,48,9.616123106060606,5.883830182757161,0.9818181818181818,0.6118713454332599
4c03b9dd4c11ee2cb35c96c49efc9420,48,10.534739824459876,5.861650852497017,0.9791666666666666,0.5564115441073598
8b9d6eec4a7eb7d0f9d579ce0b38324d,48,10.042015446937322,7.7642317583754465,0.8461538461538461,0.7731746479979207
0691148aee60ca47977c187804f935ae,47,13.014661949685536,11.299614010432883,0.9622641509433962,0.8682218603999858
994f04b3718c2bab35c2adfa8afecd2a,47,13.48990845959596,16.505138539242704,0.9272727272727272,1.223517460379939
2a1348e9addc1af5aaa619b1a3679d6b,47,23.555052083333337,32.09298611405497,0.72,1.3624672108775662
4c498c7345e89aebad651544829beca0,47,10.82899847320725,8.076229799365397,0.8723404255319149,0.7457965590582857
efcd8d2104f1a05d028af7bad20d974b,46,10.232507407407407,5.7386020768059005,0.98,0.5608207107332923
81f89e42267213cb94da7ddc301651da,46,7.642944043803419,3.436361552920481,1.0,0.44961228725814634
83e197e95a1bbabc8c75e883ed016c47,46,10.488401277434843,6.898910896556719,0.9814814814814815,0.6577657274993193
2a5b78b41cd05baeac8df54c6606b92c,46,9.337563657407406,5.2622557651840305,0.9821428571428571,0.563557685736314
3bb548e3cb7f70f28e3f11ee9dce0e59,46,10.681195842068485,4.146490037762158,1.0,0.3882046635107069
9b00ed88b7fdb95d6ff76e27c1b52d16,46,9.049010879629629,8.313328330766419,0.94,0.9187002249583636
381c83fdca332ea6afd896da20bf6e4a,46,12.691300322061192,6.957955878796849,0.9565217391304348,0.5482460978960435
fdb9095204a334cd8872252ffec6f2db,46,8.870835610200364,9.16768032203328,0.9508196721311475,1.033462993214707
ff1fb4c404b2efe68b03350a8dc24122,46,9.905753023431595,7.130753473595396,0.8571428571428571,0.7198598084091066
db2956745b3a8e9f3785c99f34b5d25e,45,14.345947061191625,6.36767629996854,0.8913043478260869,0.4438658718596734
b8bc237ba3788b23da09c0f1f3a3288c,45,11.921712470449172,4.9350674925212745,0.9787234042553191,0.41395625878027376
870d0118f7a9d85960f29ad89d5d989a,45,14.932304948391014,9.273368385321646,0.9508196721311475,0.621027257169756
bccf933e006e9b94a6184af782963e77,45,11.57500251610306,6.8672493803809385,0.9782608695652174,0.5932827548700115
382229d1e840115ffe3dbf5ff460e417,45,8.98560402199074,5.632110324851491,0.8958333333333334,0.6267926241872953
afe0067131b73e40875c9b6c10bd2e21,45,15.468515432098766,8.241722331040403,0.9555555555555556,0.5328062907664675
6b90f847357d8981edd79a1eb1bf0acb,45,5.477807821118992,3.8952085357279542,0.9574468085106383,0.7110889361087975
c68fb906c8f4b4b946d8386bfa6e5467,45,11.158594714506172,5.424201269336627,0.9791666666666666,0.48610075086651955
f680f85bee2d253556ac91be391d2c82,45,10.347424554183814,5.4271062343194805,0.9814814814814815,0.5244886015743037
b32be1695eb7ec5f10f72d9610a12527,44,12.322987911522635,6.385953343970063,0.9555555555555556,0.5182146886631986
432c37c9dfba871172ec162e20118b8c,44,15.700738636363637,8.883551721224446,0.8545454545454545,0.5658047004648387
02f623a8eb246f3c5f7c2f96462654e6,44,8.482709648569024,6.845294911413538,0.9090909090909091,0.8069703190381264
acce39e832338debb07b02385cde5967,44,7.04824626473064,3.798145926493238,1.0,0.5388781526404839
c66dccfb3f109511246da627dd5a2498,44,11.345025252525254,8.100988364026614,0.9545454545454546,0.7140564418068123
abcd2cb37d46c2c8fb1bf071c859fc5b,44,13.683934958242556,6.574865011151449,0.9607843137254902,0.48048058041894304
99a54764c341d5dc80b4a8fac4eba3fb,44,7.078410669191919,6.290883748978716,0.7727272727272727,0.8887424088516317
406822777a0b9eb5c50e442dd4cd3ec5,44,13.607906350644123,8.62625273831125,0.8695652173913043,0.6339147636699404
4da0e408c99d2fdc2126dc9fce518060,44,9.155100308641975,4.6501810734049425,1.0,0.5079333832110386
903037660cf848a717166eb7a06d616e,44,11.60565069836786,12.206278812136082,0.847457627118644,1.0517530752371076
f789d2c4f2c2eb38fc4373e7a4b35264,44,10.903803854875285,6.825015892828953,0.9591836734693877,0.6259298116204985
b39d7fe263ef469605dbb32608aee0af,43,13.300397858796297,6.682093640276258,0.9583333333333334,0.5023980268272212
3f995f07c49d0d55a99d5c54957f7d81,43,9.59438630490956,6.125484768996635,0.9767441860465116,0.6384446669467699
e0a366315b1b726b6c7832d664c0f530,43,7.462383578431373,5.559353706034657,0.9607843137254902,0.7449836433097504
b18dc380845b24038cfc48006478f099,43,13.993235918209876,11.917689793895939,0.8541666666666666,0.8516750423958079
ede0c03645598cdfc63ca8237acbe73d,43,18.401936071710008,11.358518452283883,0.6595744680851063,0.6172458380477565
33a17d60c64393351ebf1ef860f4e0f2,43,10.582687894011032,6.771165411632086,0.9787234042553191,0.6398341781830335
cd06602b43d8800bd0afad514919d35c,43,11.95675013354701,8.447101725884288,0.9615384615384616,0.7064713765477365
ef990a83bbea832f36ebe81376335aa8,43,16.851660090488217,9.813818791641387,0.75,0.5823651046213968
b410bdd36d5db7a65dcd42b7ead933b8,42,9.202473820546738,5.022032915360437,0.9761904761904762,0.5457264006714737
2d50d6282f8aa2257819a77bfaa0efe0,42,13.762621393195522,6.968770425356842,0.8604651162790697,0.5063548742830579
0ed6ce5d87fd9c69eaacaeb778d67235,42,15.995893132716049,12.51211062670521,0.8571428571428571,0.7822076906174414
31344c16881c08a8a72c6d2eb29918c1,42,15.696046075837742,11.307346483616543,0.9523809523809523,0.7203945776524511
3d8fa2f5b647373c8620330c4e077a9f,42,9.32216903073286,5.312775337810887,0.9787234042553191,0.5699076384794134
5f3ae9136c875522250f8184f253413a,42,7.676426440329219,5.235193026744158,0.9333333333333333,0.6819830903661517
835f0f7810c76831d6c7d24c7a646d4d,42,18.481009114583333,8.519049493622164,0.6875,0.4609623555079466
58f1a6197ed863543e0136bdedb3fce2,42,10.38838851205857,6.786047920218146,0.9767441860465116,0.6532339363647286
c013e57c075a06e5b5c48ee03c525719,42,9.355028806584363,5.458444942835592,0.9111111111111111,0.5834770855001288
1da366cade6d8276e7d8beea7af5d4bf,42,17.411914544753085,6.996372676908886,0.875,0.40181524317308215
ad420dd0c4f92f8af951ac24b86d0cf5,42,14.698960094605475,24.150664289818632,0.9347826086956522,1.6430185628357434
c847e075301870dd144a116762eaff9a,41,16.810005787037035,29.96138663546689,0.9047619047619048,1.7823543319997837
82e0a475a88cc9595229d8029273f045,41,15.259298816221284,21.66942539216856,0.9367088607594937,1.4200800215756335
834f8533b2ecb6598dd004ff3de7203a,41,15.047818672839506,9.664914065155813,0.8222222222222222,0.6422800723004761
9add47bf45ce8e8c7db6b9cf670b1e09,41,12.256529661929372,6.86960743929664,0.9767441860465116,0.5604855231276987
23c38debaffe4a25a30fdbd9b586a13f,41,11.556786936392914,8.57530267313021,0.8478260869565217,0.742014430163642
2089a6d640999f9b9141ac719b2af596,41,19.527540932700994,11.13559762918967,0.8536585365853658,0.5702508916799606
e63e8bfa530fb16910dd6956e592bb81,41,9.344903273809523,5.8253081843832994,0.9523809523809523,0.6233674136263764
7dc8c42cc750eeafea6c85712ffee9bf,41,8.662016898148147,6.652422649014736,0.96,0.767999269366117
6f892e20a171e98efe17fdb971ff319b,41,16.756710648148147,9.535741783724697,0.92,0.5690700271642234
43f8c9950d11ecd03a0304a49e010da6,41,11.497686314363143,8.450144406434688,0.926829268292683,0.7349430290056354
83deb69e889cf80f82be1dc6d5f2d486,40,15.740614803791887,5.575079111353659,0.9523809523809523,0.3541843302086671
1ce3ae5a399804d1a87e706f8a813c3e,40,13.677545244107744,9.384435631396816,0.9090909090909091,0.6861198748685996
1d4587203296c8f4ad134dc286fa6db0,40,9.532752371273713,8.579099554111373,0.9512195121951219,0.8999603912888678
a2e874074c877c5a05abae80ad6e488f,40,19.191609071869486,12.510960256414121,0.9523809523809523,0.651897410454881
c9aafcd0621b2207c10e32c649cada4d,40,9.011922773837668,4.249096278010527,0.9148936170212766,0.47149719151455594
20d83f3ef0e6925fd74bfd59170babf7,40,8.516469478737998,6.4323233373396125,0.9629629629629629,0.7552805013155262
34d1ca11b242c0fee2c834ae8d788566,40,13.131423893405602,7.693893526667479,1.0,0.5859146417877221
b56906f7fd1696e043f1bcce164c487b,40,13.57789489638448,11.176591739769133,0.9523809523809523,0.8231461375316165
55a5b51f93f2b70ea513f5a047b0262a,39,13.728832712285456,6.749105647248677,0.926829268292683,0.4916008366253262
cee48807215b30a12ca2ca10ffb5f250,39,23.413385416666664,11.665085145884607,0.85,0.49822291557977316
6df688df543f90e9b38f4319e75a9d88,39,8.288001683501683,3.3097067337604344,1.0,0.39933712131705096
0bf0150d5b9d60d9cd2906003332f085,39,14.129168533452807,11.3658834678596,0.8064516129032258,0.8044269159186022
d23019c84ffae2d5ef2270367b8605fc,39,11.277978395061728,7.817301449709953,0.9743589743589743,0.6931474042486997
dd533b429f380718b70ad9922c294bae,39,16.80776754952627,11.018969674612652,0.8837209302325582,0.6555879382638905
c60b801f2d52c7f7f91de00870882a75,39,16.103873160018995,9.815855998427741,0.7948717948717948,0.60953386187849
b94cc9f10ddc85e4ba73a6f7974e7101,39,10.580454059829059,6.074513304388594,0.9230769230769231,0.5741259562244851
4559697a8f7e637227c2eeaed843baff,39,12.937863544634379,8.932929820776605,0.9230769230769231,0.6904486038176907
3f3486b61f45078d4f31ee5e43d8c5bb,39,13.880131469610637,9.197751919081119,0.8461538461538461,0.6626559654149394
d1b65fc7debc3361ea86b5f14c68d2e2,39,9.065716435185184,6.029311249146523,0.95,0.665067266580941
113e3a788b935f48aad63e1c41dac1bd,39,12.03533733603395,8.3338390608702,0.9583333333333334,0.6924474842860102
0cbcee27c791afa0cdcb08587a2013a8,38,13.417264756944444,7.769160533439491,0.9,0.5790420532186611
d66c305afaec317ebee552073a674429,38,10.057621001683502,5.313984233235715,0.9772727272727273,0.5283539946818666
ad781527c93d00d89a11eecd9dcad7c1,38,25.504659478557503,17.06136486706589,0.6842105263157895,0.6689508982235135
b1ac6ea7895bc3dd6f0f6f4abbdd2821,38,10.18083455165692,5.056621628214203,1.0,0.4966804639204399
bacb1f0ed56ad24198f5810d2b3fe9a5,38,9.781034356725147,5.178848183622188,0.9736842105263158,0.5294785801525548
ba90964cff9b9e0e6f32b23b82465f7b,38,10.018161245126706,8.259053907175591,0.9473684210526315,0.8244081628445714
daeb5653dd96c1b11860f72209795012,38,11.44094076448243,9.33131713018754,0.9230769230769231,0.8156075031133747
75fbb52eda0cbc24f479d3b2fbfa8d3e,38,13.901765752032519,6.990714837252456,0.9512195121951219,0.5028652447427675
7f7b8245c336066a1f9933c359f11d77,38,7.916265342377261,6.208638972741191,0.9767441860465116,0.784288891821902
5a93f3ab0ef4c84ed5e1b5dbf23978bc,38,15.054766634366924,8.834990380904276,0.9767441860465116,0.5868566810418581
6338ea67c41078a46ad99cc009654956,37,13.200010258838383,6.167186079778215,1.0,0.4672107035408422
14d7985702e72162bbf13b6beb74ab2b,37,11.145243055555556,11.098166898112346,0.868421052631579,0.9957761210582354
0176f73cc1195f367f7b32db1e5b3aa8,37,13.377644066764132,10.053752809979333,0.8947368421052632,0.7515338844271701
5b8154610ebb21fb90eb587365e673df,37,13.158373553240741,9.39535183796931,0.85,0.7140207564372842
594f9aaa48e5bf431f011ddc5669b0d5,37,7.881920382553607,4.208581404913462,0.9736842105263158,0.5339538082913182
3c03b12bab54d8b37d79d914bfdb1aa0,37,13.75025785960379,9.245399149957258,0.8372093023255814,0.6723800560219939
96804ea39d96eb908e7c3afdb671bb9e,37,13.42224952516619,7.200704734823899,0.9743589743589743,0.5364752548611811
bd4889b5e9133b35b66e42a8665cea5c,36,10.212597552910054,6.247576778744858,1.0,0.6117519804708869
e2aee0892199b1d92530e371abd825bf,36,14.986155033238365,9.041573352562851,0.8717948717948718,0.6033284276393245
32b8764b4ef628b53608fc34011fcc13,36,11.274994212962964,5.272892279320712,0.9210526315789473,0.4676625264479887
325f3178fb58e2a9778334621eecdbf9,36,6.277807467793881,3.2400773490985895,1.0,0.5161160748749759
99002261c568a84cce14d43fcffb43ea,36,16.837109374999997,6.687258547668239,0.9166666666666666,0.3971737902705309
31561f325664a8a7aba4c8d0c3a9b3db,36,7.351872867933724,4.4781938525281255,0.9736842105263158,0.6091228633808982
f181738b150df1f37cb0bd72e705b193,36,9.138639889889891,9.443173093097206,0.8918918918918919,1.0333236900541645
66dc1b1632bd6a3e508510c5b3492107,36,10.43919320234869,5.411440548090159,0.975609756097561,0.5183772771704859
63b464dbf392c7b80d12d932fa7cafed,36,13.191747380604289,10.901133118475247,0.9473684210526315,0.8263600570841045
3586b8580d9c917874e053a1bb37b5ff,36,14.060716785099052,10.399725242851094,0.9534883720930233,0.739629807057367
5cbbd5a299cab112b7bf23862255e43e,36,10.788462780214426,5.001346471966897,1.0,0.46358286382923347
dd55f1bb788714a40e7954c3be6df745,35,18.751437374874875,12.507084055031317,0.8378378378378378,0.6669933512291494
71039d19d4303bf9054d69e9a9236699,35,13.388712536549708,10.384727330013602,0.7368421052631579,0.7756330044180456
6b3bd31ad8fcda4b2635ec9f3ff2ecdf,35,12.867135141093476,10.548788995258187,0.9047619047619048,0.8198242172469892
240b9776d844d37535668549a396af32,35,11.357760582010583,6.512113535810052,0.9428571428571428,0.5733624589802068
3ab971ce71839580d2ae5b4e40fe8044,35,6.743047422422423,3.871943573445192,0.918918918918919,0.5742127158367524
ec8879960bd2221d5c32f8e12f7da711,35,16.495119378306878,12.544757157805517,0.8285714285714286,0.7605132688098896
bba74270a87732727b5a3b4fd9ac1c39,35,9.283693287037037,4.007647209540003,1.0,0.4316867313072419
bf84056e679dbe9c69929847a40e338f,35,12.35544864766082,9.994849087713188,0.9210526315789473,0.8089426270737202
3fd1e727ba94cfe122d165e176ce7967,35,15.640605709876544,10.067862829934267,0.8055555555555556,0.6437003154920485
fde0cc9ea29c8ccfc0a2c22256a58c71,35,8.711281084656084,5.763611383298684,0.9714285714285714,0.6616261520306835
11305281b50fff20ae8bb473f8e11876,35,14.009434317129628,7.495032835778308,0.875,0.5349989632781942
718539d38d07dd351c76db862760e2e2,35,7.958789567183462,5.183039568391206,1.0,0.6512346537923898
bf3c6d2a28b2b5501e6c15448982dcc9,35,10.611320790267012,7.8299160414451485,0.9767441860465116,0.7378832660140627
e8f6dc8e6a1dcde89d20e3995c8d90b3,35,12.729811395202022,7.8241292647129095,0.9318181818181818,0.6146304153148642
45ba18c210d42734ec52c0c1c574e9ee,35,7.174404544346979,4.985935156409064,0.9473684210526315,0.6949615296418845
dc8798cbf453b7e0f98745e396cc5616,35,13.68819175279931,8.169923759806139,0.9302325581395349,0.5968592424295447
6fc26fe110feebd80a433e1f012a84f9,35,11.437567354681072,6.534831114016059,0.9305555555555556,0.5713479896003881
a3dd39f583bc80bd8c5901c95878921e,34,12.530534284284284,5.8398054865793085,0.972972972972973,0.46604600842148886
33ac3e28642ab8bda860a2f693000e78,34,8.664377314814816,5.027894814203829,1.0,0.5802949977267109
e49c26c3edfa46d227d5121a6b6e4d37,34,11.653800595238096,4.604240685250024,1.0,0.39508490364348436
e96498ed8daaa3e9c23f7a62da76591c,34,15.198311887254901,10.3657335147069,0.8529411764705882,0.6820318987794601
26d8a1c7c75d513045798992ead43aa2,34,12.476636766975309,9.17938778324755,0.9166666666666666,0.735726137956078
6a0cbc8af2e8abd1bdfb777943d174c6,34,15.508637322984749,10.170600266284142,0.9117647058823529,0.6558023154755634
5b179e9e8cc7ab6fd113a46ca584da81,34,12.67396283436214,9.811858960647331,0.9166666666666666,0.7741745094947761
42bde9fef835393bb8a8849cb6b7f245,34,9.827450439221272,5.72125885729969,0.9743589743589743,0.58217122464095
b90e891671cffd9557f33a97dc523645,34,7.579306445868945,4.744515065244193,1.0,0.6259827464596265
93dc87703c046b603023e75222018b45,33,19.72265727124183,23.916427300454973,0.9117647058823529,1.2126371701103482
cc5a78bbad32776dc4e3af205218368c,33,7.63766904239766,4.877652357757083,0.9736842105263158,0.6386310182701845
65febd49fd28ec955651299159b1f527,33,7.134858979044833,4.423885600716035,0.9473684210526315,0.6200382675689934
d3f39f05462b79a4562d35893a28f159,33,12.122399587087086,10.804879794424197,0.8648648648648649,0.8913152645070102
d5ba419e26d246a0719437cf37d9b46d,33,9.784910811546842,8.757499186095135,0.8823529411764706,0.8950004097902157
5160d23075764e18e07c1f4a87fad743,33,9.392214912280702,4.885543045095653,0.9736842105263158,0.5201694265649317
b839e41795b7f3ad94cc2014a52f6796,33,6.920479038065844,4.554538612304269,0.9722222222222222,0.6581247609092079
8bd0f31cf0a614c658f6763bd02dea69,33,10.124262235449736,7.395180350670617,0.9714285714285714,0.7304414068589277
1caf283236cd69af44cbc09a0a1e7d32,33,14.053003003003003,13.08492333281241,0.8918918918918919,0.9311122562214125
d93919c944be9cff128f6c9cb899eacb,33,22.92127034231201,17.783519596255257,0.8181818181818182,0.775852268686321
48efc9d94a9834137efd9ea76b065a38,33,10.829713371459695,1.811112508205695,1.0,0.16723549793835238
0ffa40d54288e4f3499b8780dd0f144f,33,13.458394841269842,9.289772510755295,0.8571428571428571,0.6902585798915954
dfc5fb7259bb2b599ca565e6e9448f0f,33,14.346329316448802,10.0423838290008,0.9411764705882353,0.6999967453337832
fad44952713764836814be105382aee5,32,10.79425925925926,6.041114782122739,0.96875,0.5596599671200877
7b0df942f46435babab05d49b744b2c4,32,11.085880353009259,7.244129105991963,0.90625,0.6534554654493945
232a6014e7b10cba61c6c2b2ea6bb4b0,32,13.63965939153439,7.861044884671391,0.9428571428571428,0.5763373306484793
f62d7bb4a613ec758a03342d46b580b2,32,13.872097077546297,6.637658078721289,0.875,0.4784898809182325
6481e96574816ead57975da2c0f6d80d,32,7.341070467269596,4.36294830089862,0.9767441860465116,0.5943204496334654
3340ef1913fb70d28420f6ceb685c339,32,15.509944334215168,24.78066510258872,0.9047619047619048,1.5977275332911547
ea67327e24487bdfac5fbfa37ea124df,32,8.646847766884532,4.155978933105375,0.9705882352941176,0.48063514533259544
2745f798279e0ed033addcc1474776d7,32,13.36188548900463,7.288491036005429,0.90625,0.5454687545408962
3c4e0452bff7a2a788179488d3d77032,32,13.534090470679011,10.375972381402793,0.9722222222222222,0.7666545752654649
cd6efc47efaabf134f8bdb654e10b4f1,31,8.499921513310186,6.964155761819636,0.90625,0.8193200079452891
4e06067cc08b3f41d837768d392c3ee3,31,9.793098329307568,10.81805474296499,0.9565217391304348,1.1046610969472306
276677b5d08786d5dce7c2149dcce48b,31,11.097764146090535,7.487292828828046,0.9333333333333333,0.6746667824496552
ed4acab38528488b65a9a9c603ff024a,31,9.192540360873695,5.373101730967066,0.9743589743589743,0.5845067326368949
9baf5cb77970f539089d09a38bcec5c3,31,14.813060980902778,7.376302157085381,1.0,0.497959345917432
18e694e0e48ed6f7aa3f24aade5fd697,31,6.078709490740741,3.352290445533754,0.9705882352941176,0.5514806145350515
33576ec5412fb5905d876f12f33bfde6,31,14.648119936342592,8.427898280449986,0.96875,0.5753569957834671
72c5da29406b4234927b81855e7b64f6,31,10.797208781362007,6.947126226527284,0.967741935483871,0.643418717485515
78c99c6dff4eeae5be99bf635ed21e3f,31,13.988194741215574,9.708854067763244,0.8717948717948718,0.6940748429214065
01fd077212124329bac32490e8ef80d9,31,7.986924857549857,4.099615562229485,0.9743589743589743,0.5132908641746157
5c6d4016c2a288f074fa0848a2b653d2,31,11.047310049019607,6.702908710131219,0.9117647058823529,0.6067457761562569
4917cee8d902e13428c3ec4b1ca6f315,31,18.077756123058542,7.766358425663282,0.967741935483871,0.42960854061733555
f67efa3f0b6761102a7f8c6b7b571f5d,31,9.829373191550927,5.514825399127203,1.0,0.5610556534640077
20cb7c2fde3e5bf10f0bbe7394e1c6a9,31,12.152555787037036,7.457495130642983,0.9,0.6136565230663488
f00e21b1e91a79653163b7fd8f293ff1,31,12.971604316009559,9.734124587226976,0.967741935483871,0.7504179398390309
070d165398b553f3b4b851c216b8a358,31,11.01272508528265,8.601145895450292,0.868421052631579,0.7810188512691396
5d3bb11474a06bdc23fb9e89f1164ee0,31,9.746797236689815,5.832317071173643,0.96875,0.598382928211442
0ebd97a106433a45a4aebe57c1799778,31,9.262953559027778,6.386669149329527,1.0,0.6894851743162426
b74d1c09cb380e1d03a6f859c6f4224b,30,11.470774549220272,6.531265916011483,0.8421052631578947,0.5693831648408997
2bf6a2c1e71bbd29a4ad64e6d3c3629f,30,13.368179510155317,10.107674286176586,0.9032258064516129,0.7560995331113077
40d54b51e962dbe09cabbcfd33298dee,30,7.220734393667861,4.559960902345183,1.0,0.6315092972182978
b335c59ab742f751a85db9c411a86739,30,16.838304211469534,9.7770484003416,0.9354838709677419,0.5806432926708791
e8b4225284fbb02d16f200513f1f395d,30,10.22229050925926,4.852130504140838,0.9,0.47466176976146607
2a6fbeaa7ab9e5d59a35841a8da71ce4,30,14.512402777777776,8.599425906195052,0.9333333333333333,0.5925570036798445
c8b3445d737de6befde0c88ede534a5e,30,11.377567193930041,6.795763333173665,0.9722222222222222,0.5972949416461562
6ec1a01e866584bb679eb9b098345919,30,14.619209976105138,11.451273795803694,0.7741935483870968,0.7833031890588216
66e0557ecc2b4dbea057e93f215f68d8,30,31.725889660493827,13.67853425253031,0.7333333333333333,0.4311473814889829
c8467937e403e76a8ee9f0ab13f6f5ef,30,16.679165614478112,6.928829649035107,0.8787878787878788,0.4154182414868904
e38db885400cd35c71dfd162f2c1dbcf,30,12.689117476851852,6.554438167154156,0.875,0.516540112353054
b2ac621f0d0322434d04a12b078b9369,30,14.670295524691358,7.87057782967099,0.9,0.5364975651938392
b4a476fbd28de64b1e347abf9089366a,30,11.858209986772486,6.159194458716458,0.9142857142857143,0.5194033893468638
02f5837340d7eb4f653d676c7256523a,30,9.659020061728395,7.077663387275171,0.9666666666666667,0.7327517017299462
974cf2cb8f4b7add98709c30df02fe10,30,11.269405092592592,8.321677641942722,0.9666666666666667,0.7384309618448787
3c487ae8f8d7542beff5788e2e0aea83,30,13.410306537598204,6.827595276923663,0.9696969696969697,0.509130440663774
4bf2f4ee540798a61f9636d12cd9cc80,29,13.481918209876543,6.81617723248242,0.9666666666666667,0.5055791858675603
31da954dc0855f2495c6310f70a2f931,29,8.123554012345679,7.715244739204393,0.9,0.9497376059147558
1464afc72f696af775557a821c2e253f,29,11.263420910493828,9.548870816115718,0.9666666666666667,0.8477771444392432
323ce52b5b81df2cd804b017b7f09aa7,29,17.057155970625796,11.75319678010022,0.8275862068965517,0.6890478577050273
850913d59ce317156b00f3705f1c3edb,29,13.462101080246914,7.332278075317623,0.8333333333333334,0.5446607503249514
e06f09ec0a4aca210779cf1cfc63cf19,29,15.057558617084828,8.434334718829847,0.9354838709677419,0.5601395905747933
8931a84a914b3fe9b1ddaa4d704947ca,29,13.04958767361111,6.48427200423446,0.84375,0.4968947806180084
1b938a7ec6ac5061a66a3766e0e75f90,29,11.376438172043011,5.2705044820874685,0.967741935483871,0.4632824793123257
8b2492b7ff4468839593fafeed55bad9,29,14.963503086419754,17.614166610946334,0.8888888888888888,1.1771419105017067
94e93ce877be27a515118dbfd2c2be41,29,13.381931849128542,5.631103046340127,1.0,0.4207989630964109
3361277dc30b7cccdb0c286b24219756,29,13.870902226631394,6.807855504499767,0.8809523809523809,0.4908012033585708
238fac594e170b59c6d228f5a4f4f1d9,29,12.48156674382716,8.657012003846951,0.8666666666666667,0.6935837608790846
6e386f64c84e482f0b9abf960797ee1b,29,10.478848978288635,7.525488135716052,0.896551724137931,0.7181598046988062
d4e12e7884759a14fa0f5f896c791cae,29,8.332578125,6.1262969775269065,0.9375,0.7352222668211595
4ebdc7e6cd6102a022dadc49156d4ea8,29,10.175631148726852,5.212551827575163,0.96875,0.512258330848337
d1ef48b38baca7e831711c4a0aeb398f,28,9.788525326797386,5.59504950854258,0.8823529411764706,0.5715926885559963
f12ff17ad8bbf01ec5c33b17e506649b,28,13.791368220899471,8.229655794051848,0.8928571428571429,0.5967251154661078
3ade81dab5a172b88e1871c28ae05260,28,13.795525077160494,9.35600168965909,0.8666666666666667,0.6781910537895102
14a08204d03bb6b6bde8029f801ae0eb,28,8.629664656432748,5.856997572774142,1.0,0.6787051184437628
0bb738e4d789e63e2267697c42d35a2d,28,11.943653815453384,7.543676032888,0.9655172413793104,0.631605382192806
d97df38225e5abadaff1e72cb72b823c,28,12.152008101851852,11.591652228521124,0.8214285714285714,0.9538877962692162
c0563dd588b775f2e37747ef6ad6c92c,28,10.860574156746031,7.12181309477864,0.8928571428571429,0.6557492257768837
28f10b1c5e5abb9d4857745bede6147c,28,7.637304894179894,4.809961237801184,0.7857142857142857,0.6297982474768915
1771297ac436903d1dd6b0e9279aa505,28,9.42039448302469,6.114550442299857,0.9722222222222222,0.6490758378874812
d379f449f2a3b271bc01c0782020f705,28,13.576246008939975,8.520842162411569,0.9655172413793104,0.6276287389607247
e7d5b006eb624f13074497221eb37807,28,10.946910089653144,5.519629080488449,0.9682539682539683,0.5042179971593554
817245bcc3badd82bbd222e0366951a6,28,11.013731849747474,8.07103050811179,0.9772727272727273,0.7328152363085583
57c764b4a836300be881e2ff86e449f9,28,15.50414671136654,8.244505024794293,0.8620689655172413,0.531761288014
6061155addc1e54b4cfb51c1c2a32ad8,28,5.790115740740741,2.8690195045352067,0.9696969696969697,0.49550296280747014
bf00385a5f7fc1ef39a13c2e9ee50a5f,28,5.772894758597884,5.041609744633691,1.0,0.8733243815201982
960945e1a9535cbc0cd6ddd35fbe7ae8,28,6.061004150702426,3.8860608223255166,1.0,0.641157921311628
5b67882648febfb6e1225e6ad7164f6b,27,12.248475694444444,7.626978219644289,0.9666666666666667,0.622687949905772
cac876b37d3abcd6bd76caca30277996,27,12.067220468574634,7.6195010815240725,0.8484848484848485,0.6314213866703373
671585f5a2af58b6e276bc01003c0d2b,27,5.58787122770919,1.7105004203088627,1.0,0.3061094915406813
95ec4458365c4d11f452ccf538377619,27,5.755570116487455,4.426599836870454,0.967741935483871,0.7690984120217698
17306570e772e7718c92a562d33f5f1d,27,13.959468750000001,6.696124562009174,0.9333333333333333,0.47968333766348903
271c58a1d139c45eaf3316107c6d3a3b,27,13.15568329903978,5.053573607992052,0.9259259259259259,0.3841361556918072
0885aaf116795758dfeb5f1032487bcd,27,5.738515325670498,4.423102609217891,0.9655172413793104,0.7707747314765755
cc3d14116804f7209f3884f6367f1152,27,13.041336805555554,7.585185207972123,0.9666666666666667,0.5816263563364813
1f1bb1f0859883505541bdd6606193e5,27,14.172133620689655,8.128420763698742,0.896551724137931,0.5735495431564517
38e679b9e0064cd94c6f035707344dae,27,11.186011078042329,6.565820273356,0.9642857142857143,0.586967081254231
73a63f72308aa20a46f4b1632018f196,27,11.388569113756613,5.018417866575917,1.0,0.4406539413730221
ffc470761de7d0232558ba5e786e57b7,27,10.081843364197532,7.832604683945351,0.9333333333333333,0.7769020407280242
575df70bde3f9f2b30bf8d2e9910d725,27,13.309569716775599,9.243209162246153,0.9411764705882353,0.6944784361132171
4aba391bc3b88717ce08eb11e44937b2,27,16.72847511574074,11.787978726709616,0.8571428571428571,0.704665466825345
5f5b43b2bffa8656e4bc6efeb13cc649,27,14.025877634099617,8.314604874881816,0.9655172413793104,0.5928046067268836
f41ce2e25237f9092cd8e6e7516c7a2f,26,8.657997685185185,4.294901777660259,1.0,0.4960617840091737
6a8a889bde935bafa76d7848782dfaf9,26,7.555369212962963,7.008898464372554,0.9333333333333333,0.9276712053127976
06df0c10d34e459d9672bc77388742eb,26,9.701925925925927,6.180190879816986,0.9,0.6370066033283144
df560393f3a51e74553ab94004ba5c87,26,18.07669495884774,12.06590833603897,0.9259259259259259,0.6674842034734476
8090490573c6c0aa343a7231ebcb8c86,26,10.091355056980056,11.863479882395785,0.9230769230769231,1.1756082127137102
e883aa812c37a7413226856f4579fe91,26,9.995614224137931,5.98654246700225,0.9655172413793104,0.5989169182365637
f61c63d13f7cd800549d5acdd390ae72,26,11.74718482905983,6.928166328477575,0.9230769230769231,0.5897724798999405
e0878efa0e0b7e5313ac0b43bc04c081,26,18.215729580026455,12.332687865392757,0.8214285714285714,0.6770350762626355
8d79c8a04e42d722a75097ce5cbcf2ef,26,19.56749485596708,25.15885197404395,0.8518518518518519,1.2857472128769614
7ade73f1b9b4e965f9009a4c3a7e2c15,26,9.679988425925925,4.043299880793973,1.0,0.4176967681040607
e5e33c0d8e7e002f398f5dc4cbbb338f,26,11.95087791495199,9.31963341704744,0.8888888888888888,0.7798283509688819
b8555308bfdb4ca1ed54325a58da9a97,26,10.288528852513227,5.802480720726224,0.9285714285714286,0.5639757446283318
ccf8813e5a7d6c84d865cd38bfc2b130,26,11.43051549145299,7.484505490227656,0.9230769230769231,0.6547828482297313
77a515caa36327151d1cc6c32a9f00e1,26,10.33738425925926,13.045029148981678,0.8846153846153846,1.2619274684789978
3771c85bac139d2344864ede5d9341e3,26,12.76786689814815,7.428001799505601,0.8333333333333334,0.5817731230095262
4bfc7a4a1cf8d4d2121c27422d9e50b5,26,8.025635127314814,4.580535246775955,0.975,0.5707380380633492
f7496d659ca9fdaf323c0aae84176632,25,12.465313835470086,5.834589223716731,0.9230769230769231,0.4680659709597034
5debea795b07621e1f90532e18f96145,25,10.30880927328844,7.08625117657569,1.0,0.6873976410580369
e48b04bf1aa1ef711caebeb7aede6180,25,10.544004166666666,6.284049695602718,1.0,0.5959832333402169
c8417879a15366a17c30af34c798c332,25,9.486715939153438,7.237400030940197,0.9142857142857143,0.7628983599129499
3481aa57cd91f9f9d3fa1fa12d9a3bf7,25,10.194835185185186,4.830910747844046,1.0,0.4738586411739322
272f092de69afedd4d2969440b37f18f,25,9.34806564577398,5.154774688514395,1.0,0.5514268816506157
ed4311e67debd72b8610a5347a743087,25,8.01346688034188,4.39035771485081,0.9230769230769231,0.547872447769261
b2a6d334e2833acea353624840e25a0e,25,10.69655137108262,7.59183718932678,1.0,0.709746246799766
2709af9587499e95e803a6498a5a56e9,25,12.697238828502414,6.830504719327957,0.5,0.5379519761410667
15aac934c58d886785ac1b17953ea898,25,15.578190883190883,11.081888885781163,0.8461538461538461,0.7113720051882725
edf96ef93ed595084bbcbd9224bd2894,25,13.671427331349207,8.156595013537688,0.8928571428571429,0.5966161993074595
198c7ea11960a9844b544d9bcdca860c,25,14.513364814814816,7.597908839142105,0.88,0.5235111868328689
916748bc99315c2d202898ae58b1617e,25,10.402569444444444,5.114450419306534,1.0,0.49165261011912187
3b872fd4747f01cc56206f2934198618,25,14.418773576817559,8.757431160158132,0.8518518518518519,0.6073631098721386
1dc2de47ee26a0a5b12dc14fd6dc0dea,25,14.691942301097393,6.918040324706407,0.8888888888888888,0.4708730937630809
c731d18cea9bf687ffee82a241c25b11,24,7.650308493589743,3.191995831934184,1.0,0.4172375316118015
a938325a4b357fd23a6a4d5bb126408e,24,13.119169907407409,6.41393121670423,0.96,0.48889764077853476
2e13c71026e1a39ba5cc1b86dcb679aa,24,10.368659060846563,6.835822784557397,0.9285714285714286,0.6592774190416169
0afccdb8a34ee5c79f7c06faf2b4d56e,24,13.473533468364197,7.400699022827827,0.9166666666666666,0.5492767758513117
e89c4adbe7b1d0819dbb636e16461cf1,24,14.787526388888889,12.24678024850632,0.88,0.8281831542636067
a3f0b55de503387383c7b1de3ad7f678,24,10.481014512108262,7.2139920088213785,0.9615384615384616,0.6882913863431223
2199e7fe213c16213bf5d6a7eadc9a5d,24,11.14721913580247,6.776978676804068,0.9666666666666667,0.6079524044734951
b83cedfb587e7911540e3f576d6917ce,24,10.077923148148148,6.635724319455647,0.92,0.6584416473422883
6a51fc556dab5f766ced6fbc860bc613,24,15.20258064516129,8.297856126482877,0.9354838709677419,0.5458189185218324
cea729054f157f5870bdd321a958d994,24,7.258142806267807,5.151737707756586,0.9615384615384616,0.709787316847469
821fb029fc6e495ca4f08a35d51e53a5,24,16.362201388888888,12.710646010428325,0.64,0.7768298230982397
f76a3b1349b6df1ee875d1f3fa4340f0,24,17.02268036265432,11.77895416878941,0.625,0.6919564908609219
7ecd59e5e20407131822c1a68ac59c1f,24,17.43086446360153,6.276665993121607,0.8620689655172413,0.3600891973102253
10076e5788b8ee532724bcd460baf762,23,9.809331374643874,6.4306647234564975,0.9615384615384616,0.6555660603004109
42ef3192a9ff87a22d1867b74b3ee205,23,9.308129528985507,6.485922602708139,1.0,0.6968019280899542
7e26c750b4cb9f6766f58265ff9ebe95,23,9.451914437585733,4.51618111962084,1.0,0.4778059671871502
e7df4cd29ab5abab70fb0783ddb53987,23,10.348889371141976,6.899809555218138,0.8333333333333334,0.6667198099980037
d71d863e5ef30d94e440c11be17dcd8f,23,19.68345833333333,10.742625689331536,0.9,0.5457692193825122
23a0ffca143a15b9b5bbdb7d552f626a,23,11.143974729938272,8.188375559538205,0.875,0.7347805211313111
977f9f63dd360c2a32ece2f93ad6d306,23,12.524404417438271,7.014289408453166,0.875,0.5600497376695108
8cc6a0e5738e61a87b03c78b2ba9db4b,23,16.687734857253087,25.542062568054497,0.9166666666666666,1.5305889497011635
4b5f66b7adcf57f1ecc0d3c07dd6b177,23,13.595445906432749,8.844413142549032,0.9736842105263158,0.650542336266018
5c853bb56f70f4d14218944bae111d7a,23,8.61485580632716,4.013725890787781,1.0,0.4659074952641587
79ed755314cfe6df0daef2c6cd3022cd,23,9.278411111111112,3.8019446762184814,1.0,0.4097624723338207
013900e863eace745d3ec7614cab5b1a,23,11.491611467236469,6.214719914160038,1.0,0.5408049107715411
d624126b9206f595fb3fbb6ba03b28a8,23,10.129005042989418,8.716609251174845,0.9642857142857143,0.8605592764718649
6426d21aca402a131fc0a5d0960a3c90,23,10.963011272141706,5.602189135070904,0.9565217391304348,0.5110082436298065
681fce914360217db47784ae28905a96,23,12.736270736882716,8.090703659426378,0.875,0.6352490321987793
244c2f1bff6afe1f2eaf9bfe9b2aed38,23,15.374535322359396,9.766079496717575,0.8518518518518519,0.6352113603404086
a36b125ac6d5fdbc7f50de85c9157bdc,23,12.929280092592592,5.356345468305692,0.88,0.4142802561276737
157c3e4b42f81ac4a44e8b1ca2fe9876,23,10.383809363799283,7.003609391603275,0.9354838709677419,0.6744739956436139
55f7a3319d80f7fdf078b8f03e6725fe,22,6.7771659301346805,4.460916630928356,0.9090909090909091,0.6582274474191169
d8c7ba53e7e38711eaef8c2849d6d2e1,22,8.109704335016835,3.0836484109097406,1.0,0.38024177991235475
f615fe7efbef0f4f08fd3086bc7a3e60,22,7.495673309178743,7.5469883744219945,0.9130434782608695,1.0068459580782976
7b1222c3624aa89b9558b50a2594188c,22,17.665475063131314,9.680287374969486,0.8636363636363636,0.5479777555019002
fb89df7f89fd1b8f03fa2acca1ba7364,22,15.54835324074074,8.011413815618655,0.92,0.5152580271090486
5670f4db5b62c43d542e1b2d56b0cf7c,22,8.532830913299664,5.008407416803936,0.9545454545454546,0.5869573026459016
39d54ff918774174706fb065d7f9dc07,22,15.159373070987655,13.733796588501678,0.875,0.9059607230582459
f0837c8d71434931d9e38e7b79234797,22,11.724380032206119,6.287682231137303,0.9565217391304348,0.536291233640111
503c1de08ae81a2d86f17951b204db55,22,13.488269675925926,9.996462381550133,0.9090909090909091,0.7411226659704154
093805f8f2aeb63881444571e1f48f30,22,8.16587877229081,3.5828011143100125,0.9629629629629629,0.43875267000870666
e9511df20ccd82658a30c37b7fb343af,22,9.655261188271604,4.274305814988157,1.0,0.4426918890791088
8fdca8e349553f99bc738833a62c8802,22,10.302422972541509,7.901299017266206,0.9655172413793104,0.7669359953794473
13d058e4eeac2ce8217660b2f8a05812,22,11.403861531986532,8.653031274011054,0.8636363636363636,0.758780808565615
df56d7b40d437f88407c5f78b63bc328,22,12.269970833333334,12.243028992203437,0.96,0.997804245707194
4200ddf1967c5e41e48db62bc6d4b5ac,22,8.976025958994708,6.429122866841111,0.9761904761904762,0.7162549324401861
2b1a40c1daabc6ca280c4b815c101841,22,13.906648779461278,7.848360929710054,0.9696969696969697,0.5643603325411722
7f2617c58d5d06806987308b45654351,22,12.284812298711755,6.8304870203114705,0.9130434782608695,0.5560106946874352
42fa4ee7240e9b8eb4576358ec142ba7,22,6.923532723063972,2.9344202825943535,1.0,0.42383280327672684
eed78ac17f7f795a19a709745f00cd4e,22,9.831139839616402,4.529699578358645,1.0,0.4607501929842744
7901646fdd36a55f564ffaf2dbccaaf7,22,9.877081189986281,8.262366384613802,0.8518518518518519,0.8365190308438963
730937bf88cb151eb2eb849f642fc213,22,7.1314743589743586,7.018069438263889,0.9615384615384616,0.9840979697882866
0d33a55da925bbf1ff02af5f6059fc7f,22,8.80104118441358,6.130427828344524,0.9583333333333334,0.6965571118109702
916c9de0b5ad957346eeeb12f332687e,22,8.174615483539094,5.462940253938587,1.0,0.6682810053805097
7139dc5186aa238b006e066d8fbab2e4,22,14.19316020447531,14.164747807216111,0.875,0.9979981627171206
7c5b05cbdb5542049f38d90d7815b97d,21,7.815173611111112,4.666043685859977,0.9565217391304348,0.597049268262716
1c40343cc5d18c2d8248ac2f3366de34,21,7.398569549663299,3.404918189274214,0.9090909090909091,0.460213040699086
845e8036c3f7bf62099352f5ed910240,21,8.280536265432099,3.953654903587624,1.0,0.4774636299936925
f4db9b37944bcb8873e6b456ee190bbf,21,13.29969539141414,8.010118648584525,0.9090909090909091,0.6022783539655805
02ecc2a19303f05e59ce133fd923fff7,21,10.815350597993827,5.6346198310676945,1.0,0.5209835575846129
e6a69c4a27dfdd98ffe5aa757ad744bc,21,10.26631793478261,6.934046928456122,1.0,0.6754171235008564
412a4720f3e9431b4afa1476a1acddbe,21,10.474756418350168,14.81473795861213,0.9545454545454546,1.4143276814207324
411f3b52d857390502ee4e4d5ceabc2d,21,8.472231095679012,8.50540160861594,0.8,1.0039152039837353
a5a1bfcf728ab0e19182959cf0771ee4,21,13.616142939814814,16.203735786006472,0.9166666666666666,1.1900386076754017
b347677812ea483b0f528eaf8cbc09b7,21,13.219165564373899,5.533992797263682,1.0,0.41863404844387314
3d5d0dc7073a299e31fa718ce1bc00b6,21,8.343190761784511,4.156387149702065,0.8636363636363636,0.4981771684689446
4e5725ba188db8252977a4f0227bd462,21,20.764789737654322,12.928987180436927,0.7083333333333334,0.622639927674868
bd697db56ff8e7c9cd1abeb7f72029b2,21,10.883916997354497,4.791812817006707,1.0,0.44026546859659355
af3ef48d0e13835e529c29ac573c63e5,21,7.9285300925925934,3.5370153409823364,0.9523809523809523,0.44611236883452987
e99e927c81e3f51739c94fcdfca9f10f,21,13.993323206018518,7.353557203703521,0.8333333333333334,0.5255047064546299
bc47d5d1490df2b36add65d733eafaba,21,13.23846696127946,7.88899396851325,0.9090909090909091,0.5959144658960421
af4a0e4cfe1d9c26b6712b1be25a72e5,21,12.817845441595441,7.033014079727074,0.9230769230769231,0.5486892560667102
9596c870880d900012f2e8e6e30d06d7,21,13.437281099033816,7.529822355674575,0.9565217391304348,0.5603680015457885
52f9db5cfb423382a2fa5c9e39303202,21,10.035136258417507,5.279642049122873,1.0,0.526115631433932
6b15924333bd1a741595fe981ea04822,21,7.780927579365079,5.791617782787544,0.9047619047619048,0.7443351353310164
3785b653b1b82de85ab47dd139938091,21,11.326879340277777,5.188106298187311,1.0,0.4580349222701333
55d3daac7c404d59e51c2aa2f4dc5a23,21,8.785415426587301,5.529606344664287,1.0,0.6294074982419203
679769a98cfcc6da877c8486ff1c13f3,21,9.536956018518518,6.244683913133477,1.0,0.6547879534106872
2156f2671501a81034d7d07f217609d0,21,15.281910824514991,7.932039441454353,0.8571428571428571,0.5190476199304804
c72de06d72748d1a0dfb2125be43ba63,21,9.705412457912457,3.309992432128747,1.0,0.34104603451759896
5bffbafbb22daf6d3bfc216a46db8708,21,8.637940318035426,3.332732823321394,1.0,0.38582494212918755
054694fa03fe82cec4b7551487331d74,20,30.169812610229275,38.212683852125565,0.7142857142857143,1.2665867151978698
1dfe5347016252a7884b694d4f10f5c4,20,19.4560385505698,10.500708363202207,0.7692307692307693,0.5397146153832367
1fe5540d7c1c37a595fefbacd5570d9e,20,11.997797222222223,3.876274836128216,0.96,0.3230822095366482
cfe94489ddd337d1e29e12f2a7205d10,20,7.769785397376544,5.77128508798884,0.7916666666666666,0.7427856488722978
8ab42aa58097fd4668d60cc648225d5f,20,11.153124554843306,6.826139166630114,1.0,0.6120382797720864
6288c69c4ce638e59925e59193f98b16,20,9.613747106481481,8.065751048755438,0.95,0.8389809883097089
f9244d45189d3a3605499abddeade7d5,20,15.176920717592594,10.393265863901673,1.0,0.6848072845141858
f918546be4bec7104d117789ba758b2b,20,11.928280998389695,9.069616811250762,0.8260869565217391,0.7603456703002848
d3674f271c91f824f82d24d92011f669,20,13.77093576388889,8.663008438050287,0.9,0.6290791407775668
1a932caad4f9d804097d7f8e615baed1,20,8.8093487654321,6.841645704827285,0.8666666666666667,0.7766346737994885
542917da124346b47ea1ac79a93ce454,20,11.576402777777778,5.6736794710477385,0.95,0.49010729671042647
82bd0703a4aefd6b599e5bfdaed378fb,20,12.244954710144928,6.223229939903901,0.9565217391304348,0.5082280896268211
e21a1e8be4715b0fcfd5385643bc49c4,20,16.574562701288244,4.046329195522215,1.0,0.2441288659282527
ff69aa92bb6b1bf9b8b7a51c2ed9cf8b,20,11.462290509259258,11.642009924280286,0.75,1.0156791886295196
7f152321c60a266edc53af1925ef96c1,20,23.469773148148146,19.115341017184363,0.7,0.8144663732590289
f08c008c8a8d31417763738a1788a2a8,20,19.12531525573192,28.502043792724262,0.8571428571428571,1.4902783777214916
41c2bad7229b0c25e6becf179ebf63ff,20,4.664837962962963,1.4210757464959292,1.0,0.30463560744847507
808d4348b916efa08e766ebad39f61eb,20,7.961432870370371,4.09377917851789,0.95,0.514201305867124
bf100ecb7997df312b285358fb32f92c,20,9.660422178130512,4.383235445009453,1.0,0.45373125151117344
52d76513f0c4d97f3b99570e2c94ee31,19,11.809747437169312,6.037745288971041,0.9642857142857143,0.51125100863446
93b9a99027bd8bd6af682aff18dd19bf,19,11.368078125,6.964783083632139,1.0,0.6126614373203156
f5b44895715ddfe3087dc414f30268f3,19,12.497305677387915,8.49354544883525,0.9473684210526315,0.6796301273324141
b494891378bd8f4560abe576c52deacd,19,5.217683531746031,4.620822651503958,0.9047619047619048,0.8856080717409204
f593898ec748b7a8cb81fc04edafd98a,19,18.028862584175084,13.811698882780206,0.8181818181818182,0.7660881998681097
8ed8ea9a57c862f2c18c2fe41f601d56,19,8.578249878167641,2.2234527098314385,1.0,0.2591965425826905
ce69a8021d18961dd2a40269b7c2c293,19,10.203286427875245,7.240021822828443,0.8947368421052632,0.7095774360551909
888faa8bfb0b159c37de6d898b961c31,19,8.40657306763285,3.0136394221990326,1.0,0.3584860796371598
04e38a233f726ef161074ab1c9b0399a,19,11.575084394290123,7.529701726332169,0.875,0.6505094451014541
65b081a070633e057c462abdd6fb9dd8,19,11.784479166666667,4.361261896693156,1.0,0.3700852481482025
430315b7bb4b6e4b3c978f9dfa9b0558,19,14.35659201388889,10.229103020020013,0.95,0.7125021739229024
9dda5bbacd45e18d6485fee649205d09,19,14.653299137205387,7.583945925040612,0.9090909090909091,0.5175589370031102
7bac63f6603d382cc8d0832eb6c100a8,19,15.764658869395712,14.813262564427625,0.8421052631578947,0.9396500544128453
784ba75dd9d20200c4caed3d7a77141a,19,13.33300505050505,8.048948906657369,0.9090909090909091,0.6036860314811384
e5475dcab1e07b63d7f6e902d8f5eda8,19,9.57444018031189,7.114182733119154,0.9473684210526315,0.7430390288247022
6d988d6174a2c27441597174f8905515,19,19.25952445652174,9.465372007872444,0.9130434782608695,0.4914644714743848
4c8b8048e33af2bf94f2eb547746a916,19,19.07008655394525,15.800185970961403,0.8695652173913043,0.8285324729002154
eb5b6204dde3a6e03b5f1bb8479f055b,19,10.567783289241623,6.170522797941006,0.9523809523809523,0.5838994450447159
ef2fbc2b607d8492bcffe657a4645434,19,6.999620260141094,2.9613972658126824,0.9047619047619048,0.4230797037199542
b1fecf4da1fa2689bccffa0121953643,19,10.688985532407408,5.488397587467931,1.0,0.5134629072916161
b19f3ca2ea475913750f25a5c37c8d8f,19,18.389999390838206,10.463150067835837,0.6842105263157895,0.5689586957272288
a44fb5a447105f8469bdf16bf9159f25,19,14.242983065302143,9.807009131992306,0.7368421052631579,0.6885502206264307
e84ad2127668df3aafc6b73531a0beb8,19,9.707826590177135,7.275876634349766,0.9565217391304348,0.7494856409684802
094ced053e257ae8cae57205592d6712,19,12.158787158869396,5.5740685564279016,1.0,0.4584395206196055
e24d3429d294b2eb200b064ebb035879,19,7.71035563973064,6.1901565300268455,0.9545454545454546,0.8028367067959394
52f0fe436a347ddad7ed5f9aa4e27eaa,19,13.99463458994709,10.136142782311204,0.8571428571428571,0.7242877773737947
67883baaae6134ee81b271a542613728,19,5.838590399610137,4.691531429171928,0.8421052631578947,0.8035383728040243
d9442042130b7fe579d1295f9f4a248f,19,11.436601957070707,4.587983469687418,0.9545454545454546,0.4011666653180044
6b536a23086fba0d58c08d68814397f6,18,14.15708122895623,13.247882743419606,0.9090909090909091,0.9357778294245432
822bad9bc42b51213ba522fe87b7ab5d,18,26.65635223765432,20.769304206987744,0.7222222222222222,0.7791502761450372
6aa3928696eab49a19a466e665a649fd,18,8.24293507996633,7.149337227629143,0.9545454545454546,0.867329071292206
f5f2ab9bdb6b30c14c61be68c5ed37da,18,13.4501858281893,11.203131327959474,0.8888888888888888,0.8329350591186344
b4f8921fcc4ff77b66bea6dda43dcd51,18,7.627169560185185,3.199869001119033,0.95,0.4195355794661711
8a2d12a90e92f012ce5226fc6592b653,18,9.35801440329218,4.412070975755554,1.0,0.471475121282499
d03698c2efd04a549382afa6623e27fb,18,15.604987323633157,7.655422440343875,0.9523809523809523,0.49057537065410045
1fdc574883ef3b33ad41562d93f3a74a,18,11.25219843106996,14.4558792411765,0.9444444444444444,1.2847159894781472
59417c56835dd8e2e72f91f809cd4092,18,12.569483024691358,5.472570662844437,1.0,0.4353855009067738
2e1a7d075abe038c1b2743005fe42ff1,18,14.954498106060607,10.36069472019775,0.7272727272727273,0.692814606462712
4b0fdb526525f9890eb145bf1534640e,18,8.768653356481481,4.471971198411969,1.0,0.5099952086834914
d51e0a403fe2e689ece6c73359d96e12,18,12.963107407407408,8.212446265468737,0.92,0.6335245097773364
07bf9669d84d1f11be443a9dd938f698,18,8.712097800925926,5.026140128038785,1.0,0.5769150258511335
f4a04f7be452aa3bb31760bf00055dd0,18,9.141429398148148,6.92190113487242,0.9444444444444444,0.757201180843189
f4c4daa86e30c7e5a553a8d518ac03a5,18,16.640676440329216,9.51097869053087,0.9444444444444444,0.5715500042703016
54c04bdb5ec46762f8f08c7e8f86ed4a,18,15.41448708576998,12.618091553460308,0.8947368421052632,0.8185865337750233
dfc475d54e1b6dbeeb7d7d9bdaa63827,18,12.990609953703705,7.321037839566334,0.95,0.5635638253828921
c35672b10ad50968f567ea3f4b91e877,18,10.14469539141414,7.208479108592522,0.9545454545454546,0.7105663433416981
2a61c271b1ac763450d846849783e922,18,20.192742552334945,9.439748962709535,0.8260869565217391,0.4674822619187996
33c51922b6e3c16b24a8f28e5833c99d,18,14.790471064814815,5.408579822975113,0.95,0.36568002461000937
fbc14c0cf93505ef89f64665ffa4a7b5,18,12.070780606995886,8.027083164351703,0.9444444444444444,0.665001164854196
ea00f977a203ff88adf7057cb7806998,18,5.417617669753087,2.914711690137212,0.8888888888888888,0.5380061620830568
ffdd9f82b9a447f6f8d4b91554cc7dd3,18,10.32411284722222,4.259242695828663,1.0,0.4125529000755395
bb135baca94c82fcb731335ad5b04a03,18,7.996843932748537,4.86936347697121,1.0,0.6089106549935628
bc2ac6b95e1accce9858528ee566c17e,18,4.882892992424242,4.009428531600267,1.0,0.8211174272753577
1354d51653f645349064725ed204e85e,18,9.203769675925926,6.096032979765313,0.95,0.6623408879636088
77e4abfd739aed9c46480f90f81c0eb4,18,10.008789223251028,4.23583848864056,1.0,0.42321187849579733
7a425d299613df3e613bcf9d2eaf5c49,18,11.79452996399177,7.924919403295049,0.9444444444444444,0.6719148136881683
4978a02ea9c8be7a9b5480680f40334e,18,5.341156189083821,3.1338604860322494,1.0,0.5867382220421093
30829ded4523ab9224b93bc49a62c95f,18,10.493247834528075,7.53255082741199,0.967741935483871,0.717847414470294
179d859f51292aac5c10806a356f7af9,18,9.148045199805068,4.090793067456404,0.8421052631578947,0.44717674411398545
e7f3bf1ecd8526eb7f3b18059e6716e5,17,8.862104552469136,4.117638518104885,1.0,0.4646343872074539
bba3293d6f5d5af2f415e004e8b93ae3,17,12.072742374727667,8.059277045218337,0.9411764705882353,0.6675597635620163
270297ead4c65a6cd2593960d2af6b21,17,14.4933089668616,10.802241182659424,1.0,0.7453260816669498
5bc55dbe2f12b6af6d83ed46023e0dc8,17,12.996622023809524,11.638744218184819,0.8095238095238095,0.895520712756199
5bc24d989e71e93c33e50a7782431b0e,17,9.188674428104575,4.0808674691493945,1.0,0.4441192797807278
f63d8f293af3a6454377546bd9dd19ff,17,18.260358796296295,13.307841419689458,0.7857142857142857,0.7287831289705357
06bb3a2fe5e7b7a845b13e8fb91bd944,17,8.900171039094651,2.571364825869274,1.0,0.28891184389315283
d06d019f72a04e5497a0b64190af170c,17,8.503113425925926,6.976272748279719,0.9411764705882353,0.8204374561215564
87d30a6a0cbf89356e49324971ab1d24,17,11.212977260348582,8.724937767592351,0.9411764705882353,0.7781107162720774
d354c38a7182125a748cb10474fe963b,17,13.120668859649124,5.838126295422889,0.9473684210526315,0.4449564544211059
8602a61d680a10a82cceeeda0d99ea3d,17,7.6927503654970755,5.113719000003957,0.9473684210526315,0.6647452155655033
863d2ebcd347ce4922de7a0f9a5581d6,17,11.669832175925926,10.491777789028571,0.8333333333333334,0.8990513000411778
63ffcb71394dd8ea3872ed9ffda17c74,17,13.25094566993464,11.871648446114826,0.9411764705882353,0.8959095253896231
b64d51f0435e884e8de603b1655155ae,17,8.026424114331723,4.808856913790665,0.782608695652174,0.5991281852654815
60562ab00b8054280520d390c8c0045c,17,10.181200980392157,3.55929076217223,1.0,0.34959439156804994
d25aa0aaacb370e912f8cf6efeba38b3,17,8.97365520282187,4.376243920608007,0.9523809523809523,0.4876768520403867
3dbbce181edfaa4a597ec858c382d2ec,17,14.200075231481481,6.469499866396213,0.9,0.45559616839588085
9f50216bfd01913736a55a11b55ea842,17,10.640924098440546,3.283383424268935,0.7894736842105263,0.30856186867737573
e81e1f9c3e762e620f3fb60a51499e16,17,30.89604102366255,35.03777352720881,0.8888888888888888,1.1340538258728425
c12b92bf1c350f3e6bf88d3596219c86,17,10.78250408496732,7.199596101910173,0.9411764705882353,0.6677109551896816
768a86e36ad6aae3d03ee3c6433d61df,17,5.081859340958606,3.087914075563706,0.8235294117647058,0.6076346998973065
ffa6adafb71b807dc13159e26431354c,17,9.852557189542482,5.220490642231277,1.0,0.5298614909611804
ec4608a1f76453166bb312b2968aeaf4,17,14.118924808429119,11.580977732644266,0.7931034482758621,0.8202450179301417
72bc2cce903c872fe376a8faaa81d237,17,8.86798482510288,7.682835838077613,1.0,0.8663564484604858
1430239a858e7682bbc43b20758af153,17,7.269936868686869,5.340591596192439,1.0,0.7346132012776451
30a81d8cf85fb2ada1b1b094c9583a95,17,4.0252054398148145,3.3210024124958,1.0,0.8250516556612295
da7039f29f90ce5b4846ffc0fcc93beb,17,8.862591306584362,8.372957007148173,0.9444444444444444,0.9447526933716982
9c068d10aca38e85c50202e17b4a7e88,17,16.52933142701525,10.847334639776712,0.8235294117647058,0.6562476339513659
d4f117125b59ce73c3302f88ee40c458,17,7.728728894335511,2.999139047244395,1.0,0.3880507504206163
392e0502231ae2f8b29994ef6398cd77,17,17.708312227668845,12.51354601479874,0.8823529411764706,0.7066481465831962
4305fe92735c8a43d154ff6dd2b8d927,17,11.234060063352826,3.265221835431319,1.0,0.2906537633782962
53d00c40e32aeb924a84ce72b1af869d,17,16.048920206971676,12.244820453742975,0.7647058823529411,0.7629684923241007
6bb0724edf0b62fb91ac404873a97241,17,14.054401363168724,9.209782983751795,0.8333333333333334,0.6552952876304755
49067458c68f7701fd334ce326accbe0,17,12.063711836836836,4.6569522861410775,0.918918918918919,0.38602980153429733
cda598c48d7c614bc1cad7d8ff6f0010,17,8.133234310699589,3.8238225419325365,1.0,0.4701478398208875
f1ed6bd0a9b11b581f16c851c6a5a527,17,21.104895833333334,8.374927030300212,0.9444444444444444,0.39682389794470097
c4d51195486dc781531876a7d00453d8,17,23.733787445533768,11.26543732417053,0.7058823529411765,0.47465822090230547
610f72e407cdd7caaa2f8167b0163fd8,16,12.596752450980391,9.479693417988907,0.8823529411764706,0.7525505843572494
89bc797e2e29667aa035d4368f9b7f92,16,15.062043737816763,9.789892083996277,0.8421052631578947,0.6499710301209972
cf2384dd2f1dddea3f838efed0945e65,16,14.251440248842593,4.402360980605371,1.0,0.3089063914759704
8daab2245ebdc277c51098d01c5ad8ef,16,10.034896556712964,5.58489647923087,0.9375,0.5565474888223723
86bb7c4b535e49a541baf3266b1c95b1,16,20.137781394675926,19.567535127963282,0.8125,0.9716827660636237
b33aaadd1a8891d2dfef0c4c3bdf0371,16,13.492799564270152,14.933613782675147,0.8823529411764706,1.1067839340191763
638cba8be1fb599bbb76fd6948351eb3,16,8.502627314814815,5.036952649500509,1.0,0.5923995563964352
ad97a199236354e53fcd91a5a913e9a2,16,15.305991285403051,7.2181696288366854,0.8823529411764706,0.471591123648455
b5e3e38609125694d2ea2417522a60b7,16,17.78087418300654,8.814185055616544,0.7647058823529411,0.495711569909223
fe49ee029e61e789a1f3a5525f57ba8d,16,10.416166811342592,7.015117262191713,0.9375,0.6734835750280673
fcdd820084f17e9982427971e4e9d47f,16,11.072314814814815,6.487750780374963,0.9259259259259259,0.5859434895848805
5b664594895aefb418afaee6d40a9a23,16,10.445734953703704,4.850904855301865,1.0,0.46439095734301566
5b33b527da3c5b969cc99dc435cad09a,16,12.780727805010894,7.850733731038249,0.9411764705882353,0.6142634324752805
a2b5b6105ea5942300631d2e76f4ffe0,16,8.46931495949074,4.717545967289909,0.875,0.5570162391945777
a425f92c199eb576938df686728acd20,16,17.3334966563786,2.5986225217514,1.0,0.1499191174906493
c794dab4928dd97beb41d05514441e86,16,13.794497974537038,14.642074980186967,0.875,1.0614431208163178
25e47381a6c510ddeb36084e33b89f0c,16,9.804970043572984,3.7221592631310925,1.0,0.3796196466271627
4736e9d642ef4257cd7622516931eb51,16,4.870615162037037,2.777212091662964,1.0,0.570197397919948
f97e2b0650c2068227e1d366140eb62f,16,14.118763227513227,8.382420118165719,0.9523809523809523,0.5937078186728778
2d2c62bef4c8ba0dd74e0e228e808539,16,10.30731987847222,6.686633225924186,0.875,0.6487266626788046
343e716476e3748b069f980efbaa294e,16,15.760446356682769,8.92547910168836,0.9565217391304348,0.5663214670251877
dbdd0ec73a4817971d962698f2fea022,16,12.651514756944445,6.767089694545621,0.9375,0.5348837530170962
db46ca7bce82b11f7e247539271fc390,16,8.149848090277779,4.9428984094334325,1.0,0.6065019071128428
08d2d642cf72b622b14dde1d2f5eb2f5,16,14.932358796296295,7.849600057921518,0.85,0.5256771662805525
099095b050cfe8eb1ddff5317587e96e,16,10.407467714424952,12.452803845170065,0.8421052631578947,1.1965258203885887
d66c11a9572221d92fbb8c4897db5f9b,16,8.548737702546296,4.313397040604282,1.0,0.5045653745253535
15cd6eefe58588619aaed41dfa6621b1,16,14.40606802983539,9.283903894895193,0.9444444444444444,0.6444439853864327
0725b8c0f3f906e58f70cbe76b7c748c,16,11.780044688786008,7.328635653407292,0.8055555555555556,0.6221229075967576
6c12e40690c335dbc2f68a4134d30dc1,16,14.084675925925927,6.693560744306333,1.0,0.4752371144007204
3935fe5fe0f82787a9dcb8deb62be09d,16,11.010660403050109,7.840540011024086,0.8823529411764706,0.7120862622238486
adcf50477d6a1f5d91bb9d54c4903cb5,16,24.512162485065712,6.521572217632634,0.8387096774193549,0.26605454421273395
bb5bd94c8f59cc050072d2930c869cac,16,14.840234204793028,5.788826550751815,0.9411764705882353,0.3900764954829465
e3a386fc36e22064434e1fa256f6a9fa,16,10.55469975490196,11.04667673479156,0.8235294117647058,1.0466121245809108
afa6714acee029b2dfdf357e5579cc03,16,12.618579793028323,8.657470271429599,0.8823529411764706,0.6860891172723567
2be17df1c49978426251562096c3cc09,16,12.265654658564815,3.710392044232776,0.9375,0.30250256896332045
3092c0b297aacfb4bb6e056ebe13b9b8,16,13.56010552832244,8.851893127253318,1.0,0.6527893981919779
f125f3a310c2e5f822d116147de1e474,16,14.039162457912456,11.304512679331294,0.9090909090909091,0.805212754907618
51e4e89242cbb846c2deff3dc015650e,16,9.21369357638889,4.838301943326753,1.0,0.5251207784601647
8f54d64f28a993550aa7943f12572959,15,13.924188368055557,6.590646268751625,0.9375,0.47332354996515863
cfa5ab0e4d3fc212fd0b3410e7081c62,15,14.077226851851853,5.840194297038609,1.0,0.41486823779289556
3c010235b7345c92f125d14ee232a76b,15,11.039577932098764,2.288920906937534,1.0,0.20733771897947742
55bb6fe5bebe5012e2d7d9928e1128ff,15,16.57628833912037,11.436844707224518,0.8125,0.6899520853672252
04aba03279157f6d4e0fe8ccaf21963c,15,11.624953703703705,11.558548596597825,0.9333333333333333,0.9942877099730106
87d3c3aeb3ead335511b3ce315eb341e,15,6.565039351851852,4.507274217958245,0.9333333333333333,0.6865570755012829
921323538c9f1c4e816f2720eac02bea,15,8.079127178649237,7.97512746119025,0.8235294117647058,0.9871273573049044
1b8b75e227c9a9c100d0c210fb6176ce,15,14.996113425925925,5.019720952336081,0.9333333333333333,0.3347347949274491
8b8cfc8305aa441e4239358c9f6f2485,15,12.536666666666667,6.401076849792439,0.8666666666666667,0.5105884219456878
f1fd5ab1181f827ffad998c1a5de7d74,15,9.45754938271605,4.708920261292423,1.0,0.4979006792074609
3a734b715d333a2588a3d54a0c9b8746,15,11.602699514991182,8.425958409093548,0.9523809523809523,0.726206724409854
67bf6941ba2f1fa1d02c375766bc3e53,15,11.918202546296296,13.000407244673903,0.9,1.0908026771800345
3a1a1fec38dd360f15fc912e821e169d,15,14.433526234567902,9.5218452639457,0.7333333333333333,0.6597033260757263
820cc752a266cdc6c1a1e61dd4583330,15,13.962199074074075,7.883205499620754,0.8666666666666667,0.5646105930589979
f3c38ab652836d21de61fb8314b69182,15,8.208585648148148,5.0929335913506595,0.9333333333333333,0.6204398430684125
81336a0f57a33776419727a300249e90,15,17.594097222222224,8.833931109176266,0.7777777777777778,0.5020962995486105
9a84ba99f5367fdbd4598363496f1ea2,15,10.512725308641977,5.843960890940474,1.0,0.5558939969768306
41da412d33e8da4f22baf55cb1bde82c,15,9.208183421516756,3.4905331663881376,1.0,0.3790685965520421
6a38087bc8ad4f89ff453561005f6dea,15,11.966243686868687,4.90257586416547,1.0,0.4097004868407766
a6bd7d1ccdac48c6b33b28596b7eb122,15,15.621216049382717,8.180511441955417,0.8666666666666667,0.5236795532495484
c4fb51fb1c5b7c07bc5e67be6e7e8f6e,15,15.853416521990741,10.063124307439445,0.875,0.6347606078147627
26785a546900236d66f2e4197c211158,15,5.767207561728395,2.6456673015879706,1.0,0.4587432086101442
2646baaf662d4d92ac48f047e35db92d,15,5.476682741769547,2.7107499952846705,0.8888888888888888,0.4949620277636918
c6381d2d013342748761e906d45aff76,15,16.966397156084657,7.320132842084922,1.0,0.43144886770846946
989becdce12ebc39863c2bceab6f3ca1,15,13.739216820987654,5.8587829342073245,0.8666666666666667,0.42642772223068837
ed8cb7b190ceb6067227478e48cf8dde,15,7.246978485838779,2.824130324769316,0.9411764705882353,0.3896976278166011
ba5daa4041e1f15cdf34b76e3e18a450,15,5.692246141975308,4.484844891322674,1.0,0.7878866759205805
7238a95bb63ef7e498389fb863b834a1,15,7.956341820987655,4.0079421407581695,0.9333333333333333,0.5037418239354435
33cbbec1e7e1044aaf11d152172c776f,15,8.12800853587963,3.802765390486389,1.0,0.46785942383054424
76ea5315acb3f5f7ade3cd261faf922a,15,8.683984567901234,8.29116840517632,0.9333333333333333,0.9547654467078526
e601b04acf48b4576e73ddca9481f0dc,15,7.197291666666667,4.166226736606918,1.0,0.5788603449131098
0eaa7e33d73809f1f925f7d07c506cbd,15,5.903765432098766,4.6384197352115635,1.0,0.7856714140423806
a066df7361163e7ddc5d7452dd17448b,15,15.814748774509804,8.236525950444697,0.7647058823529411,0.5208129492211929
be8e909810184b9b19e886129149d8e5,15,15.356016203703705,11.841525111298573,0.8,0.7711326267318294
b1aaae6b66ad3c40f54b389d7ea4bee0,15,8.124083605664488,2.9259976103930994,1.0,0.36016340456577256
02d35243ea2e497335cd0f076b45675d,14,25.812436342592594,11.26209083336043,0.625,0.4363048370903709
014c0679dd340a0e338872e7ec85666a,14,19.02018364197531,8.055365943257533,0.8666666666666667,0.4235167280656684
5a413ade68e8f8d93071a7f52a64cb9e,14,4.118708664021164,3.2457897597298873,0.8571428571428571,0.7880600509774752
ce616e1913288884e7742faac9d981db,14,7.6400873316498314,5.483799812454074,0.9545454545454546,0.7177666398834056
5a05a16bb50629ee31afab8a6d4c2674,14,6.9908981481481485,3.833950714147528,0.9333333333333333,0.5484203364002838
e48cc16ab70bfa09e1401740dce0b3d7,14,14.658911356209149,6.372543722016494,0.8823529411764706,0.43472148559771756
7c1fea10b5b006671d608b1d7c446ec4,14,16.23116898148148,8.974845900965837,0.9285714285714286,0.5529389726153088
52562a9f449c3dc3d53f5f5b9ed74903,14,13.357767857142857,5.4870424453142315,1.0,0.4107754008002259
bce6a5ecf98e99fd2a8868b15c51f04b,14,11.243800925925926,4.729309024922525,0.8,0.4206147953062471
c273175f7c6c80fb02f051e2fc6d0d72,14,10.586340112433861,4.908787745317384,0.9285714285714286,0.4636907272185519
4de6e4ba574aa9dfdc824bc44dc47fdd,14,9.368518518518517,6.5254938483619656,0.9285714285714286,0.6965342316891603
bbf9ad41dca6603e614efcdad7aab8c4,14,13.931492228835978,5.8161473103570005,1.0,0.417482005145041
b9ca8e8baa5d4aa038394a700f63e69f,14,9.672949735449736,7.807472967043108,0.9285714285714286,0.8071449951228455
4a1f694197d05fe70026b016a7316b41,14,11.072153784219001,6.298318301477675,0.9565217391304348,0.5688431017327982
c89cf7c468a48af70aada384e722f9e2,14,14.189191468253968,7.116307733159447,0.9285714285714286,0.5015301787336537
ca4b77513ac2040591b0d8fae6958380,14,7.591638888888889,4.699584222774496,0.8,0.6190473877324171
82cb9f452fe8334df74b22d37824b431,14,9.035012217078188,4.303549221421386,1.0,0.47631913693339767
b6e1504972665f739dec4facb9943775,14,11.147410714285714,9.794159457394986,0.9285714285714286,0.878603983330721
45213867cefbf2cd4c6177e10216a951,14,14.91580357142857,7.11047668516399,0.8571428571428571,0.4767075840811022
218f991754f360af9c2daa5e0b8e990c,14,13.213410947712418,10.650672556833884,0.8823529411764706,0.8060502014945498
83645b1645cdee8953ee54c29ceed564,14,10.400109126984129,6.197586954290013,1.0,0.5959155695981834
1987cd4be10fe09ee50454f9c354d1c6,14,15.736322337962962,8.098516275036202,0.9375,0.514638433371373
b1b3948701c5c72445495bd161b83a4c,14,23.403023313492064,12.17331851508531,0.35714285714285715,0.5201600815424252
5a425cc503b39b262a847fd6212bf53b,14,6.823572255291006,3.0416993388501967,0.9285714285714286,0.4457634835612182
ffeee66ac5d5a62fe688b9d26f83f534,14,18.07488095238095,7.508288154570818,0.8571428571428571,0.41539903772266745
5882820ef11c4c068eea0677a7a879b4,14,14.96869460978836,6.909777241893068,0.9285714285714286,0.46161521909696873
2e3be8a987a30d7544dbbda6861cc14e,14,14.025557098765432,20.536383856397308,0.9333333333333333,1.4642116325065602
c84592044b180dec206770c38603814b,14,12.918706183862435,7.719871795843056,1.0,0.5975731382053128
7ff588a03c2aeae4fbd23f9ae64b760d,14,5.047222945601852,3.0266838653416612,1.0,0.5996731069664978
d2e753bb80b7d4faa77483ed00edc8ca,14,12.741619598765432,8.481579014615226,0.9333333333333333,0.6656594123589302
9bcdfa7b615b3abb9461d9e3ad9886ae,14,11.408699652777777,6.582781397378556,0.95,0.5769966427134215
df0f42bc4c2142eacf0eaf2cffd0cfbb,14,14.285758101851851,5.289612345138535,1.0,0.37027172848830797
88cf19ec1fc2c58f161aee259d57142c,14,6.444143518518518,3.4334334747276225,1.0,0.5327990391370045
de0c78824586e9a5f5f04fd84e25df39,14,6.352893518518519,4.85965025791292,1.0,0.7649506864466036
2953ce3a88f5e3c3b696d77fc9e4c8eb,14,8.075856481481482,5.85335411213078,0.7333333333333333,0.7247966981029121
c679fb69a36e1d8349e8c50a217b4d58,14,10.436830746187365,5.422993064994459,0.8235294117647058,0.5196015147582526
980640c45d7a4635885491d077167e4d,14,7.608943452380953,2.9499574236804635,0.9285714285714286,0.38769606347348756
7fc87cc3e89b3d1d5cabdca32f8485aa,14,19.740683697089946,5.1567928637433,0.7142857142857143,0.2612266597688045
7c4618c82226628831613e95e9c22f44,13,11.065274216524216,9.046448449975237,0.8461538461538461,0.8175530287777066
00720abe85ba0859807595bbf045a33b,13,8.532746171652422,8.22294690534304,0.9230769230769231,0.9636929002601062
02dcd3e8e25bee036e32512bcf175493,13,17.230233796296297,11.711680273530561,0.6666666666666666,0.6797168519006417
51702dc2a3e106c76dbff722b5bf0726,13,14.731593915343916,7.288714715510773,1.0,0.49476755586638194
8f78f0903005064036736c7173a5c2ed,13,18.313836529982364,7.0530165643974545,0.9523809523809523,0.3851195544336469
128f9bfbe4c7d5185033914b1de3d39a,13,12.833652006172839,6.5322841867403465,0.9333333333333333,0.5089965181850337
df91910b6a03bb2e3358fa6a35e32f6f,13,9.194750712250713,3.17493761933381,1.0,0.3452989339997714
13074f016982ff2bd6c58ced8682f000,13,14.536311177248677,11.838861011115986,0.7142857142857143,0.8144336528544758
0417b067eeab773d2f7061a726dc477f,13,17.55735933048433,12.918585697218324,0.6923076923076923,0.7357932052337826
373ee4a3a775a733770ca3f790b8b9ac,13,10.605772832491583,9.729345617229583,0.9090909090909091,0.917363191810313
562f8cfc51f265411f487d07e9c40e7f,13,14.032670049857549,6.449705069574101,0.8461538461538461,0.4596206599783606
36890be00bbfc1cdb9a4a38a6af05a69,13,9.416596331908831,3.4158338641517707,0.7692307692307693,0.36274612861729727
a8739afb32aaa45e01815ca76f76f54b,13,9.54413348765432,2.9993213322256436,0.9333333333333333,0.31425810798909865
c26a2be5b53b7db6b276280da212a779,13,13.558947402263374,6.5332511874315955,1.0,0.48184058788671236
0ac4201fda2c68ebc0e47cb9423cf3c9,13,12.482843915343917,7.836826711770764,0.9285714285714286,0.6278077948357372
9d681c7e12db302cb261e721040dde65,13,9.021041666666667,5.097214983568942,1.0,0.5650361867192656
c2d70ce2c5d0a2eb75e78668236e6dc8,13,8.098435956790123,5.416576702978637,1.0,0.6688423211443829
a2deecd5398f5df4987110c80a1972a3,13,8.307628205128205,4.947123719828988,1.0,0.5954917092672953
3ca08eeb8d5595949fed424bd3677742,13,10.300126424501425,5.151540306824239,1.0,0.5001434054799573
768de2a4fc06aacecb9a586ccc30746a,13,14.864153311965813,4.83328600027258,1.0,0.32516389590665284
8ff1a9df749e454105c55cda13e79143,13,12.379569279100528,5.322111504744047,1.0,0.42991087854154647
c3e1abd72a42fe690fcd89cf5720fe29,13,4.309395477207977,2.296195839561572,1.0,0.532834791261548
6f229cc508fc6915ed5c499efd93baa4,13,9.361559193121693,6.010224005769343,0.8571428571428571,0.6420110028450488
9d5604a1f112324ad6b2aa552122e0fb,13,12.085738017429193,5.715604148931269,1.0,0.4729214004712522
9d7a1d34a5052409006425275ba1c2b4,13,12.984201388888888,7.3129065554434725,0.9375,0.5632157370650016
caa9bc43a9fe8cf9c564ddd8a03cc4a6,13,9.10769427910053,7.217893263312424,0.9285714285714286,0.7925050009501702
2d518637f53161b973e01f56ea4bb88e,13,13.663798967236467,6.677108374362995,1.0,0.48867144418427105
5abb8ea023c77787f2c15da891c8d384,13,19.6782719017094,10.951126591611384,0.7692307692307693,0.5565085514780436
5f67c6082caacb26e431a7b17940cece,13,22.20229083994709,12.035471722234863,0.7142857142857143,0.5420824278447992
d101c6da914ae3d53f7bee42283f2fe2,13,13.837443576388889,7.793886368469417,0.9375,0.5632461173513498
8629c241b3622ac12cd4118afdc8d394,13,15.116361289173788,8.495389196036358,0.9230769230769231,0.5619996131027039
596849622429351f47b32e6cae1055ff,13,5.483386752136752,3.0193511738836283,1.0,0.5506361871533236
2f74af7a0ee5636f12c2336f9fffed47,13,9.696574964387464,6.437475253527146,1.0,0.6638916604233981
6e864f5c4669eff3d98140a07cc50202,13,9.844045584045585,6.556076886189229,0.9230769230769231,0.6659941616701548
5b07547f10dd980738a1a27f685af669,13,6.200850694444445,2.5800062090159943,0.8571428571428571,0.4160729448505365
655220df33262c7e0c4949a147366f94,13,12.130904320987655,13.923150040538287,0.8666666666666667,1.1477421362931592
c3acdfac4e3e97ff87529454fbc03642,12,11.161102430555557,6.053320028640483,0.9166666666666666,0.5423586125388845
2c4c47cb51acd5ea5db5e0ae0e26542a,12,10.8107237654321,2.9875579139022337,1.0,0.2763513321332952
5b51032eddd242adc84c38acab88f23d,12,11.863262235449735,5.16689397370278,1.0,0.43553736494697853
cfd7ddab722b902f7ac5b5f3ba6d723d,12,6.172175035612535,4.239449246629772,1.0,0.6868647149779095
5b85809efd0d0e4dea1a9544e1280ed9,12,7.376674107142857,4.062944104123139,1.0,0.5507826488076758
1d503743d2526f03f0c2c89540ee008c,12,8.949377723311546,7.440691453286841,0.9411764705882353,0.8314199806211281
1d29dfba02015238dfbe2449a5eaa361,12,15.374400077160495,19.015348264395506,0.9166666666666666,1.2368188787179955
cd3d09fbe6e3e9ff0c0ac0c300e93ae7,12,11.708241705246913,8.154463188434804,0.9166666666666666,0.6964720573525977
1c5e4e49b9079480255b49d50aac1aa9,12,8.798226273148147,3.3461807690544543,1.0,0.38032447281639836
40db9e9aa57f7bb151bcda6b0f9bdbb7,12,14.77563175154321,5.041570378558407,0.9166666666666666,0.34120844802672146
557f22c76691849db52d2abccf0015d0,12,14.304740918803418,5.203481429801605,1.0,0.3637592221584166
6b333a05bf188ef3e1f1662a86bd9855,12,10.187579237891738,7.302038426290572,0.9230769230769231,0.7167589331851605
ccb83a794700270fde70898fe9ff368b,12,16.59214988425926,12.52669043352811,0.8333333333333334,0.754976933122573
8476243f92442881ddd5b578975cf115,12,17.33558063271605,13.442490369427006,0.9166666666666666,0.7754277548718543
4324dd16853115efb0fd9d0d131ba6f4,12,12.7675379372428,7.834377895078314,0.9444444444444444,0.6136169662144101
1dcfa3835714681d4ba4a93bc1e0fd41,12,15.82355076058201,6.100684603225747,1.0,0.38554460345418423
968268a686aa05d1f529fb07dff08130,12,9.403155864197531,7.060255897013234,1.0,0.7508389735296341
9906e7aa42a3c067b7c9a564d01c4320,12,16.24080005787037,13.350294659787822,0.875,0.8220219824280274
21e83881401b92b49fb09a16d3852291,12,10.997335292022793,4.30183776383184,1.0,0.39117092000934917
97512d3fc193b2d1dfcdba0f9d1f0f8a,12,7.993189102564102,5.333245869008285,0.9230769230769231,0.6672237827198977
257e61d3251fb5efb9daadddbc2cf7ca,12,8.095081018518519,3.8675505738681903,1.0,0.4777655177286899
c510bc1718f0f2961eaa42a23330681a,12,6.957580054012346,5.127054723070213,1.0,0.736902009501638
a1474fd46fd3430168f7ec202da39408,12,15.817856316137567,11.634596700625508,0.8571428571428571,0.735535616716644
6d22a1fcebb6dd08c9cd90b92a93e8d0,12,15.908391203703703,7.0917672728879735,1.0,0.4457878349909391
7357b52d27cbaa90f81a96cbc1279396,12,9.850832368827161,14.104892889576274,0.9166666666666666,1.431847823764724
e64d65bc8dbec2accda90c58de5d1246,12,13.493086419753086,8.349197954510876,0.6666666666666666,0.618775993481235
e2c92f9c1c7746d899d18f2e158bbff7,12,9.151562499999999,3.672324029906063,1.0,0.4012783642034968
08d0949a9a17c027262db1f3c450c26c,12,14.330144675925924,5.05064682598371,1.0,0.3524491161954978
49e7217cfe4e427191c378ec626d8737,12,16.129328703703703,5.206847386442259,1.0,0.32281860467302864
e256a62e0ac58c0edfba09966142d561,12,8.297404927248676,4.5796694732827605,1.0,0.5519399756233575
bbaff50f3b708fda865918715276cd87,12,8.590279224537037,7.052533710641496,0.875,0.8209900430822823
c37b2059d4f90d4feead554e5246565e,12,20.022840711805554,9.860654366845784,0.5625,0.49247029973283957
ec80e49e69745ab6c14f984bf2149423,12,12.847035108024691,11.115936480798894,0.8333333333333334,0.8652530632422344
2059c39f76271d4ca3f15b5ffaccc8b8,12,9.585923032407408,3.5263440129105263,1.0,0.36786692329876974
bd15ee794d5e640d9dd71b665b2ab15b,12,14.46503375771605,10.92821230130469,0.8333333333333334,0.7554916555569929
bd1d49a326abfa9b1036772e40445430,12,11.991891915954415,7.874725094152345,0.9230769230769231,0.6566707863398558
26d6bbee02420494d471c9f6436929c0,12,7.9719079415954415,5.031390990526097,1.0,0.6311401269793325
26e2c91ef821e1ff8985f408788fe35b,12,24.875859788359787,22.572947573666198,0.6428571428571429,0.9074238143209348
ecccfa2bb93b34a3bf033cc5d1dcdc69,12,35.13316116898148,15.86720996546956,0.75,0.451630580270086
0a85ebe4e328db81ac9109781205e2f7,12,5.248940007716049,2.897895097697954,0.9166666666666666,0.5520914876980855
e1dc0754bada9ee4cfe9713f22f61292,12,8.281831597222222,3.1263973984079154,1.0,0.3775007209101581
70849ca4f400aaabb62cb7462a6f1428,12,10.915981867283952,9.962416962540894,0.8333333333333334,0.9126450633267388
02c988090b766852e088c69d7fb3b551,12,8.518108362268519,5.614295544850726,1.0,0.6591012119216034
5d9dc90a686a8fddacffab6bab5653a3,12,8.628353587962962,6.88381398817432,0.9166666666666666,0.7978131538069588
2addf05f476d0637864454e93ba673d5,12,10.398473186728395,4.006294786466533,1.0,0.38527721469530546
62c50c1af4dfdc4149d25c5222043d39,12,13.530853077342048,4.506319257147416,1.0,0.3330402917975236
f52c2422904463fdd7741f99045fecb6,12,5.532022792022792,3.090142208216863,0.9230769230769231,0.5585917347760869
3969863bb8af7f72580b3b1ffd3a17b3,12,9.84073985042735,3.605351123684338,1.0,0.3663699252783082
abc015ebac1d283a323ca9db35ede4b9,12,11.109822827635327,7.102547198892678,1.0,0.6393033722576853
0747d5bb69f0586cc869d8af4c50f93e,12,14.296866096866097,10.59611047220851,0.9230769230769231,0.7411491721623664
54065e9aef7e9e9c2dc23b7594db021a,12,12.422222222222222,6.463756200403002,1.0,0.5203381556675046
da6a60cc8cc724fe51be021ff8be779c,12,7.7056160968660965,3.1608652769157866,1.0,0.4102027971781935
5b0cc932433fa5184b5b94bfe6bcc256,12,11.721945806100218,4.257587148630939,0.7647058823529411,0.36321505141366955
41ab63a91b8b264e8c8780368bf1dd5b,12,17.693314636752138,8.690999015240848,1.0,0.49120242270422915
acadd4d36859671cb635527c6c977533,12,17.891220100308644,21.506883009742886,0.8333333333333334,1.2020914666055598
d93844a9c55ba7ce353388bcf849ea56,12,16.205006613756613,5.712521854443818,0.8571428571428571,0.35251586072136454
985c92cc412091f8529c12d7f23d3fef,12,7.550009645061729,4.308015980474989,0.9166666666666666,0.5705974141758553
08084d990eb3f53af056ccbc1730c8a7,12,8.503523341049382,3.805901037659992,1.0,0.44756754171387064
0887a9f087bcd5d9f6642b52f897fc6c,12,14.240796682098766,9.61973428720958,0.9166666666666666,0.6755053458000674
d6ab728cf30867cf3f1a2e216ae2f9b7,12,11.288458167989418,9.188042494568466,1.0,0.8139324571909136
d1c7fa84e48cfa21a0e595167c1c500e,12,11.879826388888889,5.277931895004971,1.0,0.44427685407434747
1660ad786c27fd935378b6192a90b417,12,8.91480146011396,4.509049227437039,0.9230769230769231,0.5057935667564939
b8630e1121437d41cb08e3c749c2c2e2,12,11.137473958333333,6.0569927425737955,0.8333333333333334,0.5438390038202338
0249d282d911d23cb8b869ab49c99f53,11,10.258965698653197,7.684215785302337,0.8181818181818182,0.749024415425341
e627629ba868740e287800f1a9be81c2,11,6.900215698653199,3.7177859759352683,1.0,0.5387927187060131
6f83d9e4da896daae20b9b6b2d3ff8d2,11,15.023242845117846,12.977160257388649,1.0,0.8638055306152413
f08a5b9dd6767129688d001acafc21e5,11,19.10467399691358,5.988997526267955,0.7777777777777778,0.3134833668051858
bc07d855eac23aab5ac8a120f21d16b2,11,12.699539930555554,9.081427391083468,0.8333333333333334,0.7150989280511827
4be6b962d83299498bae2190f95d6566,11,7.3586101466049385,6.755872398805471,0.9166666666666666,0.918090816636406
7b7f91e98f8c6def45a1407923304402,11,13.634766865079365,9.45334475540129,0.9285714285714286,0.6933264682077322
4ba52dfeba874da5b9ee7b17c7494f04,11,10.621666666666668,5.4048002388418555,0.9090909090909091,0.5088467194892693
7a2d2949aea47fab95fd98d6c9f618b1,11,10.96522087191358,6.191817867846846,1.0,0.5646778975247664
723cd880edaacdb998898b67c8f9da30,11,9.650000964506173,5.302305996615452,0.9166666666666666,0.5494617063892481
77fccaae319668a8ab6cd0fd16aec48c,11,8.95499324845679,6.137283998754033,1.0,0.6853476969188859
7586919161935337bf6b6d7ff5779648,11,15.853189943415638,15.094874265334635,0.8888888888888888,0.9521663664670872
a23266650e7c84bb93fbbba502137478,11,10.540355902777778,4.880362799623274,1.0,0.46301688905372884
a369d693961cb93b61ca2cc518872a85,11,10.362204861111111,4.143159213447087,1.0,0.39983374860655163
cb6c9f5888a7a090c75beaf615925792,11,10.160455597643098,4.668848292081407,0.9090909090909091,0.4595117066565825
334cab711dee080b079fa5779b584783,11,6.984309561965812,5.352689559454167,1.0,0.7663877885085598
bc302730ea8cf49b5c74f579febb5bbf,11,11.243857323232323,7.0279831435370355,0.9090909090909091,0.6250509003716768
5011f0d93373a4c5753adf58ca77af8d,11,14.980320767195767,15.502748784671843,0.8095238095238095,1.034874287780279
512d298ac2a96d1931b6bd30aa21f61d,11,10.060541087962962,7.482774768324966,1.0,0.7437745845775442
cb5df0dcb9e280b1780e9d589889f2c7,11,20.691591435185185,10.950296626333023,0.8333333333333334,0.52921480982427
cb41bfbcbda0aea354a834ab222f9a59,11,37.56390677609427,53.180882323208436,0.6363636363636364,1.4157441780537277
04aa0a1c5ce6b222003403a3e11c3cc0,11,16.365153867102396,8.449667030616277,0.8823529411764706,0.5163206590805107
3f8034bfc6b8b4135534975d49f04c63,11,10.538574735449737,3.161260534610641,1.0,0.29997040529368446
403aa86912527d730337ffcb0fb096ab,11,10.995046296296296,4.397932823810465,1.0,0.3999922060620989
89f69225956f951295ca4c7fb1266553,11,9.75869212962963,3.6158643267829245,0.9166666666666666,0.37052755417955346
1cbd32d00d01bb8087a5eb088612fd9c,11,12.195066550925924,6.460877761471855,0.9166666666666666,0.5297943832033706
165b1235e9e9942cb5fae67103576fb0,11,7.1597316261574075,2.5271394619977503,0.9375,0.3529656688199155
47efca563408aae19bb7206c2d969ea9,11,13.789200336700338,7.017546623138244,1.0,0.5089161410223949
d9e7e7778b32987280a6f2cb9a39c57d,11,18.99755965099715,8.659272545158966,0.6923076923076923,0.45580973052528123
c4fabeea6e569d42d02993bb1f4f1cbc,11,21.726757154882154,9.761194599161573,0.9090909090909091,0.4492706633381855
141440cad9341e553f8401c574a2aa38,11,6.876103395061729,1.6327626369038566,1.0,0.23745463718251705
9df5750209b83567ec144eb299d7d634,11,14.06586595117845,10.18203803620659,0.9090909090909091,0.7238827720630687
788e857f317e53de488d393e65a80f45,11,7.407333754208754,4.593545049333295,1.0,0.6201347477725438
c5f7feb04a6a1fb3596322bfc3cf1917,11,10.024396043771043,9.746263210210849,0.9090909090909091,0.972254404919185
659e8466eb3ff1b0e8740d74fb7bbedd,11,9.770508432539682,3.599982555066209,1.0,0.36845396326324575
66fd84ee7528c0c0de85d0f44a73d5ab,11,14.563925264550264,10.594950990196866,0.9523809523809523,0.7274790825785001
670a9dda115b5a88b18cfadee8de2332,11,12.298190235690235,5.883030218574778,1.0,0.4783655241810945
f0e103c63864d5405b958d984b6e94c9,11,8.819280303030304,6.053767569175314,1.0,0.6864242161682104
d4ffeb15b67e81ff9af2b4252d99fb7e,11,8.978477044753086,3.6032657135121795,1.0,0.40132259575335044
17908cf9b444ee34047cadd5c0f4a516,11,18.88040298821549,13.21003470911922,0.9090909090909091,0.6996691075590112
1b7e5006cb25dd23ce8686691013b121,11,15.486682449494948,5.842844640048374,0.8181818181818182,0.3772818780977149
d4e4b5192cba4e0e66eb12a9d347239d,11,13.376001683501682,7.57824199220174,1.0,0.5665551015554181
4677a5437afda5fa7140b927b07be1cc,11,12.510571338383839,4.594201430962223,0.9090909090909091,0.36722554923344686
31ae0774c17fabd06ff707cc5bde005f,11,11.775554503367005,7.837134164745301,0.9090909090909091,0.6655426852726481
082e0bf4cb865a6533b1e8e498cc0255,11,13.150716082930758,10.670657439239081,0.8695652173913043,0.8114126540294851
6ddc28b61be28373b4503a1f61cf98a9,11,6.850078914141414,6.122272887615527,0.9090909090909091,0.8937521690409445
9803a40e82e45418ab7fb84091af5231,11,15.709532536008233,6.737272465550822,1.0,0.42886524154096517
817f85dbb65aa3e70831d90fe75cdf89,11,18.119800084175083,11.143726873367218,1.0,0.6150027495667342
236585a4ddb5fea9fa40233e2249ed91,11,13.136474116161617,6.2668344672700576,0.9090909090909091,0.4770560511027887
d1b9d4be4b6f9ebd85f8acd6745ba612,11,10.813234427609428,5.547756149738357,1.0,0.5130524254216919
39c763cca83e654764b7a4a650fb9b7c,11,13.490741792929294,11.792726738511158,0.8181818181818182,0.8741347895852479
63a79f5a7eb5cb48a7e5787b141c7993,11,6.365419823232323,1.7290620300215378,1.0,0.2716336200969585
b080809eaacb49e5ca07290981472431,11,10.537906144781145,7.341670380606506,1.0,0.6966915703877699
b55638ad525e906c698fa2ce742c1742,11,22.67656732253086,9.029222750756817,0.8333333333333334,0.39817414259986394
058cb5aeb36d7c0fcae20fc85d5e0a59,11,9.675294174382715,5.883208015134202,0.9166666666666666,0.608065027181414
d17f467e4bf608a510c20d82f4ba3b6b,11,12.06053451178451,5.961294314717161,0.8181818181818182,0.4942811041162645
91f0eec23d4a61d7d7caeefa3f0ad1ca,11,26.144559132996633,23.976788084190538,0.7272727272727273,0.9170851939870661
c9a06ece156bb057372c68718ec8909b,11,11.487320075757577,6.7477911850600805,1.0,0.5874121327306248
014d9a685fd57276679edd00e07089e5,11,8.83783275462963,3.492048236090649,1.0,0.3951249512230661
d4910f1cdcfdabd48d6b316e395d4a23,11,6.035258487654321,2.2752934825697437,0.9166666666666666,0.37700017111513395
8e2b3afb420011ef0c88c9d5f11ea526,11,10.559795875420875,8.6466614368734,0.9090909090909091,0.8188284640046393
87b740daf17b5d1be335a64164ec6842,11,18.169685395622896,10.308541802773147,0.9090909090909091,0.5673483925735164
eb4df17aed01d918c65f0f8d650900c0,11,12.899521254208754,7.456843381109254,0.7272727272727273,0.578071327932135
8ca1551acf9832a4cf467bbbac15851f,11,15.862967785493828,14.527299827076654,0.8333333333333334,0.9157996172923833
5b581417df4480f632484ba681e53944,11,20.34359085648148,11.74065624561761,0.6666666666666666,0.5771181856951783
ff4e2d38692ce827b1a4f4b8196e680d,11,9.210698653198653,6.971694296109596,1.0,0.7569126467608942
b127efdabeffb5d559349c7b172eb75d,10,9.848835648148148,5.338269346214455,0.9,0.5420203501129798
b16d3dadc47d4eb18be3d88bad0775ce,10,6.5302640993266,1.4465336596404208,0.9090909090909091,0.2215122754054598
01bcc9d254a0143f0ce9791b960b2a47,10,12.787733796296298,7.928428549855672,1.0,0.6200026272170271
fdaaf5bfda82b7b80535610c831b8d09,10,11.031408950617283,10.37954952802331,0.8,0.9409087791494215
ffad1e7127fb622cb64a900751590acd,10,8.469956790123456,3.660809840414523,1.0,0.43221115893805684
5b2e94f2c22b39ccc24d34ad0f669672,10,9.983612268518518,5.599525491383723,0.9,0.5608716906044914
5a6a02f419701fc8c605af71d4fc57a4,10,5.259986321548822,3.4126135558791666,0.9090909090909091,0.6487875342752432
5ab05b6d86d417796c69ffd6774ec832,10,12.587885802469136,12.051134693674983,0.9166666666666666,0.9573597093890963
f8201cab383e484733266d1906e2fdfa,10,13.045797453703704,5.7813439016569275,0.8,0.443157570257662
acb6c2ca5c82411c1fdb88d5fd5eb95e,10,9.944088804713804,5.023707154600643,1.0,0.5051953228956736
ad273c9eb54ecb4532de4bf75bae9e4e,10,11.928710016835016,5.001291824517057,1.0,0.41926510221631025
1b1ae47a313a825a7ccceb8e2e30fa9d,10,10.654221064814815,4.139871750704881,1.0,0.38856634619462327
851773c885feb5e2da3b4f82bc2b17ce,10,16.660394675925925,14.604933652039978,0.8,0.876625910498023
3fac58ce0ad699020c7944d53c41329c,10,4.105978732638889,3.1432356890563136,0.8125,0.7655265391587097
8603f0038fe0e52fedd3382d266723de,10,21.26354513888889,9.30353051169144,1.0,0.43753430817499084
2d42ebcda99fd55f6f4bc2f1ca035d50,10,9.647195917508418,1.8049878754360607,1.0,0.18709974285483724
b2c97074649f92197d9387d9033dda5f,10,12.046823442760944,5.371529129980008,0.9090909090909091,0.44588759480888823
f44b6f775a2b390380e0e30b5c9d3eee,10,8.694234953703702,4.891351726949635,1.0,0.5625971408635492
226b05fe067266c59c15dae208213d06,10,9.617001262626262,7.173247178433637,1.0,0.7458922987054624
d32e3909cfb714fb2a6cb092c85b9c5f,10,22.167388468013467,12.234490964629176,0.7272727272727273,0.5519139515366454
2f4b0d3b9634b647d4edee577d7ebb7e,10,6.510919612794613,2.160799750027298,1.0,0.33187320356115424
f5f1f2c5f923f36ad79ea1d07185ddc9,10,12.885341961279464,5.506344750306335,0.9090909090909091,0.4273340022215116
3d2531eccfbde1d7c8db7a3a12fb267a,10,9.996932870370369,4.093861031386872,1.0,0.40951170568730666
41b86b552e54e3a7009596125aa8b167,10,15.680195707070707,12.809270166115251,1.0,0.8169075441028544
431050a06a317f2b38168dec3dcd2b46,10,8.922488425925925,4.159803508265667,1.0,0.4662156239035957
6806dad1da97bfb5a9038eac6881f706,10,13.39661789021164,10.527535555311536,0.9285714285714286,0.7858353236307184
6bbcb8924baf70b7fe2fe2097e8cd407,10,11.510225168350168,6.802711545254341,1.0,0.5910146366171753
f435898e493ba0356019a0b1cb8b55b1,10,10.680035686728395,4.808882206895009,1.0,0.45026836500844214
d7485b33791774c36108f8c69602d48d,10,8.889136574074074,9.5055245888804,0.9,1.0693417194875905
68f86ba270525243e68ae74044f992b9,10,10.538973063973064,6.2775397840359215,0.9090909090909091,0.5956500454010427
54583ab379489add547fe47b628db589,10,5.116539351851852,3.025614913397574,1.0,0.5913401041863383
c6a7539d424a8402232c2228d7a03c5e,10,13.75304398148148,7.461299301846396,0.9333333333333333,0.5425198459259681
ade45994b717ccee333492330fbf037b,10,8.410002314814815,3.870877237879065,1.0,0.4602706507060338
2aa3443d7bf9d9bb11133f420d75e083,10,10.573586805555555,6.068222222814166,0.8,0.5739038544258048
aac51c486b672a9850d59f3e84b1cf88,10,4.934210292022792,3.6022089349257316,1.0,0.7300477121434151
1690cada046eb7e92c12f98b1f8a8167,10,7.352841435185185,3.9012819129451946,0.9,0.5305815374008455
c5f7e746b7e6d07def6c0dae9903279b,10,5.398118686868687,2.2272105697853037,1.0,0.4125901446374557
f9903dd0f812c7e771fcad47b6fff231,10,13.250454475308642,5.218774065262707,1.0,0.39385623149662924
5ef131ac72773e5b3f6c0d63cf424657,10,6.272231691919192,2.6388003659505435,1.0,0.42071155779373276
5f26c1408a65b42a7224cd463bdf3292,10,6.427893518518519,2.496052348118761,1.0,0.3883157586428164
615005a3ef192c00c6f0e977cee3d2bc,10,13.398623737373738,10.456684816388094,0.8181818181818182,0.7804297681127141
89a51f50b8095ea78d5768f34c13a76f,10,7.4841866582491585,2.762331513954311,1.0,0.3690890727464202
cac63f48c38cd7d002a7e846dcd99a23,10,7.2265243055555555,4.646365410792962,1.0,0.6429599091254646
b9a03475e6447e631b6799ec8274800f,10,10.671656144781146,5.429005967985147,1.0,0.5087313435075531
9c690ceacd5c66731bf443ea810195cb,10,7.378122106481482,2.9140690028612037,1.0,0.3949607990766746
9d39404483343dd55c7ae254494d8388,10,14.386840277777779,14.642889815863851,0.9,1.017797482500836
9dd59e43f0c9f0553244e8f9c2fb247e,10,13.135447916666667,8.09779656454552,0.9,0.6164842353240793
e9c6969d40e6a3d2d0f90013165c2b98,10,9.087366898148149,3.6351163265114765,1.0,0.4000186596683195
e504a4e2efaa45cbff7e268a2c58c956,10,12.567527356902358,7.765457501747628,0.7272727272727273,0.6178985954212123
0ff83046c3fa22efee8ecf291888b191,10,12.322455808080809,3.7641310125382037,1.0,0.3054692239244847
bb7a14e229b1c95156719c3d9552eeee,10,11.600447916666667,13.80525052625911,0.9,1.1900618515277108
a13580f0e8f782b7a543885a0ef99f08,10,25.04871990740741,7.4389981093935695,0.8,0.2969811685743553
5075aaa8404020ae6aa8bf4792099b41,10,12.410177469135801,4.245473363183982,1.0,0.34209610408412805
26af45f5dfd967225a832838aa4e24a3,10,9.170877525252525,5.334101134782045,1.0,0.5816347585162159
cb9fb4ca75d7ba8437480e8dde64fe98,10,9.250421296296297,4.990566806063525,1.0,0.5394961641435356
cbf09e831b0c11f6f23ffb51004db972,10,5.281611111111111,3.7321511674726513,1.0,0.706631194337878
5f7300535881cef3b625fd683cf7d145,10,9.836594065656566,6.859825585008081,1.0,0.6973781310096389
59cd88080b93f3c18508673122d26169,10,13.627828896604939,10.866838731387292,0.75,0.7974005847765314
59cea8e446d3834393058e7e0666b6fb,10,7.272856481481481,2.8045020076613096,1.0,0.38561217518897506
fe701d88b67eaca109dffd464d1be9f9,10,12.424614583333334,6.857266735491604,0.9,0.5519098149483124
fb3cfbc8a86f5d7fbb4d36b8df63f60d,10,7.461125,1.7807694733354635,1.0,0.23867305176303352
2fdde51ad3e12f297da656d4fbd5d0b5,9,15.266977880658438,5.564670231066353,1.0,0.3644906198571343
fac1a9017ade7bdc94058fc1c969f355,9,7.564819444444444,3.8343375823627865,1.0,0.5068643885715871
2dcf93836ae3ce0d7c93e2f10876467a,9,6.535892168209877,3.3238914468540997,0.8333333333333334,0.5085597132433236
b2eecf5ea250510da76590ca79d60e5d,9,6.134214015151515,2.6773145412862607,1.0,0.4364560047421383
b0b346d3a89f5eb4c2968af3f083cd43,9,23.350222479423866,23.923254397838974,0.5555555555555556,1.0245407476918074
f5f46307a4d15880ca14fab4ad9dfc9b,9,12.918791666666667,8.111543856707502,0.9,0.6278871945614756
05a940b4ecae36cadfd8e93bd9c43257,9,14.254607767489713,8.493278694728374,1.0,0.5958268956441494
1cbd50a8c52e6cf8e315c5709fab386f,9,19.0249537037037,9.11051511890366,0.8888888888888888,0.4788718680103837
3c3017960b2dbd72711a61f0400aab8f,9,12.523006687242798,4.8023284645421604,1.0,0.38348046794818835
3d0cd21d41671c46f82cd11176bf7277,9,12.931214225589228,3.85322590883266,1.0,0.2979786616795518
1e483cc5c76fef08d3ca05f9a8af7d01,9,7.953118055555555,4.186617345333233,1.0,0.5264120708492089
1bb3812d5f0747a3ab7348f199001a10,9,12.761235853909463,5.841073536750556,1.0,0.45772005185227543
8bdd8e3fd58bafa48af76b2c5fd71974,9,10.378738425925926,9.45707143239536,0.8888888888888888,0.9111966256680816
8c5e007d7bd5693fa1386ffefbc99f6c,9,11.912432484567901,8.270918393834124,1.0,0.6943097813606736
8d46553a36e68f95350a200c12f8f2e2,9,17.23615951178451,5.942666798564062,1.0,0.344779055595361
b6dc74ed30f124f95227bed4e43a3bed,9,17.64544560185185,10.370862991829547,0.9,0.5877359646129394
07de60b03d150fb3ea09eab5da5e4c8b,9,13.419634773662551,10.868442803662747,0.8888888888888888,0.8098911026247311
f35b3c613c4f7b2275f4185d0a3c59ec,9,12.80266975308642,10.41085127317065,0.7777777777777778,0.8131781475235539
f326006815956455b2859abd58fe7e39,9,15.518171682098766,5.859704612179042,1.0,0.37760276997957165
6c99c983ce3b6ba0ab813e6790e81691,9,6.133632973251029,2.989854979215746,1.0,0.48745254113746295
d29ba1220fb8634fa3a107e54497b8a4,9,6.488707561728395,2.6861388614598427,1.0,0.41397132416680166
c878515173c84a492ebe50d6b493230b,9,15.808011574074076,10.309527429939624,0.8,0.6521710451457261
d1582f4043306e6b91afa6a8a884f898,9,12.108569958847736,8.291066504271269,0.8888888888888888,0.6847271422182257
6b9b80d53ba3676eafe60268a810b5a1,9,12.04213220164609,5.148758295751268,1.0,0.4275620138971288
ae45df84722b1d15c5f32b23a095746c,9,7.358047839506173,5.39747502483491,1.0,0.7335471503535584
6eb94e1466490d327a09abf8f3552a50,9,8.174558899176954,3.3558397813038088,0.8888888888888888,0.41052242973522246
f12d3c2a14729ae461b920c11fe20fdc,9,4.866111111111111,3.1777891889234047,1.0,0.6530449297935985
b8578d2d823bd8e251f6fdd02b40902d,9,9.916325874485597,2.837874224160464,1.0,0.2861820254881122
b87a7ea0c30fad2dd6781b74a0064859,9,15.243249742798355,14.226857113203934,0.6666666666666666,0.9333217885461325
bafc5aa11e413978be29040f51342e70,9,13.440901491769546,11.539527066195324,0.8888888888888888,0.8585381771647894
0b18d63d0cd1d723567903fd34a07df2,9,6.88448578042328,3.43491781952391,1.0,0.4989360032221201
ef30892870c278497523264be1be2241,9,8.079983281893004,5.087296864888809,1.0,0.6296172513486861
ea65d8b58316a6f2362f2a9e4b3e86ad,9,10.165203993055556,6.410482601877979,1.0,0.6306300007611606
ea6b12bf9ffe2bac34602ec631d97a47,9,16.563964763374486,5.68761937966874,1.0,0.343373066830289
ead2bab70821ea148476ae9bc08548ac,9,7.322022890946503,5.247372256035556,1.0,0.7166560845533274
eb3071b9f0b0ddaa2df5ea130f09f26b,9,8.61685500841751,6.489668920817559,0.9090909090909091,0.7531366043037773
525e75a6fb1454a2325ab1734bcec221,9,6.3476180555555555,4.391901586586315,1.0,0.6918975823919399
9539213aa8e023c01937bef95dc006da,9,11.792710905349795,6.243078616822773,0.6666666666666666,0.5294014808749855
95b293867b5862941c9cd74f756a3c68,9,21.46414480452675,15.99523145885494,0.5555555555555556,0.7452070233649176
d3dcf0604eabf0224fbd5948b5e02f69,9,17.632256944444446,13.06810986177365,0.6666666666666666,0.7411478804414279
1996942dc085d7773ba77a529b163cd0,9,11.793770576131687,6.027600681155476,1.0,0.5110834268180674
1acde099eb406aa220b1169b188b42da,9,12.417634259259259,7.821360848670774,1.0,0.6298591732832479
402916f742e5c740cc751493d9cf5053,9,6.265953703703704,2.0515775713378863,1.0,0.3274166500983293
85cc55e048b6bcc90c75afe7f0e72f72,9,13.153153292181068,13.316713052507552,0.7777777777777778,1.0124350227426995
e8dba4d70f7f2b20e775d09cae01142d,9,8.808996913580247,8.790134010295482,0.8888888888888888,0.9978586775009893
0bebbb2cea103a4a020c95d43fd7d754,9,5.9149704218106995,2.7391499578502607,1.0,0.46308768472450756
508808d438fe2ff972ed13bb8f4a82e2,9,4.517637731481481,3.426293046305703,1.0,0.7584258079016242
7210cd29727d674c00741e5e387b3ccd,9,4.812738603988604,3.31934366919291,0.6923076923076923,0.6896995541045947
a1bea7061f61f6fdd9a85a6325ba1033,9,4.491721965020576,1.9597359965983243,0.8888888888888888,0.4362994886726803
33d677f27a69b84051204ee4ae76eaca,9,9.246046296296296,3.629886360907131,1.0,0.39258794998259533
0ddefe3c7a032b91f4e25b9c3a08fca1,9,8.622295138888889,6.235995982999585,1.0,0.7232408404664267
c0098efcf800861dcae589affca31408,9,11.417037037037037,7.1470507930848814,0.8888888888888888,0.6259987394189703
2379bdc3888025689a9deb7b141507d5,9,18.42511059670782,16.333341309107592,0.6666666666666666,0.8864718191719303
c7fdb77fdbff3c41981bc52f787e959e,9,17.778820496632996,8.19491306636405,0.8181818181818182,0.4609368246850811
c840d3fdbba0790404fdae73d253b253,9,11.619641203703704,5.273258760125517,1.0,0.4538228562896324
973f21788dfab357250f69a8dcb7ddee,9,21.206091617933726,9.415369337586176,0.631578947368421,0.44399361783496755
9449f25aeaf531019b76999ea49a6949,9,13.614467592592591,9.709200563585455,0.7777777777777778,0.7131531583995302
c24173065483e421f9e5e7f599de101d,9,15.815204475308642,5.998625762456172,0.8888888888888888,0.379294859691601
9e6967d3cf386d284251784b18ccb485,9,7.787544191919192,4.103656698189659,0.9090909090909091,0.526951320860285
a0415d9b25ede3c4b1e477e9916ffc03,9,8.927204218106997,4.060549249299418,1.0,0.4548511661762402
e1b12447a7563944843191754aeb5562,9,16.06223726851852,10.484959908487939,0.7,0.652770827202144
7813ea3ebd9411dc600b4dd01f7a97b9,9,13.03318544238683,8.655463609400977,0.8888888888888888,0.6641096029564251
134a288e7de827ec5ec62e3ec9c3a295,9,9.450118312757203,6.636478068465769,1.0,0.7022640192246953
de9727ca376d1be6ec121b110aa7954c,9,11.274775883838384,5.290389267632475,0.9090909090909091,0.46922345261122966
1782ce2db72c3dda627d5e7c898104e1,9,27.23991550925926,51.10205607535459,0.9,1.8759990668100357
daf565f087a52def0fd5c5825b3661bc,9,9.307821502057614,2.8318764781970214,0.8888888888888888,0.3042469688069328
13fa2a6c6b9d0f43cb588d7c82117a12,9,20.52068634259259,14.060480845475434,0.7,0.6851857004554277
c500367424994318b9e779ff1ae9a330,9,16.712573302469135,9.437056598681426,0.8888888888888888,0.5646680752201808
457fe919b032a3f7dadba6fb92cf7855,9,5.955726273148148,3.453104870701911,0.8333333333333334,0.5797957650052692
d9e8c084b68fe958861d8f2c21202e6b,9,11.166696566358025,7.237057308951155,1.0,0.6480929490601797
48fb026ed7455a42f5d3e9390ed5088e,9,11.88611239711934,7.308195053088443,1.0,0.6148515855242646
c64a2aec32cc408a8a4c6d7c46017f91,9,21.510210905349794,6.240547386937179,1.0,0.2901202324048387
7fdb0720c8d7c9075538b365dc8c3a22,9,17.469016203703703,12.78104052504815,0.9,0.7316405443792748
5c3460cd3e8a984382ae254e7dd20d9f,9,9.633430555555556,4.409082569889082,1.0,0.4576856130806262
b18871c324516afa228a13e8f1ef0ae9,9,7.477408917069242,4.235945699205971,0.9130434782608695,0.5664991370922968
f9ec7093df3a7b346b7bcf7864069ca3,9,6.317723765432099,6.515823522938808,0.8888888888888888,1.0313561917016105
5ee7fd217d08dfe5d3e2f51f96a12c9a,9,16.85798739711934,12.974931244959224,0.7777777777777778,0.7696607512695349
5eeb9c756d9780b96283e5a2ac6da334,9,16.608179012345676,14.539672578484616,0.7777777777777778,0.8754525446574584
3f0e48d209018b466fcd3bb4ccfeb520,9,9.822907407407408,4.334223577939707,1.0,0.4412363262908586
01c97ebb5cdac52891c0ed1c37ba0012,9,12.708532986111111,9.40884356939713,1.0,0.740356387293471
fec6275253471ace26d209bbaa64cd0f,9,13.27862384259259,10.23777347878663,1.0,0.7709965731499893
039b29ff3b3473435d0cd59040575de9,9,9.107943672839506,5.922150168105955,1.0,0.6502181371373872
03a2a6dcbe45d639c4dc2a0d24769c40,9,10.4471579218107,8.231493673444369,0.8888888888888888,0.7879170330391337
fe1bbc5feda5c8979a8a1b3b2512d5a6,9,11.625980324074074,6.369643310008514,0.9,0.5478801040819592
fe1b067411b8c5066e962aa146ccee03,8,8.78437210648148,5.1810378228085225,1.0,0.58980172515526
7bcd7c5f8631701474db233ccf1c094b,8,14.234526909722222,8.325846867060417,0.875,0.5849050635728428
ff4ea69c2a729e83e63c7579e4ef8170,8,11.463975694444445,6.861937240672061,1.0,0.5985652293381452
8f580d36c1e9d6fbce95283403c7d447,8,12.273006365740741,7.662588541656481,0.875,0.6243448681853595
1dd33b8119b3cb1056ed5dc88cd0aaf4,8,10.906626157407407,8.172520131280187,0.875,0.7493169760595206
04fdea0c111866e6cf812f1570d6b5bd,8,18.002058738425927,10.276740399794138,0.875,0.5708647299243687
5e105f5c9f63f5f1fd75d6cb942e55b1,8,9.292110821759259,5.033914892110612,0.875,0.5417407291702478
455c5640e8c5bd1b2ee85c0158f85727,8,14.96896701388889,8.463894541281956,1.0,0.5654294336695892
2d2322d842118867781fc737e96d59a1,8,7.23734837962963,6.306446846640114,0.9,0.8713753319365352
49383af7ab774e4e8f3000f49c83dc4b,8,7.984184027777778,2.7991290889917724,1.0,0.3505842399490444
d94ba08b99bedd6a5f6c875ecc4a6fac,8,11.722884516460905,6.597264663471085,1.0,0.5627680332607059
c6218512d16fcac0af02fe92691cf274,8,14.866530671296296,7.154797088476697,0.875,0.4812687806369575
8185694b58b2ba6de20fd41ae608bbea,8,11.058253761574074,3.681559354067931,1.0,0.33292411563757457
ddd51ae8cda92f3995a51fc0f0f3eec7,8,7.034957407407408,4.236951236907327,1.0,0.6022710574545995
9bc484c87d79cd4874e05ca182658045,8,13.12238425925926,11.840189808124785,0.75,0.90228952103504
15fa791d5e017f66402dc28c44480657,8,11.574577546296297,12.586881290152556,0.875,1.0874592389922846
38102b031c2a15e54623d711bfc753d3,8,21.436085648148147,7.42338845426748,1.0,0.3463033585569193
dace965ca58120f92f8d742a9fa1864b,8,8.051372974537037,4.054232232216022,1.0,0.5035454505756697
e0eabded302882513ced4ea3eb0c7059,8,11.449202835648148,8.57763806649623,1.0,0.7491908554357132
c33a5c3c983090c8b78a28e65052a20d,8,11.570222800925926,5.610243562382516,1.0,0.4848863897360341
7b98de631987e26dd6d803490c43a13c,8,10.583616898148147,4.844994782224504,1.0,0.4577825169647108
4d0041cdbe51b4617d95c70b19decc74,8,7.155746527777778,2.7110116392366788,1.0,0.3788579750153036
10ff823eda2b032e2c93d17a7d294736,8,9.76951244212963,4.467496301797137,1.0,0.45728958617542637
e250d617a0ad591ba9bd663e584a895d,8,8.09330787037037,5.566843293009862,1.0,0.6878328839299559
c35affa65afd250151285c5917fc1c8a,8,17.261034432870368,21.35684323592016,0.875,1.2372864047620518
13c2ed7698b3ca92dad49e849219da59,8,11.545720164609055,5.853776898050564,1.0,0.5070083818585929
3d4824f20035949c710eaf111f869d39,8,9.130246913580246,4.993244691399082,0.7777777777777778,0.5468904333761418
8c0de775f52fe41590b376a3b7c50f68,8,6.2137239583333335,6.207652051407732,1.0,0.9990228231948639
2009a095de2a2a41626f6c6d7722678d,8,9.82987750771605,6.778913495377454,1.0,0.6896233946004195
6562efe88ce0826a4ca4f189f03b4b84,8,15.599655671296295,6.449110841702426,0.9,0.4134136661470631
67225bff54a172ff67579aaf583efd78,8,13.427086226851852,7.142152348374111,0.875,0.5319212394786771
07017df32dc5f2f1d2801e579548d620,8,10.179305555555555,4.162805760265407,1.0,0.40894791275751363
297d5eccd19fa9a83b2630071ff105e4,8,6.882055844907407,2.3455518911042788,1.0,0.34082139755374746
34f563c82a85b99ae9e6d60db5fc2e28,8,10.739244791666666,5.344731288666187,1.0,0.497682229276824
3492e68f37fd1df87f4f2f2ea247f445,8,10.19298353909465,5.117886933777175,0.8888888888888888,0.5020990090043598
27a56ff04b34c2ba34ce6ba4d3b9d616,8,12.881733217592593,10.60283696461158,0.875,0.8230908671615149
32fdd5d44ecb43dfd6a24b9369eca144,8,16.070402199074074,7.645680754830514,1.0,0.47576163061252036
a5259c149128e82c9d6d46e0c1c812bb,8,19.34989728009259,10.93958427343347,1.0,0.56535619363149
3a490ba60afa30ece0e7d50cfe74a4f0,8,11.933512731481482,5.753636108510887,1.0,0.48214102904774825
4091f77d8c768fc3e81c20761471761d,8,18.032364004629628,14.968305607517495,0.75,0.8300800496082784
1976a05ecf2996d6ffb7b5430e635fe7,8,16.67528034979424,9.023287614708886,0.7777777777777778,0.541117595952156
ba6b4a237f92479743cf0ca06b67a9ac,8,12.598758680555555,11.063237463465056,0.875,0.8781212295572924
b81e3a6c866a764974fe849821abeebd,8,5.752156986531987,3.687996148631566,1.0,0.6411501211226648
bd149ed516d4c5d418d5781f8e18919f,8,8.932146347736627,5.641896102936372,1.0,0.6316394608073129
eb72802c83dc7547529c9546d1a9b8ef,8,6.2112832754629625,4.601007884170115,1.0,0.7407499674577595
0aea4c6ae1505b3228ddf3dd7822ee5b,8,18.434872685185184,16.49386054871566,0.75,0.8947097617859124
ec933281fb017b5020d06df29c3f77e8,8,9.476841724537037,6.351345669209801,1.0,0.6701964487562524
70b52a4cfc823994561b00bad161b4ed,8,12.360554398148148,5.752095354492047,1.0,0.46535900973453287
4eb61f060e7dcc1d5a80d806c35cc541,8,6.202073206018518,4.801128671162905,1.0,0.7741167367234346
293dee954235e4e4e43f129313625ebe,8,14.440222800925927,3.146545732580509,1.0,0.21790146703129457
a1544b9ea0b2390e020537d4daa89049,8,10.917319155092592,7.3051163295386505,1.0,0.6691309675719281
a478c7961d6a992065b24e63b366f90b,8,10.556203703703703,4.416224502718717,1.0,0.4183534750441828
e83c76265fc54bf41eac728805e4da77,8,32.602546296296296,63.114308379819434,0.875,1.9358705239225233
e88c9b79e592e370d6bd852eeefbf057,8,8.4257137345679,3.1926090630105395,1.0,0.37891259584482756
e8a85b5f3df47be0984c55fd4064dbb4,8,10.408761574074074,6.347221301944297,0.8571428571428571,0.6097960124049554
a2fa0bdc798ee84cdb08281337cf4fb6,8,19.99129208754209,7.301550655039582,1.0,0.3652365551494126
a36ac007a4d18f865c8d32c3b2402c2d,8,9.652709780092593,3.2158520217417155,1.0,0.33315536206982777
4e8dacf3d38f281ae26c3e0321d92d88,8,13.565163323045267,8.616302220596351,0.7777777777777778,0.6351786569320909
81783131d2a97c8d44d406a4be81b5d9,8,7.282520576131688,3.485866478303652,0.8888888888888888,0.4786620843514686
c7a0a13cbcf29d5ce51c8f80afdc0b89,8,10.247235082304526,7.358551592496563,1.0,0.718101178844204
41b14765bd56c8ad10971074380f9c0c,8,7.071449074074074,3.1238907014174395,1.0,0.4417610405865049
3968920b9aa752ab98f7d5888c9252f2,8,8.558229166666667,8.973421328942607,0.9,1.0485137934717927
439a47cc365d6e3bd526812ea9de3c29,8,8.546376424501425,6.105197612296235,0.8461538461538461,0.7143609535841849
c1ed9e3daf6154542826a6996af0fb8c,8,18.098057725694446,7.120722977439626,0.6875,0.39345232982266853
a06c8ff043abea0528ee44171e2140a2,8,3.879386574074074,2.5940666880975676,1.0,0.6686796065732933
034b9387752bfa309f350a70cd45ffa3,8,8.508582175925927,3.4220922882536304,1.0,0.402193011420405
579891617139df7d8671d373f0669622,8,18.420879629629628,11.279751588015491,0.75,0.6123351226872049
57fe6232e67823593374a2281d7a8af8,8,9.581882233796296,4.602413506505744,1.0,0.48032457446330873
538caafddff204241cecbf3a02e6b3cf,8,17.311448206018518,9.347200614213415,0.5,0.5399433082070948
c990d6cf976a5718aaedc539f383ab88,8,21.001264146090534,16.488241697542914,0.5555555555555556,0.7851071051173967
3d39fbf22a665714baf62fae36029e23,8,8.57480179398148,6.794006487219508,1.0,0.792322277581753
9198786624eaeb375793215cad26cfa6,8,12.382560442386831,6.093212840107951,1.0,0.49208020170450617
b5abf4f36adc043117b4fca82c22984c,8,21.20098636831276,12.882863230295053,0.6666666666666666,0.6076539556456643
89de2d6f23e9746ff309705b23581faa,8,9.644796006944444,1.5584163994522733,1.0,0.16158106385352086
8a9260f2b0340411d6d2a56bcf4f7378,8,9.192312242798355,7.290407356102934,0.8888888888888888,0.7930983155858904
ffff564a4f9085cd26170f4732393726,8,12.49623263888889,5.036316051522231,1.0,0.40302675190672815
577719699805dd125d5b6fdde5943bba,8,10.283478009259259,8.598977167247638,0.875,0.8361934706823028
b3f19518fcec265b2e97af287725f981,8,10.665917245370371,4.192544011310785,1.0,0.39307861807483957
55dedd83e501d8248880557d9073cbfd,8,4.488298611111111,2.754773340812152,1.0,0.6137678393305893
404e1ba01358af4cd63f679b2c4d1fa1,8,7.705353009259259,4.435096164042705,1.0,0.575586369464605
406740ee611378a662d274c7d8c43c4a,8,16.01571296296296,5.58721590809396,0.8,0.3488583943165466
3e8bd881d92466e63ba9e3e809cd3c50,8,14.945583847736625,7.824143434063864,0.5555555555555556,0.5235087176101696
3d621842b2ed28e2b474132480edac3c,8,9.898842592592594,7.2491853540783735,1.0,0.7323265610368442
d0d70d21e2234dd7cd3cf63fe414148a,8,8.988106995884774,1.6207374277660083,1.0,0.18032021965337827
c8cc60ffd415254af5d9b9f34f32c369,8,4.984198816872428,5.458522113303081,1.0,1.0951654044828594
f1b93673502375d491780bb49d615dbc,8,12.992782407407407,8.454868275950565,0.8,0.6507357708946392
f205b1a3ca9a34e0f8a228bae6e4c7b3,8,8.596142939814815,3.242251434287721,1.0,0.3771751420361523
f22a247b79dd22ecd91dc8e3b2a1b07c,8,18.033972800925923,28.3452375740865,0.75,1.5717688990099377
92d14edfb62ee5ae7fdff70b0f4e7233,8,7.015035612535613,4.5067872600273065,1.0,0.6424468112426746
6e0908ef4d4efadbc3cc2b74ea477cb0,8,11.283656355218854,7.481370762569082,0.9090909090909091,0.6630271719599862
6b89abe95848c850399130d149a39b63,8,11.262706886574074,5.918100289925998,1.0,0.5254598516614849
ae8bfdbf1c2a2a2dee92d799db0a31c6,8,8.8746875,2.9974846004281415,1.0,0.33775663654952826
b8114f2f589a6804810f04f99b36b498,8,5.398903619528619,2.1463918869138134,1.0,0.3975606971663658
f25e239052084705e17a982bc600ab2a,8,12.39517505787037,7.1437002123054025,1.0,0.5763291102346698
4cf490a58259286ada5ba8525ba9e84a,7,24.765550595238096,8.497873599161437,1.0,0.3431328355282116
c447f8dd3ed213f291d65ef074a268eb,7,12.454298321759259,7.335000935903464,1.0,0.5889533674561397
4c61e37f664c3c88aff092aa5ac779d7,7,16.80345920138889,7.089348354476898,0.625,0.4218981502267657
5b35136197710e16ac5e7b7c2bd4ea85,7,19.985843621399177,11.392190433185851,0.6666666666666666,0.5700129876423151
ff1e15b778c700abdd4d239b81ac466d,7,7.551547619047619,3.828267745603598,1.0,0.5069514142965054
8f2b51a30523cdecddc2f179f351c7d6,7,13.104777199074075,5.8677426379771385,1.0,0.44775600140624494
3ea00e1dea2b0659dbaf654735929220,7,11.446294642857143,6.058095127294677,1.0,0.5292625531944631
fa14641f57b655e933124a9ea49cd7a5,7,6.980003306878308,4.440057607125451,1.0,0.6361111036652494
5acd070dd3fe441bbb2ec1f1ede515ee,7,23.23549045138889,23.98980328255891,0.625,1.0324638222183482
5c030029b5916fed0986310385ec9009,7,5.369206018518518,2.894738630741729,1.0,0.5391371872782879
c42fd8e4d47dfb18ce5222f2dd7752f9,7,34.291219486531986,20.537408426465397,0.5454545454545454,0.5989115795234855
9c7fd21e0aa159b20da593371f08ff7c,7,6.7072540509259255,4.505553812209674,0.875,0.6717434255509808
7d7d2b7a51328016102d4528c411d630,7,10.281992394179895,2.9422880019509043,0.8571428571428571,0.28615932488107865
48985c61529077fa4f1e38bcff0f2ed3,7,10.342812499999999,3.5019293331010806,1.0,0.33858578922329696
7daca0837f033a41a6f3428c18657533,7,14.333244047619049,6.1771777935362255,0.7142857142857143,0.43096857717721904
13f57c12a00ed4610db646b913a7f5c6,7,12.88323896011396,10.023232560216707,0.8461538461538461,0.7780056390515049
dc7192adf8ba09569261f4a8d576afe0,7,6.325257523148148,1.8362739034244366,1.0,0.2903081647987201
de66a66f2dd06bb9ec37aa96987466a3,7,14.724639756944445,4.501185188723657,1.0,0.30569068330522686
78a4d36f65a019172c6154468831a69f,7,15.5092791005291,13.36239574303522,0.8571428571428571,0.8615742650849169
37dd29b36c458d82f74a953c40c43645,7,18.83377170138889,5.97178335253417,0.875,0.31707846135215617
35fb511489d9ee3ee27a76debce9df06,7,16.808877314814815,7.378547167478252,0.8571428571428571,0.43896728075795
fa3a0b5aabb344b9a92e3524b0202123,7,11.636570767195767,7.053770763239529,0.8571428571428571,0.6061726349075758
06532f10282704ef4c69168b914b77be,7,16.55254195601852,8.656628469225476,1.0,0.5229787963822631
f805b96fa705ba7995a221f1749dc141,7,12.984732142857142,6.042001743734799,1.0,0.46531585536467795
fadb07c842a2aef5d5a676b85f220e71,7,6.430039682539683,2.3174128617652596,1.0,0.36040413063982013
2c3d56f92f360fb89d849b84e8f50eae,7,13.617607473544975,8.419213168663942,0.7142857142857143,0.6182593517267999
5fd924b4836098a5be0ecf81ba054ce0,7,7.734107349537037,3.5825880952959404,1.0,0.46321933914072105
1b45169b635ef59425637e9a33eb5fb3,7,7.7693084490740745,1.8059094512543126,1.0,0.23244146671375057
d594982fd877af63ace38ea1fca27c76,7,8.089442791005292,2.399552939690925,1.0,0.2966277161090755
d5b9a084373da994a6e37f732169a853,7,17.875863095238095,9.299658422510616,0.7142857142857143,0.5202354914537205
b248792ac0b60ec3f93d80af1b4fae47,7,6.319003343621399,2.9179383736471496,0.7777777777777778,0.4617719306308974
184a67a8f9f63234d3a92340bbdb727f,7,16.158923611111113,6.2650090785706345,1.0,0.38771203016658373
7ecef8194babfec876ca720714327841,7,9.12423755787037,6.991279581475612,0.875,0.766231648083854
3985a3c45be355a4c57fde108bfabd1c,7,10.95529369212963,5.530559934797101,1.0,0.5048299105637213
c54679b132454625907c773d273d4126,7,6.140862268518519,1.7077851698961208,1.0,0.278101852023482
e3dd723429d1b23614b7fa85e2c7a853,7,13.411779513888888,3.483028301563227,0.75,0.25969919188995716
e4ebd3f87bf70440014f07ddda7fbe03,7,17.889925595238093,10.048621806927539,0.8571428571428571,0.561691648935771
e58a5b390e28abc0b216cfb0e07d27d7,7,7.598201058201058,2.7475693741378158,1.0,0.3616078796930819
79565f7d5603b24ddf07ade262547f2f,7,13.240676256613757,10.951002363686438,0.7142857142857143,0.8270727379363558
70bf57d811208f8923b41bbd499a67a4,7,4.817481812169312,3.2397514455045378,1.0,0.6724989469229937
4ef4c39cf3c24f326434cf0b2e48046a,7,13.790258969907407,7.799355998921577,0.875,0.5655699444035853
39d61be7a92eb77b7da367bd4845bc0e,7,10.633196097883598,4.61447789753453,1.0,0.4339690395113641
3076499bbc033a927bf4a8a41bcf7fd4,7,7.121721965020577,3.0656320395803123,1.0,0.4304621908349738
87e24fc7052259b1f7f607d61c10d8be,7,15.341284722222223,6.365978816037674,0.8571428571428571,0.4149573475301191
26bad72add1f86e08a776ce4ffdaf1ca,7,10.942886904761906,5.032251793549141,1.0,0.45986510116990303
bd4431c1a8dfa744b59e1e2a8bc99b9e,7,7.122043650793651,1.6268681765839115,1.0,0.22842715607375141
3faf68a3b0af94b10bac70d86077be49,7,16.159052579365078,8.34680551039705,1.0,0.5165405254671814
86ff3eaef0267069cc891a2ed9d10a17,7,8.963817791005292,4.380566654184099,1.0,0.4886942992727676
d2f3e277560ed4c6361284429b00f037,7,8.06350033068783,2.7643572097814832,1.0,0.34282347571326743
4d600e08ecbe08258c79e536c5a42fee,7,12.936089616402116,6.6996664300773245,1.0,0.5179050724557895
94b9108d4b637ba65bb4f1e53cfcf8d8,7,16.451164641203704,19.82225845249773,0.875,1.2049152072097535
7354220fb240bde543b3c40c060d41e7,7,11.098485449735449,5.432824982848041,1.0,0.48951048388116253
9a03a4e9eb0b947652fae4f6121a3f5e,7,13.86299107142857,4.994554436547428,0.8571428571428571,0.3602797124237593
9a1aea68d3efa00862ec88c0768037d0,7,13.29107494212963,6.209434882061603,1.0,0.46718831314231274
20a8b0dc55da94fe74d112082427c84f,7,8.23525462962963,4.84695541448059,0.8571428571428571,0.5885616938961091
38e6dada03429a47197d5d584d793b41,7,12.767726658950616,5.600450421970494,0.5833333333333334,0.4386411591952734
20b54c376b794ed028df09a3cd88e8dc,7,21.161888227513227,10.262625935637235,0.7142857142857143,0.4849579501272706
c03121937e54a93fcc1825c3098bbb6e,7,11.15910052910053,5.455575755156509,1.0,0.48889027757475106
8378eb36b6b70c5734e83ad7b8cdc3b7,7,19.922323717948718,11.20355606457753,0.7692307692307693,0.5623619123548251
a414555ce331b8c8aea4a9cb8395194d,7,7.642094907407407,3.7604606699467245,1.0,0.4920719665888665
112453736dbe3889cfb74e1aaa0ba0c1,7,13.670192625661375,6.068867409825731,1.0,0.4439489315193255
e644cbadf7eeb30d0d29f335ce7d52ec,7,6.943683127572017,1.6627524073415691,1.0,0.23946259885320836
e603cf3fec55f8697c9059638d6c8eb5,7,6.657634259259259,2.586033551825391,1.0,0.38843130324090797
e70053bf73d1b5863932e53a9fa47496,7,13.455330687830687,6.188921543948755,1.0,0.45996056786223466
5151aea44289d6c6b090ee31c2132508,7,17.37599537037037,10.368202025462,1.0,0.5966968685513067
73b8eb4a9a729d4019b24ed1be748cbf,7,4.136651785714286,2.410194824676209,1.0,0.5826438746910466
c157bdeedcbc9a8e3c8bf0d87ff24428,7,12.821667824074074,7.18571561142769,1.0,0.5604353279169912
2ff6b7bff164ef05590a52734e1296da,7,11.747468584656085,6.345793668544651,1.0,0.5401839232694938
6da1992f915d77be95d7fa48b36904af,7,8.837852366255143,3.6969251782045793,1.0,0.4183058309867508
51ed72984a04e5dd35c2b27e77179038,7,16.578348214285715,12.67502501810342,0.8571428571428571,0.7645529490797663
6b803197e03abd5056b4313306b4f29d,7,4.875554591049383,4.358891146330889,1.0,0.8940298103385012
4049512728d969bec69f84088b012416,7,11.160608281893005,5.463028421613746,1.0,0.489491995743366
6989574bd97d9773f10d232b6c07da59,7,10.962650462962964,4.302604860139661,1.0,0.3924785228422545
3f9c56764fabca627406093dcb3ef0b4,7,8.48726355820106,3.6248101147465364,1.0,0.42708819985258506
3f9be91358837bff69df67edfa3e42e8,7,9.842959656084657,2.9054460538925513,1.0,0.29518012421157097
6e1862e15f33d9994bc25922a85e1efc,7,3.6328163580246913,1.9034547472858545,1.0,0.5239611804437149
6e4a902d1054e4e17aa6eab87fac1c75,7,6.364619502314815,3.3904570019467406,0.75,0.5327038011798867
0951a6e282947e09cd47969f4ed0b47f,7,4.719513888888889,2.2432489196999574,1.0,0.4753135540041993
ac6417315ae5da8f9a38ee11de6f7780,7,11.468726851851853,7.678632232605941,0.8571428571428571,0.6695278675475712
2b03ac196f5ed62ac483960fe0fa3b65,7,12.89291832010582,12.503775411911548,0.8571428571428571,0.9698173137739169
2bf28e311bba65237358230cabac3f15,7,12.415434027777778,4.881116046055683,0.75,0.3931490461899984
312ba1d77e9c332ef21f9598b7f64cd7,7,25.699447751322754,17.357365695818284,0.42857142857142855,0.675398392361365
b7ed9fb14c8eadb37adb9c45d67ab0fb,7,13.357425294612794,4.905920233615124,1.0,0.36728037966970617
52a52b9f656520e99716f5bc40f661c8,7,10.534014756944444,4.403787710619903,1.0,0.41805406696594477
c8c1bea22194a4eefa2dc9a9fa89f536,7,8.50494123931624,1.2696229711244411,1.0,0.14928062821354815
c8e135e7b21ecbc36c1153a29d2f5a06,7,8.14822585978836,3.709356969006764,1.0,0.45523492264892984
b67d6c666e8dce1d078c882825e12704,7,8.126384548611112,3.4220383677332786,1.0,0.42110219461841025
f3295428338a40977a03f555246a70f4,7,14.829621362433864,5.532908867428624,0.7142857142857143,0.37309845829540134
656591be56071d4c9ef4e5fee78a578a,7,14.31607218013468,3.9700814344862714,0.7272727272727273,0.2773163884990221
55029529919c0123526150bd26ca8f20,7,8.695739087301588,3.0262751150910856,1.0,0.3480181597801576
54aa8463e87776b5612f4bdc4bd5d4de,7,13.480618386243387,6.902543358641452,1.0,0.5120346234031307
1f867308a0ce13133a4e639ff4de0c02,7,10.371266025641026,6.306333207632854,1.0,0.6080581861502365
2e7ea2aafec5835e781b21d6d1faf1f1,7,7.159899140211641,2.290216307511368,0.8571428571428571,0.31986711860911365
651fe66032c9520ee5587f694908040d,7,6.706140873015873,1.007294186877408,1.0,0.15020474606051773
2f09f7d37a97956d11cc1a7cadd5262b,7,13.084930555555555,5.647873069226868,0.875,0.4316318718886065
b3b17aab11f273023a5f22ca52e1eb70,7,17.222088675213676,10.228053184864645,0.8461538461538461,0.5938915643597303
2e0dba2da448400b1c11d7b4b22f32a4,7,8.837432336182337,1.1766872177325152,1.0,0.13314808792537017
b274baf5bbd142410eb2958cf685d684,7,6.354259259259259,4.279021410004714,1.0,0.6734099499905416
fe26f3ecb51a15e6d8335cd92da42562,7,10.683282076719577,6.999455807040664,0.8571428571428571,0.6551784139720035
0307f7565ff85b299b6e5ef162b1b1a9,6,15.198894675925926,3.1104483473633056,1.0,0.2046496415486092
f8d5c7085db9a4ad2b8c1ffbeb2798c8,6,12.526377314814814,4.764432494067516,1.0,0.38035198639854734
5962468f885ea01a1b6a97a218797b0a,6,10.914812885802469,3.2022037817232043,1.0,0.2933814638168004
0570350b23eda5444f8d1d9544932058,6,4.799916877104376,3.1552369751192804,1.0,0.6573524200324747
5795aebfe331fbcd02a2c4b679fb7952,6,12.203221450617285,7.679761533343518,1.0,0.6293224755791879
05feb94f19d094d4b0f9281f0b1d4c99,6,15.371317515432098,9.724195320917335,1.0,0.6326195078043694
af7cdac9d9897cddead9c6b08976c642,6,15.225084876543209,14.4908171044474,0.8333333333333334,0.9517725005771842
ae7ab174effdead6c241e547e4ca13f0,6,9.901106150793652,2.1277061992072617,1.0,0.21489580727671617
633ecdf879b94b5337cca303328e4a25,6,25.722860725308646,12.578349667717672,0.3333333333333333,0.4889949761824847
55c26bcb609f480eb7868594245febb5,6,9.694230324074075,4.70023494153127,1.0,0.4848486970501398
b0f2a6122a90a93eb03e68653dd960e3,6,8.20083167989418,2.4847773618409126,1.0,0.30299089882954106
2ea0861cc19e94cad86438c984c52da4,6,5.2506057098765435,2.715463743391638,1.0,0.5171715214272843
a67780aba9dd436e7ac0aa1f889e73ec,6,21.632880015432097,9.941133702164215,0.6666666666666666,0.4595381518814221
abbf6046bbdf1028606a5bc7f00c99e7,6,11.785158179012347,5.290234186834973,1.0,0.44888953601455356
b8a0adc91af209270c2c725168eb00fd,6,11.105634645061729,4.953088341145864,1.0,0.44599777495366477
31be790e64fc99f8ff48ec2bd18a3104,6,6.493200231481481,2.5845198923231747,0.6666666666666666,0.39803483647284565
2bd05d410a8fd26dc4184a15f4f2f588,6,9.337569444444444,6.073844330210553,1.0,0.6504738054531201
30c7f28fd3a5897b2c82d152bb760c17,6,20.652399691358024,8.024351247438124,0.5,0.388543286366664
2ba91c7ad80ff88b23b7db823b43c233,6,18.654373070987656,13.845596323643964,0.6666666666666666,0.7422171879459956
ba6ce6de456f6c11d08c17701ba5c26f,6,12.060459656084657,4.203955462293085,0.8571428571428571,0.34857340285302774
6879c4d287a8dd06b11f54ea8f78e4da,6,6.816903935185185,4.511806211441973,1.0,0.6618556245386502
28ea411b354f14b1a494be4e79f0ce02,6,8.916840277777778,8.241862999487509,0.8333333333333334,0.9243030874992318
ab3e0c171fe84a7ba7de130f19cfb485,6,19.90822585978836,6.473324481979669,0.7142857142857143,0.3251582801787887
28405831a29823802aa22c084cfd0649,6,7.19403163580247,3.4412620654396937,1.0,0.4783495874988368
6750d71153f00fc58829af2a8ef1bcf1,6,9.518886959876545,3.7116293958115376,1.0,0.38992262556080143
6824a69c9ea0313eba299dd4a2dba09a,6,4.540830026455027,2.4712792142666142,1.0,0.5442351287911812
b586cd24c010a13916af621b0325fbba,6,5.1057208994709,1.6552540188090712,1.0,0.3241959463512005
9ed65337433adfbedefd23dd76eaa494,6,7.400858410493828,8.401043097158691,1.0,1.1351444158486645
3364a91ec4d56c98e44174de954b94f6,6,14.826041666666669,7.234398394783179,1.0,0.48795211543538614
a64e44665225d19dfc0277eeeaaccc57,6,7.929162808641976,2.3981482154885536,0.8333333333333334,0.302446585265574
edd066cd02126d7800f9b66e980e9931,6,11.897121913580248,9.833421708409924,0.8333333333333334,0.8265378618323929
edc518ba25576a0188a0e8f2c3af186f,6,6.722728587962963,4.812279295371167,1.0,0.7158223379696671
0ad80de75c811326389cfb1daba7d45e,6,8.998383487654321,5.667035280297286,1.0,0.6297837037143831
a254c682cc01e119f83530446f1df9a9,6,15.934608134920635,9.791026968128715,0.8571428571428571,0.6144504392719715
ed859002ad59dbf8cf3602696a6c3000,6,22.084942129629628,13.565720025593135,1.0,0.6142520069089553
c0f783394e37cd9c9d7f5f81141450fa,6,13.170179398148148,6.779305878816576,1.0,0.5147466616718835
0bfd0b434243adc5c2e1aa6baf19c6aa,6,8.463200231481482,4.62614810768456,1.0,0.5466192434483798
c3aad7dc65449ae90a5e9c3c6c1e78e0,6,7.48622299382716,1.6265866952090746,1.0,0.21727735021389197
a08692680c77d30a0b4280da5df01c5a,6,11.04900258714597,6.579828319313661,1.0,0.5955133295894425
71592660bbcb6a4664e97b6f8b68babc,6,11.673265542328043,6.137062926225792,1.0,0.5257365990666786
714b9a1332840f257b49f476bea4e341,6,32.30243055555556,23.822051928252964,0.6666666666666666,0.7374693333767081
71271995e85f5b8530be99ed54a91b89,6,12.30955825617284,13.221393765828568,0.8333333333333334,1.0740754047123073
50770d25768b0486d89be26afca3108f,6,13.481597222222222,12.277163004593012,0.8333333333333334,0.910660866232979
eba88037e1dca898cd02881f67ced679,6,11.49054012345679,11.042231692126293,0.8333333333333334,0.9609845641272058
9fc70243fb26800cba56e8f014797004,6,9.620205026455027,5.092202676477966,1.0,0.5293237163318966
baa49d93c8c8841e27400a300f5d74b2,6,12.282937885802468,8.04244554831509,0.8333333333333334,0.6547656288005125
0873d9f8f36123f8d910f4760e788cfb,6,13.130835262345679,10.560080196989395,0.5,0.8042199895136719
08ad4ac1388e4420ca531c3edfc46198,6,7.046665013227513,3.3962135124064248,1.0,0.4819604034009403
52092ddbd3a58c450a4459bf051b2287,6,12.89526234567901,8.246385366832934,1.0,0.63948953854329
515d781150feed28a6ac091bb0e3cb8c,6,9.780329861111111,3.360527613004747,1.0,0.3436006413614937
bdae679a9b282249bc23b9b69dae9a99,6,8.194706790123456,5.374964850575648,1.0,0.6559069150654349
085f6f7e049c996695fb2074fe38d45e,6,10.334759837962963,2.9806475732873348,1.0,0.28840995049913387
a63bfbaa882c8f4542891b4e2246cc7f,6,11.690190972222224,4.687533990884704,0.8333333333333334,0.4009801039198624
bc503e244f187939d10c92a5c8e378ce,6,9.832486645299145,4.825460355378331,0.9230769230769231,0.49076703884315526
a4b6b9b992b46e9ef863637af96e04bc,6,18.636880787037036,6.422612080959814,0.875,0.34461840231478486
a5dd1946fb63ada8bcaa0c9cd8f11e22,6,19.004900793650794,10.315722943610169,1.0,0.5427927804314807
52ac6f920b7280e4c6d30dd94de6259b,6,12.023976521164021,4.5570762341685525,1.0,0.3789990961931277
52f976b17ea7f2f087f56dcc419328f6,6,10.383350694444443,4.116419678941074,1.0,0.3964442500380481
f35becee938e982bd615edf8ef12bcfb,6,7.9204591049382715,4.433422791590979,1.0,0.5597431579220976
f419677537694f0462a91990df6ca44f,6,14.250243055555556,10.36479922976798,0.8333333333333334,0.7273419259840057
3afc536624bc2e65bddfb5db33cc01f3,6,9.890516975308643,5.893187555617625,0.8333333333333334,0.5958422163704666
7f40d06aa0b5f1aa4f41af8c0480e2ef,6,4.130244984567901,2.690575363332786,0.8333333333333334,0.6514323904237533
d8cf3b6a2151949f930d0252b180ec42,6,7.284440789473684,2.276588919573283,1.0,0.3125276167887929
d6b664fa0667064c6d76394e7848d790,6,17.545335648148146,9.372503361312415,0.8333333333333334,0.5341877493407573
186cdd1b2df32caa72cfb410bba768d3,6,8.898485725308642,2.2154511243738804,1.0,0.24896945309164248
9261d76c62caaf0b24677c2ceb7f8f20,6,7.656248346560846,2.9077968768462985,1.0,0.3797939598122452
91f5779a8731baca4809fdeade81803f,6,16.374195601851852,4.28474505612594,1.0,0.2616766747089154
80f2cf9abf6b5a0e5c612b5eea6646e6,6,10.581170910493828,5.550379501070506,0.8333333333333334,0.524552485544482
15ead3a5037a918ddb520dfe39a3d2b9,6,18.74991071428571,8.249215102093734,0.7142857142857143,0.43996023382706506
38874e327ce94d11390b96eb42d61928,6,19.95860725308642,11.75573305780106,0.8333333333333334,0.5890056810443595
ca7c6bd577e559472af1c699de9e764e,6,4.270792824074074,3.7619067070825483,1.0,0.8808450472888826
3f2af2670e104d1bcb54022274daeac5,6,19.10740906084656,15.200582574921247,0.8571428571428571,0.7955334250978652
9140bd1d9de28b197dce077bdd687438,6,5.334270833333333,3.035271060481486,1.0,0.5690133019707916
d197aa8fbc64087f61984deef05f6227,6,7.261005291005291,1.3076196573485672,1.0,0.1800879637105355
822b63912576852aea9a8436d72317b7,6,21.419275793650794,15.494119849961677,1.0,0.7233727227395111
ca77545ca4d2dfd1431bf61334e2fa3c,6,13.283905092592594,5.740892114880621,1.0,0.4321690101566498
5d378b73ab7dd6f0418d743e5dcb0bd1,6,30.48887152777778,47.005884016260545,0.8333333333333334,1.5417390562794184
5d76d80a2f5f39c891b996a1bf4c9853,6,10.233966049382715,6.754818156752781,1.0,0.6600391406575179
2cb6eb1b7185064167657fa09f541105,6,8.328468915343915,2.503710187803091,1.0,0.3006207039075805
b29d3380981c51df13fc6fbe87e1763d,6,7.856157407407407,4.022511528655183,1.0,0.512020230763508
fe87f472055fbcf1d7e691c00b1560dc,6,6.001875000000001,5.175935969696825,0.8333333333333334,0.8623864991684805
3d4b1ae7539303b5704493798893e82c,6,11.561568930041153,3.927615701957292,1.0,0.3397130377134128
cf8ab1616079e2793aa29d524df01bb1,6,26.40703896604938,15.630599487708551,0.8333333333333334,0.5919103428371607
8fbd63429be6d3e5e6d1a709b6464802,6,8.535163483796296,2.5308649500967233,1.0,0.2965221410112976
8a40ae794fa3f9892cee24bd5af0488b,6,27.80233024691358,14.115433946970159,0.6666666666666666,0.5077068656335796
3dfd3dc96f7f8598eca74e9ac8a2fa31,6,12.230414737654321,13.282692349674559,0.8333333333333334,1.0860377701485906
8b2d4ab22f42c5cfc338b846decfda60,6,12.676804269547326,10.883967681816344,1.0,0.8585734582936018
8a87611c08849ffeeccab52aa798b6c7,6,8.858441358024692,4.158043275610725,1.0,0.4693876843067921
8bd0e3abda539b9479c4b44a691be1ec,6,22.936135223765433,12.724230765955179,0.6666666666666666,0.5547678648480796
89c127985a8b130cfa45c1d36764017a,6,10.99207561728395,4.534990930612055,1.0,0.4125691169264912
89ad3263c0931c47f976d7c5778e60f6,6,6.547744984567902,3.6303225576022817,1.0,0.554438599267142
b1204cfda1d4948679db3cfc0d3cb95c,6,9.825545910493828,1.8395187409055154,1.0,0.18721796810708322
9c3c24eca51c52b91c1de727d2a2ae06,6,10.611865354938272,2.515862224620432,1.0,0.23708011178728966
9c1c0c36cd23c20897e473901a8fb149,6,5.780507605820105,3.3155144068106908,1.0,0.5735680381204696
777a0c55737f34ffeb78010f7542ab41,6,4.23389274691358,3.2156031228107005,1.0,0.7594909259699147
e45edf75f568ed2f93f78d060e246e25,6,12.007012235449736,3.784285683187262,0.8571428571428571,0.31517296801068156
c5e60e39c0f42b8e827daa13cff74afa,6,3.3866304976851853,1.546801765787776,0.875,0.4567376827336313
365e4bce19bda0082c3d15d83fdb8bcd,6,11.48213955026455,7.8574384006724705,1.0,0.6843183159615434
35857757f553273b1056c1cabdace7fb,6,18.20813271604938,15.366771041893593,0.6666666666666666,0.8439509576041646
c70a353f02429c00775a46a75fb787da,6,6.758491512345679,2.8803367259395376,1.0,0.42618041624792324
e439f7176d763f92de325271111b2fd5,6,9.92680362654321,5.030394934755203,1.0,0.5067487102600142
9da1ca0bef29ee170e541927a5aeabdc,6,16.803595679012343,14.615110078069034,0.6666666666666666,0.8697608748300982
78744a20ee2f80ba64f6804c25def2b8,6,18.961849922839505,12.866521898267862,0.8333333333333334,0.6785478184156581
23ca5f678e0b3ea6c630b30fa8bf51ea,6,7.506428571428572,1.7116111522411408,1.0,0.22801937512014436
9aa388272ee334b6ae07bc73706e254a,6,7.597832341269841,5.962803336925827,1.0,0.7848032266436208
13511db12ac61e2f89c53b72a944a60b,6,9.17029899691358,6.472817196395951,0.8333333333333334,0.7058458179580064
14ee35374a7876217954b5fa08e50463,6,17.1668074845679,8.216687154833899,0.8333333333333334,0.4786380439240254
152ee17e4c8aaf53dac99f3462e4999b,6,10.735235339506174,1.817811823254408,1.0,0.16933134353978943
c522be04e020c1e7b79f3acff36513d5,6,15.649359567901236,13.390387799535665,0.6666666666666666,0.8556508489332049
76c47a299e4a8fe992316a85865acbe9,6,15.343268518518519,14.869567556164963,0.8,0.9691264633880439
c3fe93ba3085f92855c97e57f38c8c05,6,13.222635030864197,3.537835794163378,1.0,0.26755905959026943
74871d19219c7d518d0090283e03c137,6,3.6066253306878306,1.9412649291076327,1.0,0.5382496797185773
0e982cff76cc0579f632cea8a0e38c9d,6,8.335092592592593,4.5547984389736325,1.0,0.5464604488043106
0e44d110fa6a54e121cb2c095a77762f,6,12.001626157407408,6.141551051408973,0.8333333333333334,0.5117265752873335
a7c88262832dfc683781d6a421edefae,5,11.176726851851852,6.4235944165427865,1.0,0.5747294804362578
a72c2f59332659e361d647515c698798,5,10.038487654320987,3.5825773989831986,1.0,0.35688417641686365
54219883e72aad869adfb2a54b7bfa0f,5,17.007217592592593,6.699337501672481,1.0,0.39391143584770405
5566627eab3fe93fd6ee08798226101a,5,8.814136574074073,3.1644553288867754,1.0,0.3590204556388102
29fe9f200d3fa0c668d2aa1ec7e08dfb,5,10.749125000000001,7.020747085405165,1.0,0.6531459151703198
a806a4bb063ea7ca6d374eafa50a6058,5,12.33940586419753,3.4770520221332903,1.0,0.2817843954887542
ba6b68b55fe8704377a7d43c8e5c0185,5,10.590298611111113,0.8554443944151486,1.0,0.08077622981448652
aae5e7b457a3c72ee230a47d98fceda5,5,12.341810515873016,2.560176085052025,1.0,0.20743926361203963
ad87df7699e83b8a91822a4a0b765c3a,5,9.560673225308642,5.7837856419052915,1.0,0.6049558964733445
adbe70ab2c97442046d393988c8d1d27,5,7.185418981481481,1.8880119954099939,1.0,0.26275600633391677
e819bcfade7b5d88a27325eb6cfd62c5,5,8.968803661616162,3.942957069725753,0.9090909090909091,0.43963021362597643
0c7f30ae9b147eca07affbef92832a6a,5,8.54264814814815,5.133904496123148,1.0,0.600973422654199
717b78b0950b51ed00b1471d858b0edc,5,21.32962037037037,19.041618229218326,0.8,0.8927312300255292
725af026f869236a8dd0ceb98564d156,5,13.673094907407409,4.757653820568397,1.0,0.3479573463642774
70f84699be677ec988d1fa824aef7d90,5,17.529266203703706,7.9381359264031355,1.0,0.45285044075181596
33cbda8716511e27e556dff9d8418bf2,5,13.241147762345678,3.3432042953706467,1.0,0.25248598953618173
a37c340b91cb0169e8b029db6440fba2,5,11.123074074074074,3.525306227380313,1.0,0.3169363256869053
6ee85be3693ed79a8e80718743d80655,5,29.121037037037034,20.409723221333763,0.6,0.7008583930364859
efff9341f3f8f5237b44ff67ed36a7bf,5,11.931902777777777,3.2575782796659487,1.0,0.2730141487351816
ef9952469137ff190bacafe117f51537,5,10.250847222222223,3.9044894904294956,1.0,0.38089432080942315
31eec405c9bb71dec8e2629a92e764fa,5,8.572550925925926,3.8971631625422147,1.0,0.45460950844351855
bff9deb0ec77d437f3305a79cf25529e,5,6.972201388888888,3.012649440748471,1.0,0.43209443799909747
33dd941c27854f7625b968cc6195a552,5,11.700719907407407,3.014072448051695,1.0,0.25759717965247314
09bad886111255c5b5030314fc7f1a4a,5,6.468912037037038,4.3891383405165305,1.0,0.6784971437835305
282c7480173bb9c01dd41cc739fec010,5,13.806019965277779,11.18428853894237,0.875,0.8101023008130455
6e4f5ff6b086632ba8dcb558fb10249e,5,10.725724537037037,7.791584550325758,1.0,0.7264389947197143
bca9230d3bbb4efa51872bf605a2f1ad,5,7.055643518518518,3.858808385687602,0.8,0.5469109055126754
6e13dd869aa7185f601c941423abcc8f,5,4.413994984567901,1.7176443201320404,1.0,0.3891359927089237
6cf476a4ca74498db55cbccdaa9dcfb6,5,34.391466049382714,18.778080990755978,0.5,0.5460099015201192
534a01cc6df1e034e05c32028a291fa2,5,10.692097222222221,6.972415075087973,1.0,0.6521092102115063
f44bdc12aa39f5271f0b95f66cd4c289,5,10.519596560846562,5.375512528671898,0.8571428571428571,0.5109998750978055
6c6e3d67f969468f3bfd33f827a31222,5,9.219967206790123,3.95071044784578,1.0,0.4284950650297591
6bd69102ab48df500790a8cecfc285c2,5,16.254462962962965,20.094528751142843,0.8,1.2362468570588743
bb2afe2061d53c6968aa0cffa233a8ec,5,4.69764274691358,2.5200288016000765,1.0,0.5364453913094546
5236605f4d4b0b3e4df85b850393fca0,5,10.492495370370369,9.396703088374807,0.8,0.8955641872294786
f021c962aaba8ef6eb527a9c2c8394d1,5,8.171310185185186,4.680668944228119,1.0,0.5728174354113129
be9a160a9011f627c3e121d076c1ec7b,5,14.817761574074074,6.33155764951628,1.0,0.4272951496664855
70125af26c2d6d4ef401a1d02ae7701f,5,10.389732349537036,6.5673046328795595,0.5,0.6320956509695072
bdf0d02d36a1d839d0c39c4a887cdd49,5,7.988988095238095,5.001252295324781,1.0,0.6260182435752809
bdb3edbaee43a761e2d4f258dc08f348,5,11.946273148148148,13.03662108965772,0.8,1.091270970284033
270d3ef21830ad0ecf3a6c53d08a533a,5,11.425807461873639,3.5516647881019288,1.0,0.31084584612101596
2f4b9d112bfa44a214bc6cef085d17c8,5,14.16099151234568,7.398442413298208,1.0,0.5224522878110746
b7cc6c5e001441ae8cdd5c69a480cbe4,5,12.828016203703703,5.574157326694828,1.0,0.43452995678984707
b76a1f8356322f12529c37b67d5c96c2,5,7.468219907407407,2.022566827085945,1.0,0.27082314824177145
05e107217c7266362fd44b75b2cd4cc4,5,6.803227719907407,4.602306390431652,0.5,0.6764886580180929
2b3b9ce054da76a7428df143a567b156,5,7.049924768518519,5.059578610985369,1.0,0.7176783834033162
f626e15b7314c267e4429010866f70e9,5,9.50479332010582,1.6418000660561987,1.0,0.17273390496385038
56e361f411e38dcef17cdc2a3d99628b,5,12.040243055555555,3.800960109496108,0.9,0.3156879883535479
55c96925041a14097b6a7825554f4ad5,5,11.093325617283952,2.750818443741574,0.6666666666666666,0.24797058507465627
63b9ae557efed31d1f7687917d248a8d,5,16.394758597883598,9.73556932515575,1.0,0.5938220600828191
f783a638e9c6af4a7d0dbfde811e7a81,5,17.646319444444444,23.012643030714337,0.8,1.3041044113003044
fc59392d66ef99377e50356ee4f3b4e1,5,7.950819444444446,5.233776679345516,1.0,0.6582688383148436
f92d8c817434bd2d84d4e9c61322b7fa,5,8.32550462962963,5.408101384710154,0.8,0.649582412754089
57df9869a600bd6b7c405f2a862eccfb,5,7.28955324074074,0.6190115942584681,1.0,0.08491763127524207
6219ba2359cfb97f2e38fd4c321eb309,5,23.707979166666668,19.956364555033968,0.4,0.8417573009804455
b566ab0ef88016e00422755e305103c6,5,13.048136574074073,11.524324959569723,0.8,0.8832161507619349
b4b447d715f9ab302a188fb43d3e96b3,5,3.623861111111111,1.57947229907688,0.8,0.43585343109151287
acf974e4d5950ad143a247471b831eb9,5,13.873653549382716,4.13890114694191,1.0,0.29832813196679997
0791d9fc1e30678ecf03d3e55fa108d3,5,6.251305765993266,4.1061979124763806,1.0,0.6568544342869701
079d295dcbf06ee8bb1b65ba964eb2b6,5,6.923537037037038,3.7680120712139846,1.0,0.5442322401190656
68ca56ce86830f3d31b1b7ec6a54da3e,5,4.891428240740741,1.9515312585464115,1.0,0.39896961838100653
6861de0f40cacb0602e473c51639f980,5,13.679958043981483,8.491297601282634,0.875,0.6207107926780808
53b0300ca793f9834cd69c0678d35ee8,5,5.855703703703704,6.502703074427024,1.0,1.1104904557097204
5721089ba9214e80074f27d5a03fc0eb,5,7.536375661375662,1.3800520205573539,1.0,0.18311879377645623
c53bcd3be457a342a97e39e5a9f0be22,5,12.383395833333333,4.049308842174756,1.0,0.32699502597461366
49cdc90518a4f82676b38b3c1aa43ff6,5,5.732277777777777,3.7515634978694106,1.0,0.6544629627707562
9cad4b68bb993ee401a3c5aaa2bc26dd,5,16.36822255291005,14.69057653297818,0.8571428571428571,0.8975059133935341
c4f7fee5b0db50e87766f5a4d1b1b758,5,11.528446759259259,4.2726439445358,1.0,0.37061748505748676
2528744c5ef5d955adc318720a94d2e7,5,10.070645833333334,6.112281118874078,1.0,0.6069403313383074
9d489893ff6af05029671b785f54b998,5,7.366913580246913,1.9897735630281936,0.8333333333333334,0.27009595556589977
4d232b78ab7ef10393dc3807d827bc0d,5,6.1659699074074075,2.063114209206319,1.0,0.3345968663790953
762fafdaa57a532ee0119731697579dd,5,4.124875,1.6550607050516994,1.0,0.40123899634575577
253f95b3a0e6983ae18aed49fbc2b845,5,9.206965277777778,1.8503353158339357,1.0,0.20097124948434023
741f8c587cb4248ebc5b779a0e8e0e51,5,13.239328703703702,3.194704212884694,0.8,0.24130409361246358
38af8acfd46ac4a7bf754e8ca6736664,5,6.385703703703704,4.543872921372109,1.0,0.7115696456032975
3903c788ded8dc03b5ebab37a2f3e9a1,5,10.304136574074075,5.613653518126295,0.8,0.5447961095790052
392353362d22cc2c236e1ee81ff19890,5,8.406233796296297,2.6689531915050035,1.0,0.3174969024393442
397c4d0c005b6f41f90098ac724e28cb,5,16.082599537037037,9.180830516708442,0.6,0.570854885465852
3a4127e1ba7208ea37044c5092aae170,5,11.77629861111111,6.110097776011203,1.0,0.5188470484474839
94ca168e8bcb407ab85c5da308863027,5,12.487648148148148,9.904773239679603,1.0,0.793165624317212
7d294cf9a6a69dc6a0c3e540fff0e039,5,8.816810185185187,2.8209629431931567,1.0,0.31995278155507956
167fd940acebc789debd6eb418c46e38,5,15.500854166666667,5.538348468129651,0.8,0.3572931148555298
11eac105f3f90a9b87b19c89d91e24f3,5,9.12383101851852,3.834483957403294,1.0,0.42027125991488584
7df1fc11cc5cbc518b39faa60cf5d67c,5,7.718787037037037,1.1534560544769281,1.0,0.14943488516295406
7d7866a99a8656a42c7ff6352a433410,5,4.886585648148148,3.2644153966508096,1.0,0.6680360545584448
7aa538dd6e114e503a2e6154ea352253,5,8.87823611111111,3.2038801595442217,1.0,0.36086899688718194
4b1eaadf791bdbbad8c4a35b65236d52,5,22.54623148148148,11.83095888355336,0.8,0.524742189987307
9ac4f14370b1e24ddc58be041b7f99df,5,9.02382175925926,1.119161016020333,1.0,0.12402295234521583
97e995629983723d11830a829bc2b246,5,17.008074074074074,7.785710077967131,1.0,0.4577655320678034
97e4a63591ca439a2b8b7efd20e6e19e,5,6.431298611111112,3.5948676808033357,1.0,0.5589645106188381
25debeafbce801fdd479539350185eee,5,14.713342978395062,2.54860514723308,1.0,0.17321727298652853
df47da4ae86fa4db890d05aaf24e21d8,5,7.044877314814815,1.9918921709234951,1.0,0.2827433441225023
debe6615cd90cc0c2eac2b8988e1f628,5,11.604266203703705,7.606852838367648,1.0,0.6555220903101816
7b7ed56ae755e2880f2b69632e839c1e,5,7.304652777777778,3.787875094385285,0.8,0.5185564885313594
7b8e8ec35bad4b0ef7e3963650b0a87b,5,21.90199074074074,26.27364438222555,0.8,1.1996007437512486
7a9c12e235c36247c3c81f50d6ea9cea,5,12.8360625,7.521220073013777,1.0,0.5859444882738594
75a4764c108403a7a0575140cb22287c,5,10.045077160493827,5.887397971857191,1.0,0.586097834570318
101a3a003516bc11253298b2fad3cb65,5,6.880599922839505,1.6431208090038387,1.0,0.2388048756547599
4bcec44888b30ba9001234c534716d3f,5,9.158854166666666,7.369862145838052,1.0,0.8046707603075952
4c1c7281388a33dd06daac44f9fadbd1,5,8.786493055555557,2.9355218178954297,1.0,0.3340948202354006
e2a1ac9bf33e5549a2a4f834e70df2f8,5,12.335252314814815,3.421273752329813,1.0,0.27735741961441795
117cfc326c6d50da67ca858ff5c0c852,5,6.073467592592593,5.746119242427195,1.0,0.9461019022206288
7994b065a7ffb14e71c6312cf87b9de2,5,8.704467592592593,1.6217874554145877,1.0,0.1863166745309858
499ec63c58e51296c9cf57edcfe1c8a8,5,5.2333750000000006,5.207300024649716,1.0,0.9950175603028095
7f35f9daf223da737b78738fbae4d977,5,7.866502314814815,4.305603835659029,1.0,0.5473339564841133
427165bf50f8ca07efc7bdc2bfcf1688,5,38.565872685185184,33.7262355289483,0.4,0.8745098497901748
866558b3bccef2dbc6d29a2b5995016f,5,12.149984567901235,3.3781461042821785,1.0,0.2780370695454894
883dd81e82754ac2c65e9790a7db8c9a,5,7.172194444444445,2.497082012999192,1.0,0.3481615051490165
1e8c6a4c538f286aee9573239740a4b4,5,7.40725925925926,4.925045154093321,1.0,0.6648943936904721
8fe8786ee000001ab51d030dfd4a7bf1,5,15.866671296296294,11.60976978055688,1.0,0.7317079659466388
3cfa1358a6caa965278721344c8d76f2,5,6.302104166666666,4.060636136345241,1.0,0.6443302155846479
901b460cdce0c64e471230d7f2f9f3a3,5,15.51374537037037,9.157617944601325,1.0,0.5902905923730976
41e0fa5761c886a630994a55c12087e7,5,10.239402777777778,10.507075510500206,1.0,1.0261414399386015
83b08de96980757220871b31bf6cffca,5,13.087251984126983,8.499892537814416,0.7142857142857143,0.64947878654156
228e4c1a0be164f613d41c24345f9d2c,5,11.118863425925927,2.4872445219972414,1.0,0.22369593246353914
d5c530f4884a75ae0dba9c148718d278,5,8.279427083333333,6.357922645037554,0.875,0.7679181881843239
83353a83fd769dfafa4f21a72b15e3e5,5,18.56,14.297624974220096,0.8,0.7703461731799621
1b65c144b17e607c0f37f10bb7dfec8d,5,8.770837962962963,3.8229489132536223,1.0,0.43587042987192004
46ef1a25845fc051c2998d878354810c,5,16.845016203703704,8.351600657094718,0.8,0.4957905980083567
8060d731897e33b5c5ae575ce1e209e1,5,7.804481481481481,1.3997064669711563,1.0,0.17934650370974523
4221a7df464f1fe2955934e30ff3a5a1,5,16.569189814814813,7.826781517958299,1.0,0.472369597151952
180c3376aff0e43dd5788709df48a843,5,16.273858796296295,7.52917960375206,0.9,0.46265484406596896
d79e8478eed9999493990b44955fb22e,5,8.199113425925926,7.458873460463084,0.8,0.909717072199273
8e34331b7eedd03be4e5d965c1956225,5,13.948203703703703,10.82243677932223,0.8,0.7759018300290896
cf1313c6e2c01c2f4b014f97db4bcd2b,5,8.240326388888889,5.766521815541532,0.8,0.6997928896744926
8b655f0855926bcb49f5835d38dfddf6,5,5.609800925925926,3.832976691873273,0.8,0.6832642980536107
1cd9e0cc1839d55516843def5600816d,5,7.781398148148147,2.294543112229814,1.0,0.2948754283670576
8fb791022c1fc8909664f48ab7dc636d,5,5.729247685185185,3.664878167902709,1.0,0.6396787797077497
cd843d4cf8ef32827de0396605163ba3,5,16.075208333333332,7.1810775627167995,1.0,0.44671754255440754
fc38b5dceee1a730fad8853453437fbd,5,7.9680231481481485,2.882728213339986,1.0,0.36178712834311505
606ce7768feac12c5e8bd58db8b08f0f,5,9.72950925925926,7.236994487481507,1.0,0.7438190657554792
5dc203c7b84a0e71e878a179de05fb9a,5,8.570122685185186,3.868710900777227,1.0,0.45141838021349523
fac35d150712afb921ec59ac5f39bb11,5,10.682179783950616,4.632838008620365,1.0,0.4336978128360045
5def4c3732941a971cba8fdee992ede1,5,4.150827546296296,3.4678449586575875,1.0,0.8354586934723124
fa74b2f3287d296e9fbd2cc80f2d1cf1,5,30.38007407407407,14.014586935046296,0.6,0.4613085175788346
2fb25ab44bdbeae6a4d816e0d0c9d500,5,8.520905092592592,2.8620201001610157,1.0,0.3358821708563603
039e6ad9dae79614493083e241147386,5,14.593856481481481,14.415404237804081,0.8,0.987772098217915
01ed254b9ff8407dfb9d99ba1e17d923,5,6.675569444444444,4.314948285958411,1.0,0.6463790575273554
02b72cdeb9cfcc429f1af6f4e3f3b737,4,12.510251736111112,4.349685345841234,1.0,0.3476896738445137
fec8cd45395b3cb0c2b173d7739706a1,4,10.44833912037037,4.011843990705907,1.0,0.38396954238251185
ff82e8873fba613f2261a9acc896fd84,4,9.54111400462963,2.9252825730784697,1.0,0.30659759139855536
fce62094ffe6a4009188ec44e681dfdd,4,18.97176872895623,14.125385656028724,0.5454545454545454,0.7445476411732466
fc908879b9ca1bd65419e54e50432d38,4,8.675014467592591,1.4959669110374565,1.0,0.17244546584054324
b01c2b7b8599b325103ebcddc67413e1,4,8.455002893518518,1.0375647995082704,1.0,0.12271607858391774
b37c4c02bda3161a7546a4e6d222d5b2,4,17.17511111111111,4.054819733341649,0.9333333333333333,0.23608695787234008
f650a9708fa1bab22bdd8d3a818cc415,4,15.323486689814816,3.411102194161019,1.0,0.2226061380944262
0692610d8abe24f287e9fae90ea0bbee,4,6.603399884259259,2.737588766557352,0.75,0.4145726163098243
f4ce8ca9fa7157e3b33f536ac9a4487d,4,6.975619212962963,3.566874546524521,1.0,0.511334469045574
08061dc0fc165ed41288cc7acde738ee,4,20.068133680555555,17.093856883300816,0.75,0.8517910611619764
2b5ed0c9139dae8883a200dfcb272ece,4,16.871241319444444,17.060331171030207,0.75,1.011207820930629
aeb36d67f1414f234d42a29e27cf1f17,4,19.47006076388889,14.867597151910468,0.75,0.7636132897687403
aded58c8142dedc5494a81f948431fab,4,8.000819444444444,4.528702550706532,1.0,0.5660298400873354
ce20a2ec1514c25e16f2b5b39bc818f0,4,14.636984126984126,2.015163888890885,0.5714285714285714,0.13767616821936796
8dfbc5ff27df12f6cef751d3b9554222,4,10.066796875,4.472770708384554,1.0,0.44430922406831164
8d899e15a5925f097cca50faa49b15e3,4,7.504748842592592,3.943195274345111,0.4,0.525426680765894
661ad5fcc28cdfb8bcadb12bb2272475,4,13.143630952380951,2.278177231119603,1.0,0.17332936685253736
077c5fae4bea9500e3737b16f71b9d3a,4,7.973985339506172,2.6577915528485416,1.0,0.33330780528035664
b98b715fe9e276204e2a3464f48cd796,4,11.317511574074075,3.5376912937400435,0.75,0.31258561306392785
b88e7c57cb2d8b973b7dd4a2bfa14b36,4,9.365081018518518,4.851058958452922,1.0,0.5179943397030344
ab9db4cf53b08b828b64dccaafc2d9f0,4,11.719855324074075,4.183273429284385,1.0,0.3569389991266708
a9b533a26e898b12e8b8d4c07279bf4d,4,15.162638888888889,2.785107763538507,1.0,0.18368225900172436
3d01d1c414c44b5943a09619ff3853cb,4,13.825367476851852,4.681836224202725,1.0,0.3386409968517392
3bfba5a77604f6dfae7e6dd7aaf65821,4,9.362138310185186,3.3701595712372936,1.0,0.3599775456821499
3be5841cdcc46de4ed3f9116f104b2c5,4,8.005859375,3.5568714075835057,1.0,0.4442835229770078
91543f9849d68d023e17194926598543,4,10.965138888888887,5.4475287333603495,1.0,0.49680435319249794
90b36c5aeb728d5504a39f435bef0c5f,4,11.74271412037037,2.77171611441328,1.0,0.2360370938099495
86bf77bdb52e615674772d5817c6212f,4,7.609092592592591,1.1269215674310082,1.0,0.14810196534184117
29e6e05b65f93bc224c644319dc52ecf,4,6.916348379629629,5.113288840476468,1.0,0.7393046966136608
0743a0239d764b9a0f959a57d07e36ab,4,5.358070023148148,3.2651774603794688,1.0,0.60939432412662
6bb62a4912377c7bfe7cb17b406bc7e6,4,5.126489197530864,2.619623836538421,1.0,0.5109976312444282
698f5fa55a5f73d0740e9d9a773e8093,4,5.899454089506173,0.6273234656886367,1.0,0.10633585009238512
556a6409838156ea299c9d1f9e2dde43,4,7.399207175925927,1.5497049113085513,1.0,0.20944202188994976
52a50b42accf164f9f019941e5759d9b,4,5.381053240740741,2.6118246967827394,0.75,0.48537425294517306
5275ca25d0358ca73864e0ae41be1320,4,7.039756944444445,3.1134076554290893,0.5,0.4422606746225937
6c1b6d0c604b776f844125f911eb7377,4,17.514010416666668,7.768165393956588,1.0,0.4435400693015606
6c17baf138731a4aaacc3210adf2037b,4,7.580141203703704,2.582577806441888,1.0,0.3407031263718444
6bd503a8230299c9316fb0f726933927,4,10.058101851851852,1.824775016553759,0.8,0.18142339811539984
f2336e113377dd21c744d9c4fc8293a9,4,20.24722511574074,4.347214929392597,1.0,0.21470670200693104
6d1b9c9579132c87d2703ec38c30f2c5,4,9.304976851851853,2.700210504048074,1.0,0.29018992169880414
a5bff0f43eb51f0cad7c37fac7244c8a,4,15.689243055555556,2.556145779388487,1.0,0.16292346101957778
a53f60f05f822b5c621a50ff6a5cb362,4,13.007635030864199,3.6510876854944487,1.0,0.280688047968077
a4bd6e9adf39b63f43dc545d3ca1f53d,4,9.838613425925924,2.736129749350961,1.0,0.2781011541871268
26e13b6ff5b641b329e5524241ee2c93,4,6.638492476851852,0.9323186256253715,1.0,0.14044131689179853
c9e5ad1f6647f5dbd1172adf6ae3cada,4,9.245217013888889,5.258329919724049,1.0,0.5687621947461671
c8660dcf9ba70575f45d80fe28c27713,4,11.137800925925927,8.059246135074895,0.8571428571428571,0.7235940190235444
21c62b998a043ebe31161d38f84929fc,4,13.303304398148148,2.2781831409328697,1.0,0.17124941839637964
43402bdf22aa2310e8f99e2f94f78628,4,16.233270833333332,11.627908364281177,1.0,0.7163010143590087
4170f6a9367e6b5d6401d03ce6d54569,4,22.090104166666666,24.06692878638586,0.8,1.089489148842592
85044848b1b767db2a4a58526adef4b4,4,8.78732349537037,4.205841752389309,1.0,0.4786260292573922
19e0f40a907ec568c34bfac15de4f4a1,4,5.835399305555556,3.088607665197858,1.0,0.5292881435307037
bd0a1b0aadca9a83d9304f7e8ff5fbd5,4,5.896536458333333,2.982940081202347,1.0,0.5058800369133104
08cdbae123ff67ca4e36d9d641ce0119,4,29.354342206790122,12.16722102226043,0.3333333333333333,0.4144947598057898
081acf3de680d554796c9cf041be7bc2,4,13.57564525462963,4.406049211593131,0.875,0.3245554173633522
5194c22ed1f616ec0c0f33c571542879,4,12.323978587962962,6.648166265964721,1.0,0.5394496767836077
700f03c207639c22d933381ff60b35c2,4,29.76735821759259,11.493346406815819,0.5,0.3861056907637581
34a557286ead8fe75c989e0afcf7d98c,4,8.269539930555556,4.2586960345408515,1.0,0.5149858481008324
bf961104a38e01b9062ee026bb657dee,4,9.057149884259259,3.6653581702871576,1.0,0.4046922284743585
bd4ff04377f974574f7f0bf9d6ce7dde,4,21.992728587962965,5.392095228129298,0.75,0.24517627299236044
33ab10be054370c254ddfcf0a6253422,4,5.813640046296296,4.215820679066861,1.0,0.7251602516658457
189ca3538ce9f920cacf0f982cbe223b,4,4.781097222222223,2.9703129011632843,1.0,0.621261765470375
818d28f936e791926d33bcb6ee94ef79,4,12.943929398148148,5.953259880404521,1.0,0.45992678863469677
cb5ff1b9715e99589f3e0c7a6afab9e3,4,6.08377025462963,0.9324081463210884,1.0,0.15326156434187238
939e6227d6964a11a70aa91243e418f2,4,5.3417332175925925,1.015879612283859,1.0,0.19017790123590161
929f342384a6607afe143d789ade1316,4,4.4983478009259255,0.5245587789540708,1.0,0.11661143205647577
918717417d88a9f9ae9735567e6c7682,4,8.146559606481482,1.3824666046080174,1.0,0.1696994401793996
32f1bb9dfa65bc7df5c0d9d95a616be4,4,6.5551157407407405,0.9464702532142102,0.6,0.14438650523465163
eec3469d83e142f9a104886655338c37,4,9.977416087962963,4.744870023243439,1.0,0.47556100511512034
eebb3372362aa9a46975164bed19a7e7,4,52.582190393518516,75.84641942766396,0.5,1.4424355254134313
ed46f1eb4a638113deb2a1137b5f22e9,4,7.358561921296296,3.189851590010564,1.0,0.43348844843975093
0b64bcdb0784abc139af04077d49a20e,4,8.495092592592592,2.001034963167385,1.0,0.23555187201987818
bfd938b22bc99bce1ae60dc602889f52,4,11.246290509259259,3.922410601299129,1.0,0.3487737221504053
9485a23c0430ba1d58d359391606fce6,4,13.413342013888888,6.694029237850526,0.75,0.49905752279477944
385799a1cddbd26dfeb9157356a42282,4,6.586275077160494,4.218022855312139,1.0,0.640426159839445
da03c298e3999e9d828591fc2179d109,4,9.086875000000001,4.812222186646174,1.0,0.529579441408204
d9d43faf741ceaa8da52fdbb81d9e0e3,4,9.54569637345679,2.9851415400650607,1.0,0.3127211911291967
45c20d94d9171b0bcfab3c955e47d67b,4,14.431024305555557,5.646703925936427,1.0,0.39128919793743244
7e79d65b5c6f1f544b7daea036acf720,4,8.56722511574074,4.505686672329156,1.0,0.5259213586031216
d8d9567d0bfb0bc7eb845a205ba42657,4,13.52205150462963,7.95204087279825,0.5,0.5880794693080158
a218df5c097b0ca409cfaac1488cc7f6,4,11.561912615740741,2.511593663204723,1.0,0.21722994686755914
a35124e2d763d7ca3fbe3b97d143200f,4,8.886656746031745,6.650357750817686,1.0,0.7483531704752006
353e21e8bf8de2722b4fae1636664b76,4,9.107554976851851,3.9191844205330857,1.0,0.43032234562341387
0aa2205ca24f113f4658a5c536667426,4,6.862206439393939,3.3185051431508352,1.0,0.4835915638008584
09883d9ab71c8fe8a9bfc7fc3075b07e,4,14.43830150462963,14.404706234807538,0.75,0.9976731840783821
4ea2f12dbe91deeacd2c1e74f069a6e6,4,8.440769675925926,4.0509200778380405,1.0,0.47992306784436306
dbbcfe2c8d026742134ac3e28ccde274,4,8.287314814814815,3.553646887616157,1.0,0.42880558625134907
7d948535954aaf8c5d39db007f74372e,4,5.600842013888889,2.6539935158479526,1.0,0.4738561647099877
7c51de0ab286204ce75ff42bf7c10d92,4,9.790217013888888,4.16636464750508,1.0,0.4255640749938912
160e4f13fd3a64b1b86807be88b5ffb0,4,14.298266782407408,3.1920865330539248,1.0,0.2232498932654879
e9729944ba65dc3ce425e0c5a22ae7b2,4,10.13974247685185,6.8656420642431675,0.75,0.6771022124000516
0d83f8e03188682112cc0d93523705cc,4,25.21679976851852,18.159996614495174,0.5,0.7201546897781498
72146da5774cabf2632faedcae097a76,4,27.301358024691357,37.55709752868509,0.8333333333333334,1.3756494272086552
71dc18fd8cbf5fd77f45dd8b427abb34,4,11.461727109053498,3.1604555586169893,1.0,0.27573990625902955
713e3a23ca5e47786eb6f0d99f94cfac,4,10.095622106481482,6.449910704133323,1.0,0.6388819466600698
5145090ab595c0d0b8557199f5701fbf,4,15.680384837962961,13.282049344168609,1.0,0.8470486841631675
a13aaf2d2886ab9fb30fb9a920160b8f,4,9.351059027777778,2.858415153303345,0.75,0.3056782279752789
a0a14e50070f3225b3eabba5b85da517,4,6.053330439814815,4.738384960239762,1.0,0.7827732200234422
a080fc8a850289b27500f6b49cca2553,4,5.423171296296296,4.363364666122027,1.0,0.8045780647020953
c0aff2da32c17759d30b22fb0af6649d,4,7.814456018518518,0.528242996906902,1.0,0.06759817902296512
0f0c984a4a955310903b6b6008660bad,4,14.240300925925926,8.680526547343506,0.75,0.6095746566380292
4e85b538b0dad58852641540686d0e14,4,17.22519675925926,11.526304438457514,0.5,0.6691537170547354
4deebb3199eeafb282ae33229144f94b,4,11.752780092592593,6.349765084023661,0.6,0.5402777074018187
4dc646b9b9e8e411ef48ba000ea3ac6f,4,10.663962962962964,7.363148330574043,0.8,0.6904701709999379
9853a239ab7b7ebbdc3a21248d5b8e1f,4,17.958078703703706,9.086544268160278,0.75,0.5059864375294364
98115075dd26cb8835946fc6086f5d30,4,4.25859375,3.2933231432737866,1.0,0.7733358325794252
22c32ec35d0116ef02c281798a25bf8b,4,9.717814429012346,3.8116411733549205,1.0,0.39223234825058395
4a82168aaef173cbb6e46ae88728f919,4,6.717989004629629,1.0917283958678239,1.0,0.16250821415686614
119d1aef1b4144adba89163f6cd9f5d4,4,4.477740162037037,2.1620448496132796,1.0,0.4828428563013605
dd4d95ba2d15c071e6c695e2ef6ce169,4,14.406846064814815,3.145193153744331,0.5,0.21831240089568898
dc64d75cc406bb0697be983831430e60,4,10.212702546296295,4.769228294972435,1.0,0.46698983675991107
dc50afafdfa325eadc890c7fa42a8f4e,4,6.205685763888889,1.507630582306493,1.0,0.24294342956896886
4dbd95a08b31ede5c82d3f861cb1ce1a,4,12.341614583333333,3.1208843947323177,1.0,0.2528748871275643
74636e24f01da9268b0ed88dacd8513e,4,13.129348958333333,15.118619593806386,0.75,1.1515132731856017
72c38a04bd6a1c3dbc5298425a0db86d,4,8.146655092592592,3.5356451319938524,1.0,0.4339996098777601
e73bf2cea7fe4b0b4d287a7568ed1099,4,4.831981481481481,3.2925716304081747,1.0,0.6814123032190668
e5f9e61ceb5f523cc966e0f34095032f,4,20.252138310185185,6.536697578208802,0.75,0.3227657977686916
e5d4b2b0c3bca22085f7a19a28de0c42,4,12.684464699074073,8.33287853350193,0.75,0.6569357660091248
e5c84227854980f1db19a58958c551d9,4,10.187983217592592,2.0970609224478336,1.0,0.20583670758572045
262237171f48e85819065498cac80d7b,4,8.981194444444444,4.094298662764052,1.0,0.4558746264865347
131fcb0a0c9a47bba4474aacff0f14b7,4,4.300601851851852,1.496362157368406,1.0,0.34794249942576483
12c2ed9cded6138cf0c75f525f565fc7,4,13.442248263888889,7.639553380256027,0.5,0.5683240801896838
120476eb7a04c149d14772edaf5d9bf2,4,6.561263503086419,2.811605916818882,1.0,0.42851592768623026
4b39558c138930b9e5489c93b6df5fe3,4,13.022585648148148,2.061688291799824,1.0,0.15831635494699184
c7bb64409aa480bb7d0335faaaf3d242,4,5.879091435185185,2.191565163906046,1.0,0.37277276396654885
c714262700f93defc16bf17a51a4cb23,4,10.20859375,2.591455255115366,1.0,0.2538503655427924
2493dc3f20131696a0ecdb9948051a8d,4,9.174956597222222,2.6148856917784618,1.0,0.2850025135345202
9dc79dd988ac42f4d56c340d7048420a,4,6.52150462962963,3.7677886926074975,1.0,0.5777483735101601
9cf787a239c1aa29dbd76f153dc13f9a,4,6.560300925925926,1.6127786988150148,1.0,0.24583913406188543
9cea4682e16655f7da87f406902e989e,4,8.910434670781893,4.440923238318785,1.0,0.4983958024944582
c4af86330efa7a2620772227d2d670c9,4,15.150208333333333,9.22628651846992,1.0,0.6089874353853166
c458e2045a8aa8964f8879af03fdcce6,4,15.368130144032923,2.5952730572569243,1.0,0.16887370375794264
74c7dec0a384d8a05950e629bd23bde9,4,11.539169560185185,3.530980785112729,1.0,0.30599955800078066
10264f60a8f0a4d2f30810f5c661c673,4,4.128816550925926,1.5324234012657663,1.0,0.37115318211997234
e53d5b9b29d1218281f4a907ada18626,4,6.857546296296296,2.0291475480804477,1.0,0.2958999415252032
e51f22821f0c12a16ad5c020cdcd55e9,4,10.324129050925926,4.914930069128938,1.0,0.47606244021989824
4c8545742faaf58fafd5fd14d25d75cf,4,9.968619791666667,3.9308424548772436,1.0,0.3943216349933676
77714512e8d4dda9c234da8e3faf16e4,4,12.796510416666665,4.378798596969033,1.0,0.3421869286540742
7a91bf945c6fae0779f1c61ce97fe45c,4,43.84916666666667,47.70574998080491,0.75,1.0879511198800031
269cff2d3c8d205c11f37a52402ea93b,4,7.116787037037037,3.766998013128282,1.0,0.5293116111981641
365e445f796710c3431557e85caa25db,4,9.717527777777779,4.880100830662894,1.0,0.5021957170858619
35ef5aa32949680f627efec3c23e705c,4,12.05137962962963,3.6114540661667016,1.0,0.29967142162608074
05730013efda596306417c3b09302475,4,9.451623263888889,1.9447990614496269,1.0,0.2057634976713445
61b18775be84fb700a6b2d0ba097bf66,4,11.869849537037037,5.48918962961757,1.0,0.46244812223523657
b44dbfbf62e52125f3c15d230569ea91,4,4.566316550925926,2.916035277312008,1.0,0.6385968306819891
2ee0a0689f2f6a72f35a7cb6033f6e7e,4,9.681559606481482,6.152002011591261,1.0,0.6354350189067369
b0398568231ba5e6734af1881671a317,4,13.211869212962963,5.042269806015826,1.0,0.3816469664314078
1d2732ef8321502ee8488e8bed1ab8cd,4,11.34351388888889,8.025255217272822,0.8,0.7074752405543099
1d1bbb8ac1581824986f582583fff01d,4,9.16330439814815,3.065422054854916,0.75,0.33453238282408476
5f06030071324cc52bf0304014ac7234,4,10.357387152777777,4.758643752704404,1.0,0.4594444218905315
5f0057b677eb963672bf05dfa3f16c34,4,7.040208333333333,3.9224431249379226,1.0,0.557148729017904
f9d010e39375d9c91dce3f40b73a2f84,4,18.845645833333332,6.471708010734624,0.6,0.343406008367607
fe8055980a4ff7f64ed889c2b5926929,3,6.485983796296296,1.3025638499675325,1.0,0.20082749061311841
2c43fb513632d29b3b58df74816f1b06,3,4.594564043209877,1.1609260524125418,1.0,0.2526738209533129
2d22fc3089eb907b29ebff50581fb472,3,9.620108024691358,3.3528488722829657,1.0,0.348525075152733
2dd1fb6f0e42a2243b8a01e40cd41216,3,15.735182291666666,7.948490693085667,1.0,0.5051413161762466
5e49e3a44bdeb5aab2684258bbd4f525,3,16.658904320987656,13.226220745039347,0.6666666666666666,0.7939430163108834
5f5a58930c3c35f3b5af264f34fb8c85,3,7.959606481481482,1.0719000073193536,1.0,0.13466746249493558
60da8bfa7eebe230b7d66ac4082d79b3,3,7.781188271604939,2.773688034273678,0.6666666666666666,0.35646072777796706
5b97c06a046398e7005b2b7c0d707a92,3,26.17675925925926,4.0065503673099565,0.3333333333333333,0.15305753961475416
5bf397d04035b5f45cc41e82ec106803,3,3.496568287037037,2.520496983048014,1.0,0.7208487797570978
ccada0ef508e698917a6eab263375905,3,9.912824074074074,2.4780772087110265,1.0,0.24998700574059124
1d0997ff06b524ce9289ffd75114ecd3,3,17.01238425925926,14.177912790505166,0.6666666666666666,0.8333877588491814
2eeb6531ee027a48d401e72bebdd87d3,3,12.211415895061728,5.763798196907233,1.0,0.47200081026133106
2f73e04d12cdf0c945ded66bb3fcf6c7,3,13.595486111111109,10.615144025609592,1.0,0.780784441163469
b43d8b707f887a30f4675391098354a0,3,19.93375289351852,26.30374651816573,0.75,1.3195581714428908
b45d7ebfb7378630f1bcd74b6ff86ff7,3,29.70025077160494,11.611765444467718,1.0,0.39096523237336434
b56828a9f9027f3c918c04ca720d9e3c,3,16.972858796296297,4.606379925670153,0.6666666666666666,0.27139682129891557
03bd479e1d9484cdb14104d3023f7321,3,20.46724151234568,7.362875807085245,0.6666666666666666,0.3597395282917835
042573af89b6d931f672efaf789d8358,3,20.024783950617284,26.989841229026396,0.6666666666666666,1.3478218439502518
044668ccd5316b12a7cf0d54a156e3e9,3,7.197418981481482,2.402042587607123,1.0,0.3337366622378705
626ab1cd96932367f0eeec2e47046c12,3,7.193283179012345,5.418515212162495,1.0,0.753274280647251
62760d278921b5f352461620d68a9cee,3,19.679513888888888,10.772953547639643,0.6666666666666666,0.5474196978880705
578fa3a9cb6b6dceab39231ad59cdaca,3,22.39690200617284,18.489001103082696,0.6666666666666666,0.8255160065435352
9b1585752613ec342d03bbab9997ec48,3,8.091628086419753,6.344262802130662,1.0,0.7840526942628877
9b522ba7eae9e1d04082f267144583cc,3,26.798921296296292,44.87900178344581,0.8,1.67465702396194
c5ebe6598748b0aeaa61cfb820478b92,3,4.9036535493827165,2.0801354348157743,1.0,0.4242011418358923
78ef7e885d17f35e2382a47aae8b8cce,3,8.66204861111111,2.117736120259172,1.0,0.24448444188395319
79a679c36c08d606b3fd47ead9de109b,3,10.025785383597883,2.975904240373793,0.8571428571428571,0.29682504926171194
4a23adac87cf538689fa600d976f78b2,3,8.555979938271605,2.0331054944050395,1.0,0.23762392023744594
778323240ce2830d68aab11794e00bfb,3,10.546203703703704,7.4120483619544295,1.0,0.7028167263023191
e3d3b3efac954a60d61be70b7e05b49b,3,11.115142746913582,5.720726570757028,1.0,0.5146786416526716
e3e290b38963293022cdcd6db8328103,3,9.766523919753086,3.918830582821852,1.0,0.4012513167449373
e5899683388855d3dabe8913bbe365de,3,7.7213618827160495,0.9240232492654676,1.0,0.11967101960780463
e59e489e2ea74bd409b798b5daf49de3,3,14.799812500000002,1.7307439502878867,1.0,0.11694364035273329
10089e9f2fd0c668a8fd4e52e1698888,3,7.632048611111112,0.9208669832914425,1.0,0.12065790329883368
1099a00e0ee3a50935e6c2447ca090c5,3,15.039498456790126,9.823652483391047,0.6666666666666666,0.6531901653246823
10cdd491d1dbea8fb4ead97b19c334ce,3,7.089984567901234,2.231661531071566,1.0,0.31476253716757796
747e73c01a4593d4cf60dcf970fd2689,3,10.688094135802467,2.9335015283484633,1.0,0.2744644172361806
74bafed391319577bce6f4d2acc0589a,3,7.031435185185185,3.4147507084789868,1.0,0.485640643559321
9c54608f0996c32ae4743089d915f845,3,12.21988811728395,5.209239061811955,1.0,0.42629187860107715
249f0e9905a6e06ad6c6bea7547ab9f6,3,6.271500771604939,1.24601507682074,1.0,0.19867893223616276
c79151301b9d90985d1fa52879213105,3,8.649183201058202,0.5488416294628593,1.0,0.06345589134887444
c7dcd301ecfe5ab7f778ac172cf74be7,3,25.347723765432097,2.733733420551029,1.0,0.10784926669743625
7adbd3210a7b3cc2235e225eef33574d,3,10.077029320987654,1.7086658608295562,1.0,0.16956047327071677
1284de4ae8aa26997e748c851557cf0e,3,19.269425154320988,7.9732908628364925,1.0,0.4137793836080552
134285d1f41da5c13a756ee8142c8a4e,3,8.562575231481482,3.6431583201061386,1.0,0.42547460566671197
e1643dff33666ca629e3644c02738179,3,4.555775462962963,1.3253195636767807,1.0,0.2909097637605752
269c5fc9fcadee614364c3620c30a1f9,3,4.606662808641976,1.9274661074175075,0.6666666666666666,0.4184083332085068
252e76235acb79183cfca6e34f13337d,3,14.787332175925926,3.036008545243865,1.0,0.20531144557546005
25be943a321c8938947bdaabca979a90,3,3.203792438271605,1.0675941431417957,1.0,0.33322824861829864
75745ef7bc7d4f3ea3380f6f5303f514,3,5.69443287037037,2.7425435909022826,1.0,0.4816183899844455
761681a821d8275bc79f552116d06869,3,8.154621913580247,3.76431767752658,1.0,0.4616176834952578
762ed976527cddf02787edba70fffa2a,3,7.73574363425926,0.4441781545742939,1.0,0.05741893418069902
76623fde66e6b63b59440fd34160512d,3,3.3888425925925922,0.52892970064119,1.0,0.156079748819652
0dfbed20065e425d2eaefb101f9816c0,3,21.56864197530864,13.981942266877018,0.6666666666666666,0.6482532503846683
0e72c1a751b496722a6cb1f10653b62a,3,6.891940586419753,3.896884696464785,1.0,0.5654263334979142
7402d13c03a7e91366337cd1de471144,3,9.903695987654322,3.4479239556513015,1.0,0.34814517327161393
13dd308f81fea30cc670c656b2b46cc3,3,3.6380208333333335,0.7020224936356598,0.6666666666666666,0.19296824449255073
dcf3755cefcdc158ad0b7bdde51e871b,3,13.252658179012348,7.704005995549326,1.0,0.5813177923618238
de09d00cfc265b8804c7df34075a68fa,3,6.152604166666666,3.757801899177687,1.0,0.6107660752070735
11d4c477d09821164bca4f70a2eae031,3,6.707725694444444,1.0847393788730098,1.0,0.16171492817176858
11fb6f6d341adbe19e81733701704635,3,5.362199074074074,2.6121099009918014,1.0,0.48713407781169543
4a82c4af97ffc0fb2dc26bfdc03b1842,3,12.739297839506174,2.211317869434149,1.0,0.17358239812688675
2305ab43e846518f58dd9d59f3f54e96,3,11.829328703703704,10.433768661013739,1.0,0.8820254236190915
979e9f8b5b39dd243a2550c8b05aecf0,3,8.52640625,4.241429893652458,1.0,0.497446376502698
4e326052e5dbba8adcd512f3450a307e,3,19.841226851851854,4.361539699632742,1.0,0.2198220771426573
4e6015589b781adaa5ce7f1892d06bb1,3,5.894976851851851,5.275435010700145,1.0,0.8949034310529849
0ec28cec4046a4a199b6de9b4c891d97,3,8.863423032407407,5.887346847908069,1.0,0.6642294773003741
0f7eea709efdf942b5f95c7516dbacd7,3,8.043919753086419,3.7335657708353165,1.0,0.4641475655451141
0fe2d9733ed841eb064503920015a8c0,3,8.665925925925926,4.670617055541021,1.0,0.5389634178118111
e82de6494d91d3c4c54450f59b227a94,3,18.68153549382716,23.280633980536482,0.6666666666666666,1.2461841794658142
c113b8df1fc375bc3d73d29c1b1144d1,3,6.676039351851853,4.780894048687033,1.0,0.7161273019400148
c1849d4d32d7a6cecd5aa471809d3135,3,5.419305555555556,3.6844399616222305,1.0,0.6798730803885301
c26ba52cf8d2f34915f2f6b7ffa0a3f3,3,7.716890432098765,5.937919386002834,1.0,0.7694704801436317
9e9b539eb2806acee3f5c28085c1db9f,3,24.787878086419752,14.62916421288663,0.6666666666666666,0.5901741230888714
a00824eb9093d40e589b940ec45c4eb0,3,8.007125771604938,4.239716406718269,1.0,0.5294929201378669
a0d7fbb07bb5ebc3b05980e750db56f3,3,17.37723090277778,4.05950171785194,1.0,0.23361039169957865
c3f5668699a1b04c0fa61ecea1e2bff6,3,12.12863811728395,3.788471671111999,1.0,0.31235754867755733
7238f877570096ae403c51898fa64566,3,8.923016975308643,8.905737078500563,1.0,0.9980634468301588
0cab2da43793a6f3c5ed8514c5f54627,3,5.005370370370371,0.7044956514525803,1.0,0.1407479565593967
0d4c8269e7f0401201794deef160edd6,3,18.80715277777778,4.981975384050037,1.0,0.2648979057551262
e9c2dc0dd4ac38448289be644ac94f42,3,5.392226080246914,1.6912858878639683,1.0,0.3136526293026874
e9e446d01bd10a97a8ffcfc4a3a20cb2,3,5.304830246913579,2.358129069411363,1.0,0.4445248876311082
94c49f20a123aeb9360dbf80ff912bf6,3,14.152438271604938,3.075956059098223,1.0,0.21734460169098468
954e95f20808d7e5d11f0de292d078e0,3,10.917008101851852,6.510470231113668,1.0,0.5963603004022042
39a5005f2605cbdb4f9ac14485cabfd1,3,11.021380208333333,1.583699086119037,1.0,0.14369335384343174
39f776d2974049026ff531fc42ef2a3e,3,15.296750578703705,4.02813533434905,1.0,0.2633327459726683
1588ac4010787100dddef64568f0ae35,3,19.871010802469137,6.6294704946511445,1.0,0.3336252272495055
7c9130f5f3729edd32aa059141d92484,3,7.129021990740741,2.6549835044595675,1.0,0.3724190369882281
47648caee88ccfe951fbb27fbf7b4cbe,3,13.720875771604938,5.7473617529692165,0.6666666666666666,0.418877180191607
478bfe564db21eeb44386606aa30b650,3,13.974162808641973,6.480746322987309,1.0,0.4637663387590885
485452467ff670447e84a8370c3fc898,3,14.225609567901236,2.7460827962389196,1.0,0.19303797022766603
48bad451945f5227341793478d6353ea,3,22.083051697530863,3.6218827088720316,0.6666666666666666,0.16401187473907872
db1f0f7c7e5e87f40b62226f020bb297,3,9.605447530864199,4.844259037595943,1.0,0.5043241371139016
dbec9a0a7efeff029d4d9dce7dc4cc95,3,11.927997685185185,5.456657662355332,1.0,0.45746635825831955
ea3ebea5317b0efbc663ecc8ce5e9bc2,3,9.390617283950617,6.521134580277424,1.0,0.6944308753187729
ea4e9ce63a2134743b4a92777437fcdd,3,9.196814236111111,3.231703223727862,1.0,0.351393769707628
eaf6d55068dea77334e8477d3878d89e,3,6.129313271604938,4.4232549563418075,1.0,0.7216558789437751
52454f90d4c30c016768db02f88c1a74,3,12.806629629629631,4.176114483267826,1.0,0.32609004898571425
70126eecc6aa1274392a1743866e9678,3,5.5894405864197525,3.6236788234390085,1.0,0.6483079598776291
4fb41dff7c50136976d1a5cf004a42e2,3,66.75465663580248,87.76021712725232,0.6666666666666666,1.314668092835099
ebef8d8c92b4fd3226e5d407bbff21ac,3,40.11726851851852,54.69365593461613,0.6666666666666666,1.3633444637281078
a3082f442524a1be452e3189e003b361,3,12.446550925925926,5.675255996754443,1.0,0.45597017443065246
a35ef466c6fd6d052f5d241240d3c5e2,3,11.831080246913581,2.724161557255908,1.0,0.23025467669924482
a435b009cd956ea60748b5cfbddf2e24,3,30.40936342592593,21.62276129266077,0.3333333333333333,0.7110560319794784
d7b2377bae6ace1b11fc69a11900ac36,3,19.543175154320988,20.502197597157032,0.6666666666666666,1.0490719872929146
d90fe2229fee1a5da999ccd0c06c1667,3,9.816265432098765,6.38592553365476,1.0,0.6505453196867577
7f5e4d5efad7e44b91115dd1decb65f3,3,5.439356995884774,3.3289920598083436,1.0,0.6120194100749301
446cc09cdbb130904da114e807dbec40,3,4.268302469135803,2.1565495372407493,1.0,0.5052475903089836
44f091b5abab8018f682fce8124b85e5,3,15.188487654320987,10.248283181819788,0.3333333333333333,0.6747401989627483
d9cb0052a666de5308b32f32ad5f1b1c,3,13.012816358024692,1.1338696580471557,1.0,0.08713483898110384
d9cd369bffa979d1634f8e1318bf2f1b,3,11.24925925925926,2.365332275061908,1.0,0.2102656024320005
213fafb0ca06fb3d5886579c2565791b,3,4.259791666666667,2.0551412710489325,1.0,0.4824511224646587
961dff0a659b4561334372337dd897d9,3,20.515949074074076,7.256165355472869,0.3333333333333333,0.35368411811094114
a21c11ec5c3f03e7cc9f9203bff9e1c6,3,8.954418402777778,5.610930329226218,1.0,0.6266102472367869
340636a908b13bbe0f4fb63fbe1d0c03,3,7.826103395061729,1.6570962799585471,1.0,0.21173963546203273
3442f8959a84dea7ee197c632cb2df15,3,13.018587962962963,13.41409345400014,0.6666666666666666,1.030380060584325
c04d70d515d15a7e3db3a73320598566,3,7.230824652777778,4.0508166130133745,1.0,0.560215024915204
0b0ddbc7b9d9584f442c7ac92b0ff6c9,3,11.944313271604939,6.323859901212773,1.0,0.5294452479111046
ed9eef5be0992d413d251fadba1a410d,3,10.35042824074074,1.9884471609289391,1.0,0.19211254980756562
ef728fa1f17436c91ed1ccd03dcf9631,3,4.545859375,1.0287911465954094,1.0,0.22631389616961245
6eeed17989b0ae47c9f11ece6f38ea90,3,6.500030864197531,4.004801955544387,1.0,0.6161204522278534
6fa9202c10491e472dffd59a3e82b2a3,3,8.464201388888888,2.03554526997546,1.0,0.24048875687759008
327b89b872c14d1c0be7235ef4871685,3,47.8408024691358,37.483714925228654,0.3333333333333333,0.7835093265714145
3d290fe363c60a77498c1126fd3fb8d3,3,7.46141975308642,1.2990998303786228,1.0,0.1741089327994514
939f6e231201f26803cb5c3a3d2940b3,3,9.902161458333333,5.298935753019761,1.0,0.5351292013684903
941554c5757b73ba0e50aa7732310afc,3,7.5560937500000005,4.294412924041406,1.0,0.5683376975095639
94231344608e603693b0a8891143f65d,3,12.531454475308642,3.258611910467464,1.0,0.2600346126531498
17eea220a40cc0d2c0c5346379682398,3,25.364583333333332,3.221984378964279,0.3333333333333333,0.1270268995402755
461ff5303b6c9c1a4a07f40c5aece516,3,6.6001157407407405,3.6192941283841704,1.0,0.5483682817928844
800214c63934acd05d47e84214db8ba8,3,11.791327160493827,4.087318173766322,1.0,0.3466376700547034
809413606dbfe5deefd2db646693ef67,3,8.312050925925925,6.001771470201662,1.0,0.7220566288257061
184725737946a1a938bbbd1a9e978103,3,8.57604938271605,3.229750555313594,1.0,0.3766012077568898
d73cbd89533ce8b041a9190241453ac8,3,12.21965663580247,2.9642956002501446,1.0,0.24258419762508146
be3b4b0f050a6aa1b2d901c4b77e979f,3,7.576799768518518,1.5496244162390838,1.0,0.2045222869261701
519a7aa428f18d125a283cf8c014fdd6,3,7.4835262345679014,2.8277957282497224,1.0,0.3778694213948993
51f108f62cb87d61918159902c8f8583,3,5.971261574074074,3.564331278890846,1.0,0.5969142759323091
f049a72cf58fd31b11f8919cade515e7,3,3.9809953703703704,2.28523072995947,1.0,0.5740350131949198
08f5819815f3d06545011850bd70f0a8,3,8.471766975308642,4.42991340152708,1.0,0.5229031221512901
bc30de0d71bd6260b936a026b5cf7200,3,12.237530864197531,3.518648511954576,1.0,0.28752928601380157
bcc9dd23e2a8bd8267cf92b19304a1b9,3,22.54966049382716,9.471876352976826,0.3333333333333333,0.42004518673661173
2063dd1b9f568df1c16741ea7d3e6adb,3,12.651215277777778,8.075189062927727,1.0,0.6382935461632708
2075d8cd4dd63ff12df0749a5866bb06,3,4.744471450617284,1.8799257029240022,1.0,0.3962350121591337
20a7efa9721046319bdde5d60b6b5365,3,15.33033564814815,6.39929072226448,1.0,0.41742665451930216
83c465a786b06574376909b35ef6752a,3,5.269764660493827,2.277276148583107,1.0,0.432140009146007
83f2b4881141ce3fcd4e985125d3279e,3,18.191948302469136,9.246745714287812,0.6666666666666666,0.5082878183549356
41c9d3997dd3c072c31139dc5bb5761f,3,22.206986882716052,4.487109852776171,1.0,0.20205847269935295
4391ea5c5990502176a1dcda44a2373d,3,10.332960648148148,5.641056585148632,1.0,0.5459283914102209
83a75eea11694e36e56dd0cb2240229a,3,4.093989197530864,2.8078911565464604,1.0,0.6858570018308633
d558ebe531605a1285ab2b1bc3256dfb,3,9.418445216049383,2.1683992941650456,1.0,0.23022900748735176
26b482dccfa29bd2e40703ba45523702,3,3.457259837962963,0.5318204902352606,1.0,0.15382716809292882
a56e351445e5863fc8960640ba9190c7,3,9.26288773148148,11.742704675206129,0.75,1.2677153189816361
6d2f2e3b539480db1e0842b3a4e32e6e,3,5.595298996913581,1.0277636758296151,1.0,0.18368342360194498
6d7f8d9d594e28796b6b3205b00f459c,3,15.28804012345679,6.432058683160116,1.0,0.42072486932391423
f19516b9ff26bfeb091b30108db4ddbd,3,10.648128858024691,1.687040408980598,1.0,0.15843538629880524
f1b854361f4e15d5851b494df66f22b2,3,7.6084606481481485,1.6378224755509225,1.0,0.21526331689046171
f1c1ac3f3efc07e659c035008e615e66,3,12.648045267489712,3.861808461233131,1.0,0.30532848195597845
52956b80ae65fda598f06f6b9943e7a9,3,25.609182098765434,11.007895277999154,0.6666666666666666,0.42984173549727783
53088c75f948b48a7ece173ac17f0c12,3,10.963942901234567,2.5341654308322616,1.0,0.23113632145483978
6ba4733aa33f6386e9fb0c0fd3993b38,3,12.429888117283951,6.734950405970265,1.0,0.5418351591278776
6bb66d9870c2e01c05655c7ed0e7ee13,3,8.319984567901235,3.8003651346296965,1.0,0.4567755028406694
0761743cbffb25d7148189e9f1a5f03a,3,14.52374007936508,1.7762824461019402,1.0,0.12230199909909102
28c7d8743fbc8679f484868cc0fcaefb,3,13.52462962962963,11.9271975189794,1.0,0.8818871825406153
a69aa24cec11168e7e39a3fbc727e925,3,8.651388888888889,5.315549254949017,1.0,0.6144157109589489
a7a9b880c49781da66651ccf4ba9ac38,3,9.169887152777777,5.108041602518316,1.0,0.557045197766798
a90a5da8b09e44264a177c0374a5ac87,3,9.380806327160494,1.2105840124873348,1.0,0.12904903590028283
d149de2f383552baea37a7198c2296ce,3,4.890138888888889,1.9036324244600455,1.0,0.38927982777449877
88ae906ea2acf6971f26c3e8b7cb4357,3,15.088244598765433,5.417570892450153,0.6666666666666666,0.35905905799627846
3f84fefc07dc159b268d4a77d3e8c425,3,8.068271604938271,2.423432560577295,1.0,0.300365763479505
3fadb4cba4c35bce6a7eaf9872d5623a,3,8.984731481481482,4.13824187144026,1.0,0.4605860375426501
8759e7aedd644f487315e5860962f162,3,32.80336033950618,29.525536089529197,0.6666666666666666,0.9000765709350396
876182d1918783bbe15233febfbd4926,3,9.279259259259259,2.7634911911097633,1.0,0.29781377089472183
191d55f7edb8524d525ed01b20fe32e8,3,22.529178240740745,23.77610580206994,0.6666666666666666,1.0553472278484755
1f7fd2a6fcd5a6fa5d8a4dabc72aaae0,3,7.109780092592593,1.9574047269658124,1.0,0.27531157102948334
8fec2e460530482132c436cfb5439925,3,32.48059259259259,22.076013018462454,0.4,0.6796678033361075
902c99f1ac505c0d18778b61bcd636f7,3,4.851431327160494,1.1030172576886688,1.0,0.22735914069595958
aa1eb17b9fdf6dfd546e25c45c7b9235,3,6.515587384259259,7.357438849879584,1.0,1.129205767027869
aa762680c40618316a896838866140ea,3,22.5642862654321,8.53731030281592,0.6666666666666666,0.37835498993357736
ab27bbbad5239bc31a34709275a70db4,3,8.072671506734007,3.8537679996370895,1.0,0.4773844688740746
ab91571efab27993ff2f6b36e38055c3,3,15.227343750000001,7.8492809530662555,0.5,0.5154727628097484
ac51cac5e20d69ff485a54746488ef48,3,16.31224922839506,8.234020694233264,1.0,0.5047753120336181
b9c0ffa92f3ff9a5a3d45ef7213c0842,3,21.183537808641976,11.599731433573178,1.0,0.5475823508970717
5741dc2bf5044c34d0698681c5081bed,3,7.190243055555555,2.676728543511665,1.0,0.37227233110617663
657969cca82e884d272385ec0ef06edd,3,8.105501543209877,1.06012747506214,1.0,0.13079110150194562
65a7c0788e4d632ccb5e1b594b87f0bb,3,11.43482896090535,0.7863510452451148,1.0,0.0687680636005644
ad75519a07f039025e83795a4418470f,3,9.059162808641975,0.8952396325864457,1.0,0.09882145309635379
8d92f3ea807b89465643c219455e7369,3,42.1159056712963,12.639206411252076,0.125,0.3001052977442252
8fbe2ee446b97e128471be4ce983dc0d,3,8.099621913580247,5.4500613112077,0.6666666666666666,0.672878483632655
1e47defeeadeca0e9a18fa5a9311e735,3,12.017928240740739,1.94720962240804,1.0,0.1620253993368845
cf654707ed6a99f112c7ec3d6f314b8b,3,4.274947916666667,3.381886219636728,1.0,0.7910941339078835
1bc2e21de46adfea6b98cc96b00f3b40,3,16.773094907407405,1.4463780114476315,1.0,0.08623202929644641
1c56ffe0e9dea2657fc6e95b53f40b13,3,6.678163580246913,4.103037787184905,1.0,0.6143961192147381
8c3b533c63cca56240f94f1e3a6b18ef,3,49.224266203703706,20.855302268132963,0.2,0.4236792922788919
8ca5b19e0263150d2c57afdde2b3d011,3,5.376125578703704,1.8512579234535946,1.0,0.3443479688768676
3d3ccf2b2f8134b10dce9dd446f0e075,3,16.772862654320985,18.610059827641603,0.6666666666666666,1.1095339067149235
3d49bfdd1b43a7fe169b3740067acc61,3,8.759347993827161,2.6373435591211756,1.0,0.30108902637271057
3d700782d7818f2c1e0d7a9e9d75fc00,3,25.728460648148147,20.759552345898072,0.6666666666666666,0.8068711389226576
8a43128d7f9a3db592b866e6861a6cce,3,6.657034143518518,1.4303662184042425,1.0,0.21486538713293044
1ca4bdb0cd7fc48e949bac066188ed26,3,14.298279320987655,12.312302488475533,0.6666666666666666,0.8611037882301672
b7e1750c1157341d2abd0251e07c186b,3,9.544210069444444,3.213409219990475,1.0,0.3366867657574016
2a7c6c0b0d5efde2bf75ec1e1cec2d41,3,10.607287808641976,3.1485862379076144,1.0,0.29683235665033963
2b2fed75b8e5ea3a052fc4c0825da485,3,4.906539351851852,3.37653321024701,1.0,0.6881700049898959
f6122bc84774df1b372bdb3bb88ddb9f,3,15.619992283950618,14.312485822497884,0.6666666666666666,0.9162927588129359
6548c2550b6e2d8f18053216e1c7b6f3,3,6.334023148148148,4.075140633664764,1.0,0.6433731829439551
56f413900b5166ab4d730e9ac0b12cb0,3,10.19193287037037,2.5482453594475443,1.0,0.2500257205240935
b3e2faf2c1004d674f16a3aa3197f0e1,3,6.792133487654321,0.8658056247915971,1.0,0.12747182109499514
f88adb15807168d3c43d71021090ce4a,3,6.365833333333334,1.1417402443830473,1.0,0.1793544041444766
01266d4c46afa519678d16a8b683d325,3,5.922897376543209,2.546950744241246,1.0,0.4300177062543885
fe4cd9461203cee790d36792420b310f,3,14.347658179012347,2.182835354966317,1.0,0.15213879001936031
fcba71d4d5db057f43249145e4eb1e27,3,18.62317901234568,3.305566662845366,1.0,0.17749744340931478
fcf16b7a8697e559f0123190bb30177d,3,15.83217757936508,8.05897330103122,0.42857142857142855,0.5090249437029375
0015a82c2db000af6aaaf3ae2ecb0532,3,10.793885030864198,1.4640524029172344,1.0,0.13563720557805653
