seller_id,total_orders,total_exposure_usd,flagged_orders,risk_rate,risk_tier
7c67e1448b00f6e969d365cea6b010ab,982,69567.61,248,0.2525,High Risk
4a3ca9315b744ce9f8e9374361493884,1806,45718.42,328,0.1816,Medium Risk
5dceca129747e92ff8ef7a997dc4f8ca,325,38176.45,62,0.1908,Medium Risk
1025f0e2d44d7041d6cf58b6550e0bfa,915,32592.6,154,0.1683,Medium Risk
4869f7a5dfa277a7dca6462dcf3b52b2,1132,31388.74,147,0.1299,Medium Risk
da8622b14eb17ae2831f4ac5b9dab84a,1314,30798.31,155,0.118,Medium Risk
1f50f920176fa81dab994f9023523100,1404,25632.61,196,0.1396,Medium Risk
6560211a19b47992c3666cc44a7e94c0,1854,25490.87,298,0.1607,Medium Risk
b37c4c02bda3161a7546a4e6d222d5b2,4,24297.2,3,0.75,High Risk
7d13fca15225358621be4086e1eb0964,565,23926.45,95,0.1681,Medium Risk
53243585a1d6dc2643021fd1853d8905,358,22888.76,36,0.1006,Medium Risk
955fee9216a65b617aa5c0531780ce60,1287,21919.7,129,0.1002,Medium Risk
b1b3948701c5c72445495bd161b83a4c,18,21197.78,12,0.6667,High Risk
cc419e0650a3c5ba77189a1882b7556a,1706,18438.89,223,0.1307,Medium Risk
fa1c13f2614d7b5c4749cbc52fecda94,585,18266.62,56,0.0957,Low Risk
7e93a43ef30c4f03f38b393420bc753a,336,18147.61,30,0.0893,Low Risk
2eb70248d66e0e3ef83659f71b244378,202,17980.5,88,0.4356,High Risk
712e6ed8aa4aa1fa65dab41fed5737e4,79,17077.85,27,0.3418,High Risk
7a67c85e85bb2ce8582c35f2203ad736,1160,16744.84,114,0.0983,Low Risk
522620dcb18a6b31cd7bdf73665113a9,174,16672.46,32,0.1839,Medium Risk
cca3071e3e9bb7d12640c9fbe2301306,712,15695.7,135,0.1896,Medium Risk
a1043bafd471dff536d0c462352beb48,718,14337.0,69,0.0961,Low Risk
88460e8ebdecbfecb5f9601833981930,248,14305.08,77,0.3105,High Risk
46dc3b2cc0980fb8ec44634e21d2718e,521,14250.22,58,0.1113,Medium Risk
620c87c171fb2a6dd6e8bb4dec959fc6,740,13891.04,88,0.1189,Medium Risk
40db9e9aa57f7bb151bcda6b0f9bdbb7,12,13646.91,7,0.5833,High Risk
3d871de0142ce09b7081e2b9d1733cb1,1080,13565.97,114,0.1056,Medium Risk
25c5c91f63607446a97b143d2d535d31,158,13519.74,31,0.1962,Medium Risk
04308b1ee57b6625f47df1d56f00eedf,94,13002.56,18,0.1915,Medium Risk
8444e55c1f13cd5c179851e5ca5ebd00,99,11210.17,34,0.3434,High Risk
8160255418d5aaa7dbdc9f4c64ebda44,385,10847.8,64,0.1662,Medium Risk
17e34d8224d27a541263c4c64b11a56b,255,10593.13,29,0.1137,Medium Risk
7ddcbb64b5bc1ef36ca8c151f6ec77df,334,9896.94,51,0.1527,Medium Risk
634964b17796e64304cadf1ad3050fb7,268,9777.86,41,0.153,Medium Risk
c4f7fee5b0db50e87766f5a4d1b1b758,8,9776.48,4,0.5,High Risk
1ca7077d890b907f89be8c954a02686a,115,9638.21,64,0.5565,High Risk
4e922959ae960d389249c378d1c939f5,420,9440.88,74,0.1762,Medium Risk
77530e9772f57a62c906e1c21538ab82,320,9166.02,47,0.1469,Medium Risk
1835b56ce799e6a4dc4eddc053f04066,423,9093.89,100,0.2364,High Risk
855668e0971d4dfd7bef1b6a4133b41b,312,8936.38,63,0.2019,High Risk
391fc6631aebcf3004804e51b40bcf1e,526,8833.72,79,0.1502,Medium Risk
ea8482cd71df3c1969d7b9473ff13abc,1146,8799.55,165,0.144,Medium Risk
897060da8b9a21f655304d50fd935913,317,8326.38,72,0.2271,High Risk
8581055ce74af1daba164fdbd55a40de,387,8286.86,38,0.0982,Low Risk
218d46b86c1881d022bce9c68a7d4b15,388,8274.08,47,0.1211,Medium Risk
de722cd6dad950a92b7d4f82673f8833,339,7987.21,31,0.0914,Low Risk
d2374cbcbb3ca4ab1086534108cc3ab7,524,7845.18,105,0.2004,High Risk
c826c40d7b19f62a09e2d7c5e7295ee2,354,7813.85,49,0.1384,Medium Risk
c3867b4666c7d76867627c2f7fb22e21,245,7811.59,40,0.1633,Medium Risk
70a12e78e608ac31179aea7f8422044b,315,7749.11,61,0.1937,Medium Risk
ccc4bbb5f32a6ab2b7066a4130f114e3,187,7700.88,20,0.107,Medium Risk
e9779976487b77c6d4ac45f75ec7afe9,657,7647.04,69,0.105,Medium Risk
d1c281d3ae149232351cd8c8cc885f0d,215,7334.31,47,0.2186,High Risk
f5a590cf36251cf1162ea35bef76fe84,117,7244.25,15,0.1282,Medium Risk
ceaec5548eefc6e23e6607c5435102e7,203,7210.69,24,0.1182,Medium Risk
ff69aa92bb6b1bf9b8b7a51c2ed9cf8b,20,7185.53,6,0.3,High Risk
7142540dd4c91e2237acb7e911c4eba2,319,7141.11,44,0.1379,Medium Risk
b2ba3715d723d245138f291a6fe42594,337,7106.81,42,0.1246,Medium Risk
59417c56835dd8e2e72f91f809cd4092,18,6928.87,2,0.1111,Medium Risk
8e6d7754bc7e0f22c96d255ebda59eba,85,6911.85,22,0.2588,High Risk
0b90b6df587eb83608a64ea8b390cf07,164,6859.96,27,0.1646,Medium Risk
165fc07beebdcb6190fba8a06db2a449,50,6779.27,11,0.22,High Risk
fe2032dab1a61af8794248c8196565c9,294,6758.8,28,0.0952,Low Risk
06a2c3af7b3aee5d69171b0e14f0ee87,392,6758.12,62,0.1582,Medium Risk
cf8ab1616079e2793aa29d524df01bb1,9,6719.36,4,0.4444,High Risk
7178f9f4dd81dcef02f62acdf8151e01,203,6664.86,29,0.1429,Medium Risk
2bf6a2c1e71bbd29a4ad64e6d3c3629f,30,6659.29,4,0.1333,Medium Risk
f7ba60f8c3f99e7ee4042fdef03b70c4,219,6652.77,23,0.105,Medium Risk
d91fb3b7d041e83b64a00a3edfb37e4f,535,6588.78,72,0.1346,Medium Risk
e9bc59e7b60fc3063eb2290deda4cced,216,6520.61,31,0.1435,Medium Risk
dc4a0fc896dc34b0d5bfec8438291c80,231,6476.39,47,0.2035,High Risk
710e3548e02bc1d2831dfc4f1b5b14d4,136,6423.14,40,0.2941,High Risk
1900267e848ceeba8fa32d80c1a5f5a8,411,6253.71,76,0.1849,Medium Risk
966cb4760537b1404caedd472cc610a5,75,6213.93,8,0.1067,Medium Risk
53e4c6e0f4312d4d2107a8c9cddf45cd,473,6119.87,61,0.129,Medium Risk
2528513dd95219a6013d4d05176e391a,161,6094.04,28,0.1739,Medium Risk
f08a5b9dd6767129688d001acafc21e5,11,6081.54,1,0.0909,Low Risk
59b22a78efb79a4797979612b885db36,125,6059.89,25,0.2,High Risk
6bd69102ab48df500790a8cecfc285c2,5,5960.66,3,0.6,High Risk
a416b6a846a11724393025641d4edd5e,162,5958.35,27,0.1667,Medium Risk
001cca7ae9ae17fb1caed9dfb1094831,200,5905.17,27,0.135,Medium Risk
4d6d651bd7684af3fffabd5f08d12e5a,369,5854.14,44,0.1192,Medium Risk
b33e7c55446eabf8fe1a42d037ac7d6d,152,5682.98,19,0.125,Medium Risk
d71d863e5ef30d94e440c11be17dcd8f,29,5682.27,8,0.2759,High Risk
7ad32824caee82087b3e2e5f33b1bf32,151,5549.7,28,0.1854,Medium Risk
17a053fcb14bd219540cbde0df490be0,125,5470.25,12,0.096,Low Risk
f8db351d8c4c4c22c6835c19a46f01b0,667,5382.47,64,0.096,Low Risk
f457c46070d02cadd8a68551231220dd,199,5376.01,42,0.2111,High Risk
37be5a7c751166fbc5f8ccba4119e043,272,5366.23,24,0.0882,Low Risk
7681ef142fd2c19048da7430856b5588,59,5235.32,7,0.1186,Medium Risk
8b321bb669392f5163d04c59e235e066,943,5184.99,131,0.1389,Medium Risk
9c0e69c7bf2619675bbadf47b43f655a,157,5180.16,20,0.1274,Medium Risk
48162d548f5b1b11b9d29d1e01f75a61,68,5160.86,12,0.1765,Medium Risk
610f72e407cdd7caaa2f8167b0163fd8,16,5117.81,5,0.3125,High Risk
c004e5ea15737026cecaee0447e00b75,2,4874.32,2,1.0,High Risk
17f51e7198701186712e53a39c564617,56,4846.71,5,0.0893,Low Risk
4c2b230173bb36f9b240f2b8ac11786e,261,4841.65,46,0.1762,Medium Risk
ea566164622c6b439516ab18062c42cd,50,4793.58,12,0.24,High Risk
54965bbe3e4f07ae045b90b0b8541f52,78,4719.03,28,0.359,High Risk
a4b6b9b992b46e9ef863637af96e04bc,7,4700.76,2,0.2857,High Risk
0b35c634521043bf4b47e21547b99ab5,51,4691.95,17,0.3333,High Risk
b839e41795b7f3ad94cc2014a52f6796,33,4659.66,6,0.1818,Medium Risk
c33847515fa6305ce6feb1e818569f13,114,4647.47,24,0.2105,High Risk
5058e8c1e82653974541e83690655b4a,63,4645.18,19,0.3016,High Risk
a6bd7d1ccdac48c6b33b28596b7eb122,16,4635.76,5,0.3125,High Risk
4a3ccda38b2129705f3fb522db62ca31,66,4601.82,14,0.2121,High Risk
44073f8b7e41514de3b7815dd0237f4f,144,4594.66,29,0.2014,High Risk
c26a2be5b53b7db6b276280da212a779,13,4584.48,5,0.3846,High Risk
c3cfdc648177fdbbbb35635a37472c53,278,4549.22,21,0.0755,Low Risk
cd68562d3f44870c08922d380acae552,125,4545.87,21,0.168,Medium Risk
a49928bcdf77c55c6d6e05e09a9b4ca5,98,4530.08,39,0.398,High Risk
729f06993dac8e860d4f02d7088ca48a,96,4516.28,10,0.1042,Medium Risk
16090f2ca825584b5a147ab24aa30c86,402,4492.24,52,0.1294,Medium Risk
dbc22125167c298ef99da25668e1011f,406,4326.12,34,0.0837,Low Risk
c70c1b0d8ca86052f45a432a38b73958,261,4324.45,23,0.0881,Low Risk
e59aa562b9f8076dd550fcddf0e73491,70,4313.9,7,0.1,Medium Risk
972d0f9cf61b499a4812cf0bfa3ad3c4,83,4303.72,33,0.3976,High Risk
1c68394e931a64f90ea236c5ea590300,142,4302.02,24,0.169,Medium Risk
82e0a475a88cc9595229d8029273f045,42,4261.82,14,0.3333,High Risk
0241d4d5d36f10f80c644447315af0bd,238,4242.03,25,0.105,Medium Risk
ce248b21cb2adc36282ede306b7660e5,65,4121.92,9,0.1385,Medium Risk
9f505651f4a6abe901a56cdc21508025,397,4115.82,37,0.0932,Low Risk
229c3efbfb0ea2058de4ccdfbc3d784a,121,4102.01,30,0.2479,High Risk
76d5af76d0271110f9af36c92573f765,131,4071.4,18,0.1374,Medium Risk
5c243662ce92d84573bfaff24c3e3700,98,4025.69,10,0.102,Medium Risk
7040e82f899a04d1b434b795a43b4617,212,3803.09,56,0.2642,High Risk
23d7c96d4a1160db1c726b248601b25a,53,3801.08,11,0.2075,High Risk
edb1ef5e36e0c8cd84eb3c9b003e486d,166,3768.36,12,0.0723,Low Risk
0dd184061fb0eaa7ca37932c68ab91c5,161,3748.19,22,0.1366,Medium Risk
b32be1695eb7ec5f10f72d9610a12527,45,3738.47,5,0.1111,Medium Risk
1554a68530182680ad5c8b042c3ab563,247,3732.03,25,0.1012,Medium Risk
821fb029fc6e495ca4f08a35d51e53a5,28,3717.74,8,0.2857,High Risk
6973a06f484aacf400ece213dbf3d946,95,3671.78,23,0.2421,High Risk
c60b801f2d52c7f7f91de00870882a75,41,3667.81,11,0.2683,High Risk
7e1fb0a3ebfb01ffb3a7dae98bf3238d,159,3637.56,18,0.1132,Medium Risk
e5a38146df062edaf55c38afa99e42dc,121,3636.16,20,0.1653,Medium Risk
87b740daf17b5d1be335a64164ec6842,13,3629.4,3,0.2308,High Risk
2528744c5ef5d955adc318720a94d2e7,5,3622.31,3,0.6,High Risk
06e5eefc71ec47ae763c5c6f8db7064f,92,3606.68,12,0.1304,Medium Risk
2138ccb85b11a4ec1e37afbd1c8eda1f,396,3596.95,67,0.1692,Medium Risk
431af27f296bc6519d890aa5a05fdb11,117,3595.35,27,0.2308,High Risk
00fc707aaaad2d31347cf883cd2dfe10,103,3572.1,16,0.1553,Medium Risk
d05ae8f7a5bd1d2a690a44cd079e4e27,78,3537.67,17,0.2179,High Risk
213b25e6f54661939f11710a6fddb871,155,3495.25,31,0.2,High Risk
02d35243ea2e497335cd0f076b45675d,14,3481.26,6,0.4286,High Risk
7aa4334be125fcdd2ba64b3180029f14,217,3479.97,30,0.1382,Medium Risk
b94cc9f10ddc85e4ba73a6f7974e7101,39,3479.74,5,0.1282,Medium Risk
004c9cd9d87a3c30c522c48c4fc07416,158,3451.26,21,0.1329,Medium Risk
a7f13822ceb966b076af67121f87b063,75,3423.7,20,0.2667,High Risk
eeb6de78f79159600292e314a77cbd18,83,3389.59,5,0.0602,Low Risk
86bb7c4b535e49a541baf3266b1c95b1,16,3385.86,6,0.375,High Risk
9803a40e82e45418ab7fb84091af5231,11,3376.4,3,0.2727,High Risk
f45122a9ab94eb4f3f8953578bc0c560,187,3304.83,32,0.1711,Medium Risk
ba90964cff9b9e0e6f32b23b82465f7b,38,3275.18,2,0.0526,Low Risk
dc317f341ab0e22f39acbd9dbf9b4a1f,55,3269.13,9,0.1636,Medium Risk
96493fab2fbb13a14d0c0e8772eef5c3,63,3266.16,9,0.1429,Medium Risk
a673821011d0cec28146ea42f5ab767f,129,3220.14,23,0.1783,Medium Risk
8f2ce03f928b567e3d56181ae20ae952,153,3218.38,18,0.1176,Medium Risk
f9244d45189d3a3605499abddeade7d5,21,3184.34,1,0.0476,Low Risk
af4a0e4cfe1d9c26b6712b1be25a72e5,21,3169.71,8,0.381,High Risk
99eaacc9e6046db1c82b163c5f84869f,66,3162.67,12,0.1818,Medium Risk
aba1721a889e04decc910aa13b768ef4,83,3149.66,8,0.0964,Low Risk
00ee68308b45bc5e2660cd833c3f81cc,135,3114.13,15,0.1111,Medium Risk
36a968b544695394e4e9d7572688598f,154,3103.39,32,0.2078,High Risk
abe42c5d03695b4257b5c6cbf4e6784e,50,3094.94,8,0.16,Medium Risk
6fd52c528dcb38be2eea044946b811f8,67,3083.88,24,0.3582,High Risk
54219883e72aad869adfb2a54b7bfa0f,5,3077.8,2,0.4,High Risk
86ccac0b835037332a596a33b6949ee1,180,3069.36,22,0.1222,Medium Risk
784ba75dd9d20200c4caed3d7a77141a,21,3059.32,4,0.1905,Medium Risk
270297ead4c65a6cd2593960d2af6b21,18,3026.35,6,0.3333,High Risk
2b1a40c1daabc6ca280c4b815c101841,23,3016.67,5,0.2174,High Risk
0691148aee60ca47977c187804f935ae,47,3011.22,7,0.1489,Medium Risk
0873d9f8f36123f8d910f4760e788cfb,6,3010.86,2,0.3333,High Risk
0be8ff43f22e456b4e0371b2245e4d01,161,2988.72,30,0.1863,Medium Risk
6d66611d7c44cc30ce351abc49a68421,166,2980.0,25,0.1506,Medium Risk
5343d0649eca2a983820bfe93fc4d17e,71,2975.9,17,0.2394,High Risk
52f976b17ea7f2f087f56dcc419328f6,6,2964.57,2,0.3333,High Risk
ce7d1888639e6fb06b2749cbfdac1ff7,78,2956.47,13,0.1667,Medium Risk
de23c3b98a88888289c6f5cc1209054a,164,2952.5,18,0.1098,Medium Risk
ad781527c93d00d89a11eecd9dcad7c1,44,2919.25,14,0.3182,High Risk
fffd5413c0700ac820c7069d66d98c89,60,2917.64,13,0.2167,High Risk
850f4f8af5ea87287ac68de36e29107f,187,2917.61,17,0.0909,Low Risk
18a349e75d307f4b4cc646a691ed4216,121,2913.89,31,0.2562,High Risk
701938c450705b8ae65fc923b70f35c7,75,2893.91,9,0.12,Medium Risk
2089a6d640999f9b9141ac719b2af596,44,2878.69,11,0.25,High Risk
0c8380b62e38e8a1e6adbeba7eb9688c,182,2852.62,24,0.1319,Medium Risk
6750d71153f00fc58829af2a8ef1bcf1,6,2827.0,1,0.1667,Medium Risk
ca3bd7cd9f149df75950150d010fe4a2,71,2824.63,11,0.1549,Medium Risk
054694fa03fe82cec4b7551487331d74,21,2823.64,6,0.2857,High Risk
1444c08e64d55fb3c25f0f09c07ffcf2,1,2818.74,1,1.0,High Risk
87142160b41353c4e5fca2360caf6f92,305,2811.53,19,0.0623,Low Risk
41b39e28db005d9731d9d485a83b4c38,195,2804.1,28,0.1436,Medium Risk
3b15288545f8928d3e65a8f949a28291,104,2797.57,12,0.1154,Medium Risk
abe021b01ba992245271b9aa422032df,2,2794.5,1,0.5,High Risk
2e90cb1677d35cfe24eef47d441b7c87,127,2779.55,18,0.1417,Medium Risk
440dd6ab244315c632130ecfb63827b1,94,2769.95,15,0.1596,Medium Risk
bfd27a966d91cfaafdb25d076585f0da,117,2764.53,12,0.1026,Medium Risk
d9e8c084b68fe958861d8f2c21202e6b,9,2759.88,1,0.1111,Medium Risk
7202e2ba20579a9bd1acb29e61fe71f6,53,2720.0,8,0.1509,Medium Risk
cfa5ab0e4d3fc212fd0b3410e7081c62,16,2713.46,4,0.25,High Risk
900ba814c251a692506d7834c1218441,88,2706.69,7,0.0795,Low Risk
961dff0a659b4561334372337dd897d9,4,2692.82,1,0.25,High Risk
75d34ebb1bd0bd7dde40dd507b8169c3,62,2687.01,12,0.1935,Medium Risk
cfb1a033743668a192316f3c6d1d2671,147,2670.68,24,0.1633,Medium Risk
5656537e588803a555b8eb41f07a944b,174,2647.33,32,0.1839,Medium Risk
c500367424994318b9e779ff1ae9a330,9,2639.83,2,0.2222,High Risk
ef506c96320abeedfb894c34db06f478,324,2638.78,52,0.1605,Medium Risk
a888faf2d1baececa6baf9c3d603ee1f,54,2636.07,8,0.1481,Medium Risk
903037660cf848a717166eb7a06d616e,45,2619.74,8,0.1778,Medium Risk
a3a38f4affed601eb87a97788c949667,254,2602.95,20,0.0787,Low Risk
79ebd9a61bac3eaf882805ed4ecfa12a,136,2584.4,18,0.1324,Medium Risk
6c12e40690c335dbc2f68a4134d30dc1,16,2584.06,2,0.125,Medium Risk
08cdbae123ff67ca4e36d9d641ce0119,4,2571.92,2,0.5,High Risk
6039e27294dc75811c0d8a39069f52c0,64,2569.33,12,0.1875,Medium Risk
05f51e13da97139648b8125c31e5f51b,60,2534.53,8,0.1333,Medium Risk
1a3df491d1c4f1589fc2b934ada68bf2,167,2533.62,15,0.0898,Low Risk
c31eff8334d6b3047ed34bebd4d62c36,122,2510.39,21,0.1721,Medium Risk
76d64c4aca3a7baf218bf93ef7fa768d,64,2505.63,9,0.1406,Medium Risk
609e1a9a6c2539919b8205cf7c4e6ff0,87,2501.41,18,0.2069,High Risk
e8b3a3a38279a82f0e5d006d5e5b7d2c,87,2486.17,13,0.1494,Medium Risk
099095b050cfe8eb1ddff5317587e96e,17,2484.51,6,0.3529,High Risk
5f2684dab12e59f83bef73ae57724e45,68,2475.8,17,0.25,High Risk
70c27847eca8195c983ed7e798c56743,77,2457.93,14,0.1818,Medium Risk
128639473a139ac0f3e5f5ade55873a5,533,2457.17,55,0.1032,Medium Risk
3078096983cf766a32a06257648502d1,59,2454.7,8,0.1356,Medium Risk
73a63f72308aa20a46f4b1632018f196,29,2443.34,3,0.1034,Medium Risk
cee48807215b30a12ca2ca10ffb5f250,39,2442.9,9,0.2308,High Risk
5b35136197710e16ac5e7b7c2bd4ea85,7,2433.72,4,0.5714,High Risk
813348c996469b40f2e028d5429d3495,179,2427.49,25,0.1397,Medium Risk
adbc26658d6c7b4b6219f9d934598091,88,2402.88,14,0.1591,Medium Risk
bbad7e518d7af88a0897397ffdca1979,69,2401.15,27,0.3913,High Risk
e5a3438891c0bfdb9394643f95273d8e,224,2400.15,39,0.1741,Medium Risk
1b4c3a6f53068f0b6944d2d005c9fc89,113,2397.25,11,0.0973,Low Risk
c510bc1718f0f2961eaa42a23330681a,13,2386.74,2,0.1538,Medium Risk
0adac9fbd9a2b63cccaac4f8756c1ca8,110,2373.4,16,0.1455,Medium Risk
1e8b33f18b4f7598d87f5cbee2282cc2,123,2367.64,13,0.1057,Medium Risk
7a241947449cc45dbfda4f9d0798d9d0,62,2362.94,7,0.1129,Medium Risk
669ae81880e08f269a64487cfb287169,162,2359.72,20,0.1235,Medium Risk
ed4acab38528488b65a9a9c603ff024a,32,2336.82,7,0.2188,High Risk
a3e9a2c700480d9bb01fba070ba80a0e,130,2329.43,21,0.1615,Medium Risk
85d9eb9ddc5d00ca9336a2219c97bb13,509,2300.91,47,0.0923,Low Risk
9e6229250fedbe05838fef417b74e7fb,74,2298.55,11,0.1486,Medium Risk
fce62094ffe6a4009188ec44e681dfdd,4,2276.1,1,0.25,High Risk
7299e27ed73d2ad986de7f7c77d919fa,338,2266.1,23,0.068,Low Risk
1d8dbc4f32378d715c717c1c1fc57bae,92,2254.83,13,0.1413,Medium Risk
d94a40fd42351c259927028d163af842,101,2249.61,10,0.099,Low Risk
dd2bdf855a9172734fbc3744021ae9b9,108,2245.92,20,0.1852,Medium Risk
751bdc4d83a466c7206cd42e8f426b03,54,2225.36,13,0.2407,High Risk
ea67327e24487bdfac5fbfa37ea124df,32,2194.13,8,0.25,High Risk
aaed1309374718fdd995ee4c58c9dfcd,105,2190.86,14,0.1333,Medium Risk
4e7c18b98d84e05cbae3ff0ff03846c2,82,2190.14,14,0.1707,Medium Risk
dd7ddc04e1b6c2c614352b383efe2d36,122,2174.03,22,0.1803,Medium Risk
bd23da7354813347129d751591d1a6e2,89,2160.11,14,0.1573,Medium Risk
f46490624488d3ff7ce78613913a7711,83,2157.99,19,0.2289,High Risk
f021c962aaba8ef6eb527a9c2c8394d1,5,2150.81,1,0.2,High Risk
4bfc7a4a1cf8d4d2121c27422d9e50b5,26,2144.17,2,0.0769,Low Risk
d23019c84ffae2d5ef2270367b8605fc,39,2141.01,2,0.0513,Low Risk
2a261b5b644fa05f4f2700eb93544f2c,51,2118.44,11,0.2157,High Risk
834f3294fba9f932f56edc879193f925,66,2117.4,3,0.0455,Low Risk
b2479f944e1b90cf8a5de1bbfde284d6,103,2112.49,31,0.301,High Risk
7b0df942f46435babab05d49b744b2c4,32,2110.22,2,0.0625,Low Risk
014c0679dd340a0e338872e7ec85666a,14,2106.99,2,0.1429,Medium Risk
f1c1ac3f3efc07e659c035008e615e66,4,2075.02,2,0.5,High Risk
fcdd820084f17e9982427971e4e9d47f,16,2068.58,3,0.1875,Medium Risk
09f952a5f58d2285b0372551ae8f9b01,50,2039.45,9,0.18,Medium Risk
612170e34b97004b3ba37eae81836b4c,107,2038.74,8,0.0748,Low Risk
5d378b73ab7dd6f0418d743e5dcb0bd1,7,2027.23,1,0.1429,Medium Risk
8b8cfc8305aa441e4239358c9f6f2485,15,2024.12,2,0.1333,Medium Risk
30829ded4523ab9224b93bc49a62c95f,18,2021.31,4,0.2222,High Risk
4e17c65a516f69d023a2ae78b84f28d6,61,2019.64,11,0.1803,Medium Risk
b92e3c8f9738272ff7c59e111e108d7c,62,2016.17,11,0.1774,Medium Risk
f25e239052084705e17a982bc600ab2a,8,2009.62,1,0.125,Medium Risk
8b28d096634035667e8263d57ba3368c,143,2009.52,21,0.1469,Medium Risk
b19f3ca2ea475913750f25a5c37c8d8f,24,2003.44,8,0.3333,High Risk
b1fc4f64df5a0e8b6913ab38803c57a9,107,1999.74,22,0.2056,High Risk
8ae520247981aa06bc94abddf5f46d34,65,1995.25,6,0.0923,Low Risk
8e6cc767478edae941d9bd9eb778d77a,106,1992.18,17,0.1604,Medium Risk
1da366cade6d8276e7d8beea7af5d4bf,43,1990.72,7,0.1628,Medium Risk
056b4ada5bbc2c50cc7842547dda6b51,65,1988.16,8,0.1231,Medium Risk
c8b0e2b0a7095e5d8219575d5e7e1181,84,1987.15,12,0.1429,Medium Risk
2b3e4a2a3ea8e01938cabda2a3e5cc79,52,1986.49,4,0.0769,Low Risk
67883baaae6134ee81b271a542613728,19,1971.74,2,0.1053,Medium Risk
db2956745b3a8e9f3785c99f34b5d25e,47,1967.57,9,0.1915,Medium Risk
9b013e03b2ab786505a1d3b5c0756754,174,1963.33,21,0.1207,Medium Risk
e96498ed8daaa3e9c23f7a62da76591c,34,1954.04,7,0.2059,High Risk
2e3be8a987a30d7544dbbda6861cc14e,18,1944.93,5,0.2778,High Risk
e8f6dc8e6a1dcde89d20e3995c8d90b3,36,1930.41,5,0.1389,Medium Risk
01cf7e3d21494c41fb86034f2e714fa1,61,1928.45,7,0.1148,Medium Risk
92eb0f42c21942b6552362b9b114707d,341,1918.73,47,0.1378,Medium Risk
8ff38bc3969e67c36c48343a07090f66,2,1916.96,1,0.5,High Risk
f27e33c6d29b5138fa9967bcd445b6d5,93,1905.02,15,0.1613,Medium Risk
04aa0a1c5ce6b222003403a3e11c3cc0,11,1904.59,2,0.1818,Medium Risk
5bc55dbe2f12b6af6d83ed46023e0dc8,17,1894.31,10,0.5882,High Risk
30c7f28fd3a5897b2c82d152bb760c17,7,1890.3,4,0.5714,High Risk
dd55f1bb788714a40e7954c3be6df745,35,1878.31,7,0.2,High Risk
e2aee0892199b1d92530e371abd825bf,38,1874.29,9,0.2368,High Risk
602044f2c16190c2c6e45eb35c2e21cb,50,1871.72,17,0.34,High Risk
95e03ca3d4146e4011985981aeb959b9,175,1868.3,24,0.1371,Medium Risk
e7df4cd29ab5abab70fb0783ddb53987,23,1858.09,2,0.087,Low Risk
1da3aeb70d7989d1e6d9b0e887f97c23,265,1849.67,33,0.1245,Medium Risk
81a1104df0f08b59c68aa5b03cfe398e,73,1844.5,5,0.0685,Low Risk
fcb5ace8bcc92f75707dc0f01a27d269,62,1844.19,9,0.1452,Medium Risk
4830e40640734fc1c52cd21127c341d4,210,1842.11,23,0.1095,Medium Risk
3c487ae8f8d7542beff5788e2e0aea83,30,1832.69,3,0.1,Medium Risk
66e0557ecc2b4dbea057e93f215f68d8,31,1832.59,5,0.1613,Medium Risk
7b07b3c7487f0ea825fc6df75abd658b,93,1813.29,10,0.1075,Medium Risk
f80edd2c5aaa505cc4b0a3b219abf4b8,119,1809.76,17,0.1429,Medium Risk
e882b2a25a10b9c057cc49695f222c19,57,1807.68,3,0.0526,Low Risk
59fb871bf6f4522a87ba567b42dafecf,126,1804.47,9,0.0714,Low Risk
4aba391bc3b88717ce08eb11e44937b2,29,1801.23,6,0.2069,High Risk
fa40cc5b934574b62717c68f3d678b6d,307,1800.68,23,0.0749,Low Risk
e0878efa0e0b7e5313ac0b43bc04c081,27,1787.24,7,0.2593,High Risk
ea6b12bf9ffe2bac34602ec631d97a47,11,1783.2,3,0.2727,High Risk
f6122bc84774df1b372bdb3bb88ddb9f,3,1775.26,1,0.3333,High Risk
f262cbc1c910c83959f849465454ddd3,192,1759.72,27,0.1406,Medium Risk
ef0ace09169ac090589d85746e3e036f,129,1756.64,10,0.0775,Low Risk
2a84855fd20af891be03bc5924d2b453,164,1740.97,15,0.0915,Low Risk
835f0f7810c76831d6c7d24c7a646d4d,44,1730.92,14,0.3182,High Risk
039e6ad9dae79614493083e241147386,5,1729.98,1,0.2,High Risk
8476243f92442881ddd5b578975cf115,12,1729.81,2,0.1667,Medium Risk
c003204e1ab016dfa150abc119207b24,197,1729.44,9,0.0457,Low Risk
f1b93673502375d491780bb49d615dbc,8,1713.41,3,0.375,High Risk
8d956fec2e4337affcb520f56fd8cbfd,211,1708.78,21,0.0995,Low Risk
ef990a83bbea832f36ebe81376335aa8,43,1702.58,11,0.2558,High Risk
1a932caad4f9d804097d7f8e615baed1,20,1687.94,4,0.2,High Risk
0bf0150d5b9d60d9cd2906003332f085,39,1683.58,8,0.2051,High Risk
c9a06ece156bb057372c68718ec8909b,14,1682.25,4,0.2857,High Risk
15aac934c58d886785ac1b17953ea898,25,1681.64,2,0.08,Low Risk
cb41bfbcbda0aea354a834ab222f9a59,12,1678.46,4,0.3333,High Risk
968268a686aa05d1f529fb07dff08130,12,1669.39,4,0.3333,High Risk
b372ee768ed69e46ca8cdbd267aa7a38,63,1668.61,6,0.0952,Low Risk
c840d3fdbba0790404fdae73d253b253,9,1664.49,2,0.2222,High Risk
2e1c9f22be269ef4643f826c9e650a52,167,1656.15,19,0.1138,Medium Risk
f62d7bb4a613ec758a03342d46b580b2,32,1651.74,2,0.0625,Low Risk
e62b2d6ac10570a035a30bafcf01d263,62,1641.73,9,0.1452,Medium Risk
9de4643a8dbde634fe55621059d92273,72,1635.2,4,0.0556,Low Risk
95f83f51203c626648c875dd41874c7f,52,1602.83,15,0.2885,High Risk
891071be6ba827b591264c90c2ae8a63,92,1601.93,18,0.1957,Medium Risk
8a32e327fe2c1b3511609d81aaf9f042,132,1593.61,22,0.1667,Medium Risk
48436dade18ac8b2bce089ec2a041202,138,1577.29,17,0.1232,Medium Risk
c9c7905cffc4ef9ff9f113554423e671,127,1573.3,14,0.1102,Medium Risk
3c7c4a49ec3c6550809089c6a2ca9370,141,1565.02,38,0.2695,High Risk
e24fc9fcd865784fb25705606fe3dfe7,52,1555.5,6,0.1154,Medium Risk
3db66a856d18a9cba7c9241fc5221c50,94,1553.08,10,0.1064,Medium Risk
12b9676b00f60f3b700e83af21824c0e,135,1540.61,7,0.0519,Low Risk
1c129092bf23f28a5930387c980c0dfc,201,1539.16,23,0.1144,Medium Risk
6a51fc556dab5f766ced6fbc860bc613,26,1528.35,5,0.1923,Medium Risk
febab0275244b9a49a623f0bd613ca2f,109,1524.04,8,0.0734,Low Risk
9b1585752613ec342d03bbab9997ec48,3,1521.75,1,0.3333,High Risk
31ae0774c17fabd06ff707cc5bde005f,11,1519.87,2,0.1818,Medium Risk
4b9750c8ad28220fe6702d4ecb7c898f,218,1517.3,15,0.0688,Low Risk
5a8e7d5003a1f221f9e1d6e411de7c23,139,1512.67,18,0.1295,Medium Risk
c7b7db6c8f3c64a7cc1afa634db21d50,1,1511.86,1,1.0,High Risk
5b8154610ebb21fb90eb587365e673df,38,1498.42,6,0.1579,Medium Risk
54a1852d1b8f10312c55e906355666ee,200,1494.86,16,0.08,Low Risk
b4ffb71f0cb1b1c3d63fad021ecf93e1,144,1489.27,16,0.1111,Medium Risk
f76a3b1349b6df1ee875d1f3fa4340f0,24,1485.52,7,0.2917,High Risk
d379f449f2a3b271bc01c0782020f705,28,1485.21,6,0.2143,High Risk
744dac408745240a2c2528fb1b6028f3,79,1480.26,3,0.038,Low Risk
17ca9b9e9b9ef8fdb529001b49ebb50f,116,1478.07,16,0.1379,Medium Risk
8fb791022c1fc8909664f48ab7dc636d,5,1472.47,1,0.2,High Risk
066a6914e1ebf3ea95a216c73a986b91,68,1468.37,8,0.1176,Medium Risk
6c177e38df6d3f34182b1f1d427231bf,55,1466.86,7,0.1273,Medium Risk
40d54b51e962dbe09cabbcfd33298dee,30,1463.83,6,0.2,High Risk
e26901d5ab434ce92fd9b5c256820a4e,202,1457.07,21,0.104,Medium Risk
eed78ac17f7f795a19a709745f00cd4e,22,1456.71,5,0.2273,High Risk
cac4c8e7b1ca6252d8f20b2fc1a2e4af,75,1455.77,21,0.28,High Risk
3bb548e3cb7f70f28e3f11ee9dce0e59,46,1450.73,6,0.1304,Medium Risk
33dd941c27854f7625b968cc6195a552,5,1442.79,1,0.2,High Risk
491a5ada3aa1678414e990262c4bbdc1,2,1438.23,1,0.5,High Risk
98dac6635aee4995d501a3972e047414,91,1436.68,16,0.1758,Medium Risk
70eea00b476a314817cefde4aad4f89a,108,1431.57,7,0.0648,Low Risk
3364a91ec4d56c98e44174de954b94f6,6,1426.49,2,0.3333,High Risk
527801b552d0077ffd170872eb49683b,90,1425.99,7,0.0778,Low Risk
0df3984f9dfb3d49ac6366acbd3bbb85,87,1424.44,9,0.1034,Medium Risk
180c3376aff0e43dd5788709df48a843,5,1415.8,1,0.2,High Risk
c3acdfac4e3e97ff87529454fbc03642,12,1415.66,1,0.0833,Low Risk
33a6f4b1e7cdc205511e76ba1b6e0186,105,1413.49,9,0.0857,Low Risk
c6381d2d013342748761e906d45aff76,15,1409.16,4,0.2667,High Risk
6edacfd9f9074789dad6d62ba7950b9c,208,1405.68,19,0.0913,Low Risk
72c5da29406b4234927b81855e7b64f6,31,1395.71,4,0.129,Medium Risk
11bfa66332777660bd0640ee84d47006,76,1395.67,18,0.2368,High Risk
2a1348e9addc1af5aaa619b1a3679d6b,52,1394.14,18,0.3462,High Risk
44f091b5abab8018f682fce8124b85e5,6,1389.71,3,0.5,High Risk
048c2757535328e0d7dac690ad3c0aae,51,1385.67,7,0.1373,Medium Risk
63b464dbf392c7b80d12d932fa7cafed,37,1377.42,6,0.1622,Medium Risk
dbb9b48c841a0e39e21f98e1a6b2ec3e,108,1367.01,12,0.1111,Medium Risk
b1a81260566c1bac3114a6d124413f27,51,1363.85,7,0.1373,Medium Risk
bba3293d6f5d5af2f415e004e8b93ae3,17,1362.35,2,0.1176,Medium Risk
1f1bb1f0859883505541bdd6606193e5,27,1356.73,2,0.0741,Low Risk
b4f8921fcc4ff77b66bea6dda43dcd51,18,1356.63,2,0.1111,Medium Risk
7f152321c60a266edc53af1925ef96c1,20,1353.59,5,0.25,High Risk
8e8a7ce9f2f970dc00e2acf6f6e199f6,65,1345.79,8,0.1231,Medium Risk
624f4ece8da4aafb77699233d480f8ef,53,1344.57,6,0.1132,Medium Risk
3be634553519fb6536a03e1358e9fdc7,83,1344.56,13,0.1566,Medium Risk
bacb1f0ed56ad24198f5810d2b3fe9a5,42,1344.14,6,0.1429,Medium Risk
90d4125885ab6c86e8820a722be71974,3,1342.95,3,1.0,High Risk
9674754b5a0cb32b638cec001178f799,86,1338.2,15,0.1744,Medium Risk
0db783cfcd3b73998abc6e10e59a102f,132,1327.82,17,0.1288,Medium Risk
17306570e772e7718c92a562d33f5f1d,29,1325.45,5,0.1724,Medium Risk
d921b68bf747894be13a97ae52b0f386,77,1318.78,4,0.0519,Low Risk
688756f717c462a206ad854c5027a64a,83,1313.83,14,0.1687,Medium Risk
dfa0c4c6229ab200a4a1336b4d7128ff,77,1309.04,14,0.1818,Medium Risk
01fdefa7697d26ad920e9e0346d4bd1b,129,1304.05,7,0.0543,Low Risk
5cf13accae3222c70a9cac40818ae839,149,1300.31,11,0.0738,Low Risk
259f7b5e6e482c230e5bfaa670b6bb8f,138,1299.67,14,0.1014,Medium Risk
0307f7565ff85b299b6e5ef162b1b1a9,7,1291.27,3,0.4286,High Risk
ff1fb4c404b2efe68b03350a8dc24122,46,1285.5,8,0.1739,Medium Risk
bd0389da23d89b726abf911cccc54596,87,1283.4,10,0.1149,Medium Risk
fdb9095204a334cd8872252ffec6f2db,46,1282.95,6,0.1304,Medium Risk
c4d51195486dc781531876a7d00453d8,17,1281.78,2,0.1176,Medium Risk
f593898ec748b7a8cb81fc04edafd98a,20,1276.25,5,0.25,High Risk
33c51922b6e3c16b24a8f28e5833c99d,18,1273.46,2,0.1111,Medium Risk
f84a00e60c73a49e7e851c9bdca3a5bb,90,1270.43,17,0.1889,Medium Risk
37dd29b36c458d82f74a953c40c43645,7,1269.94,2,0.2857,High Risk
1f9ab4708f3056ede07124aad39a2554,78,1262.77,6,0.0769,Low Risk
d20b021d3efdf267a402c402a48ea64b,90,1257.8,18,0.2,High Risk
3f0e48d209018b466fcd3bb4ccfeb520,9,1253.59,2,0.2222,High Risk
06579cb253ecd5a3a12a9e6eb6bf8f47,62,1253.15,9,0.1452,Medium Risk
66dc1b1632bd6a3e508510c5b3492107,37,1248.82,9,0.2432,High Risk
8c3b533c63cca56240f94f1e3a6b18ef,5,1247.36,1,0.2,High Risk
45ba18c210d42734ec52c0c1c574e9ee,38,1246.92,6,0.1579,Medium Risk
52ac6f920b7280e4c6d30dd94de6259b,6,1246.34,1,0.1667,Medium Risk
23613d49c3ac2bd302259e55c06c050c,70,1232.14,16,0.2286,High Risk
f0563bacf40c311f1c4d3d6b67b8a7a7,1,1227.78,1,1.0,High Risk
7ea5bfa6c340f58f8e71fc1f0412b0d6,98,1225.11,9,0.0918,Low Risk
b14db04aa7881970e83ffa9426897925,83,1223.22,13,0.1566,Medium Risk
5b179e9e8cc7ab6fd113a46ca584da81,34,1217.87,7,0.2059,High Risk
062ce95fa2ad4dfaedfc79260130565f,55,1212.88,5,0.0909,Low Risk
530ec6109d11eaaf87999465c6afee01,97,1212.49,8,0.0825,Low Risk
070d165398b553f3b4b851c216b8a358,32,1205.06,10,0.3125,High Risk
ed46f1eb4a638113deb2a1137b5f22e9,4,1203.68,1,0.25,High Risk
562fc2f2c2863ab7e79a9e4388a58a14,260,1201.86,27,0.1038,Medium Risk
c12b92bf1c350f3e6bf88d3596219c86,17,1199.7,4,0.2353,High Risk
81f89e42267213cb94da7ddc301651da,46,1198.06,10,0.2174,High Risk
34056b8b55c1775a22af2331670a799c,78,1197.47,11,0.141,Medium Risk
48328ec9a579151d9cc6a86d4a59336c,1,1196.78,1,1.0,High Risk
082e0bf4cb865a6533b1e8e498cc0255,11,1191.12,4,0.3636,High Risk
f4c4daa86e30c7e5a553a8d518ac03a5,20,1189.56,4,0.2,High Risk
aafe36600ce604f205b86b5084d3d767,129,1185.83,12,0.093,Low Risk
58f1a6197ed863543e0136bdedb3fce2,44,1183.92,6,0.1364,Medium Risk
d650b663c3b5f6fb392b6326366efa9a,60,1182.04,4,0.0667,Low Risk
4917cee8d902e13428c3ec4b1ca6f315,33,1180.28,6,0.1818,Medium Risk
d3f39f05462b79a4562d35893a28f159,34,1178.19,11,0.3235,High Risk
81783131d2a97c8d44d406a4be81b5d9,13,1176.89,6,0.4615,High Risk
2c9e548be18521d1c43cde1c582c6de8,126,1175.29,16,0.127,Medium Risk
4978a02ea9c8be7a9b5480680f40334e,18,1173.88,5,0.2778,High Risk
b17b679f4f5ce2e03ce6968c62648246,55,1173.84,10,0.1818,Medium Risk
9d5a9018aee56acb367ba9c3f05d1d6a,67,1172.4,7,0.1045,Medium Risk
d32e3909cfb714fb2a6cb092c85b9c5f,10,1170.68,3,0.3,High Risk
fbc14c0cf93505ef89f64665ffa4a7b5,18,1170.04,2,0.1111,Medium Risk
cbd996ad3c1b7dc71fd0e5f5df9087e2,165,1166.24,18,0.1091,Medium Risk
d6b1ce66b035a475f00c017792ff9769,92,1165.95,7,0.0761,Low Risk
b18dc380845b24038cfc48006478f099,44,1165.17,4,0.0909,Low Risk
278b6e0b20c4f61fefaa0577943d7a35,1,1152.62,1,1.0,High Risk
e7d5b006eb624f13074497221eb37807,28,1152.51,6,0.2143,High Risk
6b243f80ed07b10f0e8aa0f21a205f3c,79,1151.97,8,0.1013,Medium Risk
b499c00f28f4b7069ff6550af8c1348a,152,1151.35,15,0.0987,Low Risk
3ab971ce71839580d2ae5b4e40fe8044,36,1148.32,7,0.1944,Medium Risk
240b9776d844d37535668549a396af32,36,1140.59,3,0.0833,Low Risk
4371b634e0efc0e22b09b52907d9d469,102,1139.95,8,0.0784,Low Risk
1284de4ae8aa26997e748c851557cf0e,3,1138.91,2,0.6667,High Risk
8648b1e89e9b349e32d3741b30ec737e,95,1134.93,13,0.1368,Medium Risk
cfd7ddab722b902f7ac5b5f3ba6d723d,12,1134.44,1,0.0833,Low Risk
beadbee30901a7f61d031b6b686095ad,64,1132.81,12,0.1875,Medium Risk
e06f09ec0a4aca210779cf1cfc63cf19,29,1129.24,5,0.1724,Medium Risk
ec4608a1f76453166bb312b2968aeaf4,18,1129.02,6,0.3333,High Risk
327b89b872c14d1c0be7235ef4871685,3,1123.55,2,0.6667,High Risk
0ea22c1cfbdc755f86b9b54b39c16043,237,1122.76,14,0.0591,Low Risk
99a54764c341d5dc80b4a8fac4eba3fb,45,1121.03,9,0.2,High Risk
08633c14ef2db992c11f840f04fad4cd,74,1115.16,5,0.0676,Low Risk
e9c6969d40e6a3d2d0f90013165c2b98,10,1111.61,1,0.1,Medium Risk
3df020b72d3d44b3af9d110fa3940b65,55,1109.85,8,0.1455,Medium Risk
7fdb0720c8d7c9075538b365dc8c3a22,9,1109.44,5,0.5556,High Risk
556a6409838156ea299c9d1f9e2dde43,4,1104.44,2,0.5,High Risk
54065e9aef7e9e9c2dc23b7594db021a,14,1101.02,2,0.1429,Medium Risk
1127b7f2594683f2510f1c2c834a486b,114,1099.94,20,0.1754,Medium Risk
50c9975695009e5e6473912e83a6d1da,50,1097.74,9,0.18,Medium Risk
e9d99831abad74458942f21e16f33f92,130,1096.99,21,0.1615,Medium Risk
74bafed391319577bce6f4d2acc0589a,3,1096.25,2,0.6667,High Risk
b8630e1121437d41cb08e3c749c2c2e2,12,1092.08,2,0.1667,Medium Risk
4b5f66b7adcf57f1ecc0d3c07dd6b177,23,1090.88,3,0.1304,Medium Risk
8a432f4e5b471f8da497d7dc517666e2,95,1084.02,12,0.1263,Medium Risk
8e670472e453ba34a379331513d6aab1,1,1083.96,1,1.0,High Risk
4c8b8048e33af2bf94f2eb547746a916,23,1081.72,10,0.4348,High Risk
6a8b085f816a1f75f92dbac6eb545f8f,127,1081.53,13,0.1024,Medium Risk
bc302730ea8cf49b5c74f579febb5bbf,11,1080.73,2,0.1818,Medium Risk
cb4a705d00e100b9732d0ca34817d441,1,1080.56,1,1.0,High Risk
010da0602d7774602cd1b3f5fb7b709e,1,1079.75,1,1.0,High Risk
ececbfcff9804a2d6b40f589df8eef2b,98,1073.18,13,0.1327,Medium Risk
dbdd0ec73a4817971d962698f2fea022,16,1063.2,2,0.125,Medium Risk
0ef83d7d83ed97cd2a0049ac8be5f88a,48,1063.16,9,0.1875,Medium Risk
d50d79cb34e38265a8649c383dcffd48,70,1057.37,6,0.0857,Low Risk
15fa791d5e017f66402dc28c44480657,8,1057.2,1,0.125,Medium Risk
05d2173d43ea568aa0540eba70d2ca76,62,1051.1,7,0.1129,Medium Risk
bba74270a87732727b5a3b4fd9ac1c39,36,1050.65,5,0.1389,Medium Risk
ccb83a794700270fde70898fe9ff368b,12,1046.56,1,0.0833,Low Risk
134285d1f41da5c13a756ee8142c8a4e,3,1040.64,1,0.3333,High Risk
b8bc237ba3788b23da09c0f1f3a3288c,45,1035.76,3,0.0667,Low Risk
f3b80352b986ab4d1057a4b724be19d0,87,1034.1,10,0.1149,Medium Risk
4dbd95a08b31ede5c82d3f861cb1ce1a,6,1030.11,2,0.3333,High Risk
c847e075301870dd144a116762eaff9a,42,1027.93,7,0.1667,Medium Risk
7b1222c3624aa89b9558b50a2594188c,22,1020.76,2,0.0909,Low Risk
e0a366315b1b726b6c7832d664c0f530,43,1018.88,6,0.1395,Medium Risk
3c03b12bab54d8b37d79d914bfdb1aa0,37,1016.56,7,0.1892,Medium Risk
834f8533b2ecb6598dd004ff3de7203a,43,1014.43,7,0.1628,Medium Risk
2d50d6282f8aa2257819a77bfaa0efe0,44,1011.88,8,0.1818,Medium Risk
07bf9669d84d1f11be443a9dd938f698,18,1011.76,5,0.2778,High Risk
ae7ab174effdead6c241e547e4ca13f0,6,1006.0,1,0.1667,Medium Risk
ff063b022a9a0aab91bad2c9088760b7,94,1004.9,8,0.0851,Low Risk
80e6699fe29150b372a0c8a1ebf7dcc8,98,1004.76,8,0.0816,Low Risk
5abb8ea023c77787f2c15da891c8d384,13,1004.42,2,0.1538,Medium Risk
681fce914360217db47784ae28905a96,23,998.88,5,0.2174,High Risk
b90e891671cffd9557f33a97dc523645,34,998.5,3,0.0882,Low Risk
373ee4a3a775a733770ca3f790b8b9ac,13,997.15,3,0.2308,High Risk
6b3bd31ad8fcda4b2635ec9f3ff2ecdf,36,993.49,6,0.1667,Medium Risk
62c50c1af4dfdc4149d25c5222043d39,14,989.56,2,0.1429,Medium Risk
0417b067eeab773d2f7061a726dc477f,13,988.98,3,0.2308,High Risk
89c127985a8b130cfa45c1d36764017a,7,988.58,2,0.2857,High Risk
8a43128d7f9a3db592b866e6861a6cce,3,987.52,2,0.6667,High Risk
55bb6fe5bebe5012e2d7d9928e1128ff,15,980.8,6,0.4,High Risk
8bb48dc19fccaa8613b6229bf7f452a2,82,976.15,7,0.0854,Low Risk
7994081388d55b9cf976c050653dd359,2,975.05,1,0.5,High Risk
45213867cefbf2cd4c6177e10216a951,14,973.58,3,0.2143,High Risk
6f892e20a171e98efe17fdb971ff319b,44,971.71,4,0.0909,Low Risk
ebd2d60905fb58271facef5596b620d3,84,967.03,8,0.0952,Low Risk
7d456afc660226829370f3173d14520c,56,962.01,5,0.0893,Low Risk
bce6a5ecf98e99fd2a8868b15c51f04b,14,959.1,3,0.2143,High Risk
3ade81dab5a172b88e1871c28ae05260,30,958.44,4,0.1333,Medium Risk
6ec1a01e866584bb679eb9b098345919,31,956.21,4,0.129,Medium Risk
973f21788dfab357250f69a8dcb7ddee,10,954.1,7,0.7,High Risk
d98eec89afa3380e14463da2aabaea72,168,950.67,13,0.0774,Low Risk
b39d7fe263ef469605dbb32608aee0af,44,948.45,6,0.1364,Medium Risk
37515688008a7a40ac93e3b2e4ab203f,228,947.06,23,0.1009,Medium Risk
aae3bfea055532c57fb453ed3ec80b30,48,943.98,10,0.2083,High Risk
83deb69e889cf80f82be1dc6d5f2d486,40,942.75,6,0.15,Medium Risk
244c2f1bff6afe1f2eaf9bfe9b2aed38,23,937.94,5,0.2174,High Risk
7fc87cc3e89b3d1d5cabdca32f8485aa,14,937.78,4,0.2857,High Risk
7d76b645482be4a332374e8223836592,176,937.28,24,0.1364,Medium Risk
5d0363b33554b373851fc1622e4d5f3c,94,937.01,11,0.117,Medium Risk
cc63f0dd2acba93ffed4fe9f8e0321fa,55,931.24,5,0.0909,Low Risk
f3da5b2ff499efb8d4a6d371d175d7dd,79,920.15,14,0.1772,Medium Risk
7586919161935337bf6b6d7ff5779648,11,916.29,3,0.2727,High Risk
0015a82c2db000af6aaaf3ae2ecb0532,3,916.02,1,0.3333,High Risk
66922902710d126a0e7d26b0e3805106,151,914.93,8,0.053,Low Risk
31344c16881c08a8a72c6d2eb29918c1,43,913.29,4,0.093,Low Risk
2d2c62bef4c8ba0dd74e0e228e808539,16,912.54,3,0.1875,Medium Risk
fdaaf5bfda82b7b80535610c831b8d09,10,905.9,2,0.2,High Risk
26d8a1c7c75d513045798992ead43aa2,36,904.97,3,0.0833,Low Risk
fa1a9dec3a9940c072684a46728bf1fc,55,904.02,7,0.1273,Medium Risk
218f991754f360af9c2daa5e0b8e990c,14,903.83,3,0.2143,High Risk
d673a59aac7a70d8b01e6902bf090a11,79,899.95,12,0.1519,Medium Risk
0432ead42b6c8a0bdf68154add917fdf,85,898.63,8,0.0941,Low Risk
7bac63f6603d382cc8d0832eb6c100a8,19,895.93,2,0.1053,Medium Risk
ce27a3cc3c8cc1ea79d11e561e9bebb6,135,889.62,13,0.0963,Low Risk
9906e7aa42a3c067b7c9a564d01c4320,12,888.84,1,0.0833,Low Risk
d66c305afaec317ebee552073a674429,41,885.04,3,0.0732,Low Risk
cab85505710c7cb9b720bceb52b01cee,206,883.19,13,0.0631,Low Risk
0cbcee27c791afa0cdcb08587a2013a8,39,882.94,6,0.1538,Medium Risk
4c03b9dd4c11ee2cb35c96c49efc9420,48,879.12,7,0.1458,Medium Risk
aac29b1b99776be73c3049939652091d,98,877.29,9,0.0918,Low Risk
a1474fd46fd3430168f7ec202da39408,12,873.28,1,0.0833,Low Risk
8f54d64f28a993550aa7943f12572959,15,873.07,4,0.2667,High Risk
0ac4201fda2c68ebc0e47cb9423cf3c9,13,867.24,2,0.1538,Medium Risk
9df5750209b83567ec144eb299d7d634,11,865.58,2,0.1818,Medium Risk
e64d65bc8dbec2accda90c58de5d1246,12,864.42,5,0.4167,High Risk
cd06602b43d8800bd0afad514919d35c,44,860.88,12,0.2727,High Risk
5c6d4016c2a288f074fa0848a2b653d2,32,859.8,4,0.125,Medium Risk
5151aea44289d6c6b090ee31c2132508,7,857.33,4,0.5714,High Risk
5b51032eddd242adc84c38acab88f23d,12,856.76,1,0.0833,Low Risk
45d33f715e24d15a6ccf5c17b3a23e3c,59,856.41,8,0.1356,Medium Risk
0bae85eb84b9fb3bd773911e89288d54,137,854.15,9,0.0657,Low Risk
8b9d6eec4a7eb7d0f9d579ce0b38324d,49,852.45,8,0.1633,Medium Risk
7dc8c42cc750eeafea6c85712ffee9bf,41,852.37,5,0.122,Medium Risk
a23266650e7c84bb93fbbba502137478,11,852.04,2,0.1818,Medium Risk
282c7480173bb9c01dd41cc739fec010,5,850.92,1,0.2,High Risk
f63d8f293af3a6454377546bd9dd19ff,17,845.36,2,0.1176,Medium Risk
6c7d50c24b3ccd2fd83b44d8bb34e073,114,844.55,8,0.0702,Low Risk
f1b854361f4e15d5851b494df66f22b2,3,839.88,1,0.3333,High Risk
058fd0aa2bfdb2274e05e1ae971dabb6,61,839.79,6,0.0984,Low Risk
6860153b69cc696d5dcfe1cdaaafcf62,74,838.13,11,0.1486,Medium Risk
714b9a1332840f257b49f476bea4e341,6,837.21,3,0.5,High Risk
8931a84a914b3fe9b1ddaa4d704947ca,29,830.0,5,0.1724,Medium Risk
99002261c568a84cce14d43fcffb43ea,36,829.9,6,0.1667,Medium Risk
850913d59ce317156b00f3705f1c3edb,32,826.75,10,0.3125,High Risk
ffff564a4f9085cd26170f4732393726,20,826.15,7,0.35,High Risk
39f776d2974049026ff531fc42ef2a3e,3,822.04,1,0.3333,High Risk
822166ed1e47908f7cfb49946d03c726,69,821.81,13,0.1884,Medium Risk
30a2f535bb48308f991d0b9ad4a8c4bb,71,818.3,9,0.1268,Medium Risk
723cd880edaacdb998898b67c8f9da30,11,817.95,2,0.1818,Medium Risk
05ff92fedb5be47920fea08e501238b9,59,817.0,3,0.0508,Low Risk
7722b1df1b0e383e000397b2c11e3e19,134,816.93,15,0.1119,Medium Risk
5b0cc932433fa5184b5b94bfe6bcc256,12,814.3,4,0.3333,High Risk
f12ff17ad8bbf01ec5c33b17e506649b,29,808.67,5,0.1724,Medium Risk
3771c85bac139d2344864ede5d9341e3,26,805.14,6,0.2308,High Risk
a0d7fbb07bb5ebc3b05980e750db56f3,3,804.54,2,0.6667,High Risk
1336efc61c316ddf92c899eb817f7cae,74,803.05,11,0.1486,Medium Risk
1ce3ae5a399804d1a87e706f8a813c3e,40,801.96,8,0.2,High Risk
26e2c91ef821e1ff8985f408788fe35b,12,801.3,4,0.3333,High Risk
56642bcb79900e777d68e91915cb4267,48,791.58,7,0.1458,Medium Risk
13d058e4eeac2ce8217660b2f8a05812,23,785.3,3,0.1304,Medium Risk
0725b8c0f3f906e58f70cbe76b7c748c,17,781.76,5,0.2941,High Risk
a420f60ff1aa9acc80d0e42959f2b313,67,780.39,10,0.1493,Medium Risk
39d54ff918774174706fb065d7f9dc07,23,779.67,6,0.2609,High Risk
318f287a62ab7ac10b703ac37435a231,52,775.34,10,0.1923,Medium Risk
0d85bbda9889ce1f7e63778d24f346eb,51,774.85,6,0.1176,Medium Risk
5b67882648febfb6e1225e6ad7164f6b,27,767.75,4,0.1481,Medium Risk
61c36f0fc4a47f9532e5512b66668e62,1,767.69,1,1.0,High Risk
8cc6a0e5738e61a87b03c78b2ba9db4b,24,764.52,1,0.0417,Low Risk
f7ccf836d21b2fb1de37564105216cc1,70,761.99,13,0.1857,Medium Risk
640e21a7d01df7614a3b4923e990d40c,116,761.7,9,0.0776,Low Risk
f35b3c613c4f7b2275f4185d0a3c59ec,9,758.93,1,0.1111,Medium Risk
d12c926d74ceff0a90a21184466ce161,78,755.02,6,0.0769,Low Risk
dc8798cbf453b7e0f98745e396cc5616,41,754.94,12,0.2927,High Risk
ede0c03645598cdfc63ca8237acbe73d,46,753.78,13,0.2826,High Risk
ffdd9f82b9a447f6f8d4b91554cc7dd3,18,752.16,2,0.1111,Medium Risk
5acd070dd3fe441bbb2ec1f1ede515ee,7,751.92,3,0.4286,High Risk
25e6ffe976bd75618accfe16cefcbd0d,108,751.48,9,0.0833,Low Risk
55f7a3319d80f7fdf078b8f03e6725fe,22,742.36,4,0.1818,Medium Risk
5b581417df4480f632484ba681e53944,12,741.2,3,0.25,High Risk
55d3daac7c404d59e51c2aa2f4dc5a23,21,740.9,2,0.0952,Low Risk
276677b5d08786d5dce7c2149dcce48b,33,739.7,6,0.1818,Medium Risk
b43d8b707f887a30f4675391098354a0,3,738.48,1,0.3333,High Risk
d3dcf0604eabf0224fbd5948b5e02f69,9,737.24,2,0.2222,High Risk
f84fa566034f5e8e880a07ec624c56af,91,736.78,10,0.1099,Medium Risk
289cdb325fb7e7f891c38608bf9e0962,110,736.59,6,0.0545,Low Risk
82bd0703a4aefd6b599e5bfdaed378fb,21,734.53,5,0.2381,High Risk
091065b789659bc3cd9af9cb3a6253ff,2,734.14,1,0.5,High Risk
430315b7bb4b6e4b3c978f9dfa9b0558,20,731.83,4,0.2,High Risk
a36ac007a4d18f865c8d32c3b2402c2d,9,725.47,5,0.5556,High Risk
52d76513f0c4d97f3b99570e2c94ee31,19,723.97,3,0.1579,Medium Risk
a938325a4b357fd23a6a4d5bb126408e,24,723.82,5,0.2083,High Risk
f4aba7c0bca51484c30ab7bdc34bcdd1,110,722.04,17,0.1545,Medium Risk
537eb890efff034a88679788b647c564,160,721.49,14,0.0875,Low Risk
f00e21b1e91a79653163b7fd8f293ff1,31,721.05,4,0.129,Medium Risk
4559697a8f7e637227c2eeaed843baff,42,720.22,5,0.119,Medium Risk
4d600e08ecbe08258c79e536c5a42fee,8,719.76,1,0.125,Medium Risk
db4350fd57ae30082dec7acbaacc17f9,137,718.27,16,0.1168,Medium Risk
1b4b28463457a256e9a784ebe2a8f630,1,715.34,1,1.0,High Risk
5d043cd5512d4bd2f88e5ccdd5736c38,1,714.91,1,1.0,High Risk
4c18691b6037662be2df78a765d98ab5,63,713.8,11,0.1746,Medium Risk
fcf16b7a8697e559f0123190bb30177d,3,708.48,1,0.3333,High Risk
9616352088dcf83a7c06637f4ebf1c80,92,707.49,7,0.0761,Low Risk
31da954dc0855f2495c6310f70a2f931,29,705.45,3,0.1034,Medium Risk
9da1ca0bef29ee170e541927a5aeabdc,6,702.92,2,0.3333,High Risk
2c43fb513632d29b3b58df74816f1b06,3,702.41,1,0.3333,High Risk
916c9de0b5ad957346eeeb12f332687e,23,700.59,2,0.087,Low Risk
3a4127e1ba7208ea37044c5092aae170,6,698.86,2,0.3333,High Risk
1dfe5347016252a7884b694d4f10f5c4,21,697.44,6,0.2857,High Risk
e81e1f9c3e762e620f3fb60a51499e16,17,697.42,2,0.1176,Medium Risk
2dee2ce60de9709b1a24083217181a1f,54,696.64,3,0.0556,Low Risk
0176f73cc1195f367f7b32db1e5b3aa8,38,692.45,6,0.1579,Medium Risk
a17f621c590ea0fab3d5d883e1630ec6,65,692.15,11,0.1692,Medium Risk
ea65d8b58316a6f2362f2a9e4b3e86ad,9,691.97,2,0.2222,High Risk
3a1a1fec38dd360f15fc912e821e169d,15,691.68,3,0.2,High Risk
2a7dc43cecabf23403078e2188437d1d,52,690.66,6,0.1154,Medium Risk
575df70bde3f9f2b30bf8d2e9910d725,27,690.33,4,0.1481,Medium Risk
827f8f69dfa529c561901c4f2e0f332f,91,689.7,10,0.1099,Medium Risk
0c7533c71df861ec58ad7ff999ed0e8d,61,687.51,9,0.1475,Medium Risk
c731d18cea9bf687ffee82a241c25b11,24,685.89,4,0.1667,Medium Risk
633ecdf879b94b5337cca303328e4a25,6,684.23,4,0.6667,High Risk
3c4e0452bff7a2a788179488d3d77032,32,683.95,6,0.1875,Medium Risk
87e24fc7052259b1f7f607d61c10d8be,8,680.12,2,0.25,High Risk
71039d19d4303bf9054d69e9a9236699,35,679.61,7,0.2,High Risk
cb5df0dcb9e280b1780e9d589889f2c7,16,678.51,3,0.1875,Medium Risk
afe0067131b73e40875c9b6c10bd2e21,46,677.33,5,0.1087,Medium Risk
f97e2b0650c2068227e1d366140eb62f,16,677.28,3,0.1875,Medium Risk
1976a05ecf2996d6ffb7b5430e635fe7,8,673.24,2,0.25,High Risk
8c16d1f32a54d92897cc437244442e1b,108,673.17,8,0.0741,Low Risk
91f0eec23d4a61d7d7caeefa3f0ad1ca,11,672.99,3,0.2727,High Risk
3340ef1913fb70d28420f6ceb685c339,32,672.0,2,0.0625,Low Risk
8f2b51a30523cdecddc2f179f351c7d6,7,671.8,1,0.1429,Medium Risk
582d4f8675b945722eda7c0cb61ba4c7,59,670.95,9,0.1525,Medium Risk
8132b9bd16876e1b0f8808d43825dd48,2,670.04,1,0.5,High Risk
081acf3de680d554796c9cf041be7bc2,4,669.24,1,0.25,High Risk
8090490573c6c0aa343a7231ebcb8c86,26,668.23,3,0.1154,Medium Risk
7008613ea464bad5cb9b83456e1e6a8f,127,668.09,9,0.0709,Low Risk
d1b65fc7debc3361ea86b5f14c68d2e2,40,666.45,2,0.05,Low Risk
dfc5fb7259bb2b599ca565e6e9448f0f,33,665.72,3,0.0909,Low Risk
6bef34c5be6f2bbd70aa5165f6df94b1,2,665.44,1,0.5,High Risk
a369d693961cb93b61ca2cc518872a85,11,662.37,2,0.1818,Medium Risk
fc906263ca5083d09dce42fe02247800,114,661.77,11,0.0965,Low Risk
5d3bb11474a06bdc23fb9e89f1164ee0,31,661.75,5,0.1613,Medium Risk
ff4ea69c2a729e83e63c7579e4ef8170,9,660.8,1,0.1111,Medium Risk
1352e06ae67b410cdae0b2a22361167b,4,658.17,3,0.75,High Risk
951e8cef368f09bb3f3d03c00ca4702c,64,657.21,8,0.125,Medium Risk
238fac594e170b59c6d228f5a4f4f1d9,29,655.89,4,0.1379,Medium Risk
8f580d36c1e9d6fbce95283403c7d447,8,654.82,1,0.125,Medium Risk
49e7217cfe4e427191c378ec626d8737,13,654.8,1,0.0769,Low Risk
6fc26fe110feebd80a433e1f012a84f9,35,650.99,5,0.1429,Medium Risk
7901646fdd36a55f564ffaf2dbccaaf7,22,650.74,2,0.0909,Low Risk
d5ba419e26d246a0719437cf37d9b46d,34,649.58,5,0.1471,Medium Risk
8b2492b7ff4468839593fafeed55bad9,29,647.02,4,0.1379,Medium Risk
d93919c944be9cff128f6c9cb899eacb,33,646.75,6,0.1818,Medium Risk
e5475dcab1e07b63d7f6e902d8f5eda8,19,645.88,3,0.1579,Medium Risk
c66dccfb3f109511246da627dd5a2498,45,645.58,3,0.0667,Low Risk
ad420dd0c4f92f8af951ac24b86d0cf5,42,643.38,6,0.1429,Medium Risk
e48cc16ab70bfa09e1401740dce0b3d7,14,641.87,4,0.2857,High Risk
f789d2c4f2c2eb38fc4373e7a4b35264,44,641.63,6,0.1364,Medium Risk
7e3f87d16fb353f408d467e74fbd8014,92,639.54,10,0.1087,Medium Risk
c864036feaab8c1659f65ea4faebe1da,58,637.81,3,0.0517,Low Risk
4b0fdb526525f9890eb145bf1534640e,18,637.24,3,0.1667,Medium Risk
c6bda72e4dbf5c5866b13cb1810c6d03,59,634.34,5,0.0847,Low Risk
23a0ffca143a15b9b5bbdb7d552f626a,23,634.12,5,0.2174,High Risk
06df0c10d34e459d9672bc77388742eb,26,632.6,2,0.0769,Low Risk
bbf9ad41dca6603e614efcdad7aab8c4,14,632.23,1,0.0714,Low Risk
c72de06d72748d1a0dfb2125be43ba63,21,630.28,1,0.0476,Low Risk
9599519be538b98748162a2b48248960,1,630.06,1,1.0,High Risk
d5b9a084373da994a6e37f732169a853,7,629.58,2,0.2857,High Risk
a2e874074c877c5a05abae80ad6e488f,44,629.38,4,0.0909,Low Risk
b56906f7fd1696e043f1bcce164c487b,40,628.03,8,0.2,High Risk
e89c4adbe7b1d0819dbb636e16461cf1,24,627.69,4,0.1667,Medium Risk
2e1a7d075abe038c1b2743005fe42ff1,19,624.12,4,0.2105,High Risk
4091f77d8c768fc3e81c20761471761d,8,622.89,3,0.375,High Risk
4b1eaadf791bdbbad8c4a35b65236d52,8,621.85,3,0.375,High Risk
66fd84ee7528c0c0de85d0f44a73d5ab,11,621.44,3,0.2727,High Risk
685b870da5b52a710782c9c0fefbeb5b,2,618.88,1,0.5,High Risk
fd386aa7bed2af3c7035c65506c9b4a3,69,618.49,10,0.1449,Medium Risk
577719699805dd125d5b6fdde5943bba,8,618.29,1,0.125,Medium Risk
83d7070a0b9a8b4625fa8682b819fabb,2,617.81,1,0.5,High Risk
eb4df17aed01d918c65f0f8d650900c0,11,614.11,2,0.1818,Medium Risk
93dc87703c046b603023e75222018b45,35,613.9,3,0.0857,Low Risk
b76dba6c951ab00dc4edf0a1aa88037e,159,610.73,16,0.1006,Medium Risk
1d0997ff06b524ce9289ffd75114ecd3,3,610.63,1,0.3333,High Risk
c35affa65afd250151285c5917fc1c8a,9,610.51,1,0.1111,Medium Risk
f918546be4bec7104d117789ba758b2b,20,609.99,4,0.2,High Risk
f524ad65d7e0f1daab730ef2d2e86196,1,609.5,1,1.0,High Risk
38e679b9e0064cd94c6f035707344dae,28,608.71,5,0.1786,Medium Risk
f615fe7efbef0f4f08fd3086bc7a3e60,23,608.0,4,0.1739,Medium Risk
b5abf4f36adc043117b4fca82c22984c,11,607.75,3,0.2727,High Risk
244b04680fdbded0acf5aebd9c92b44a,3,606.48,1,0.3333,High Risk
3b872fd4747f01cc56206f2934198618,25,604.94,4,0.16,Medium Risk
1c5e4e49b9079480255b49d50aac1aa9,12,604.73,1,0.0833,Low Risk
c8467937e403e76a8ee9f0ab13f6f5ef,30,603.53,4,0.1333,Medium Risk
198c7ea11960a9844b544d9bcdca860c,25,603.13,6,0.24,High Risk
b561927807645834b59ef0d16ba55a24,85,601.74,8,0.0941,Low Risk
94e93ce877be27a515118dbfd2c2be41,30,600.9,4,0.1333,Medium Risk
4e5725ba188db8252977a4f0227bd462,22,600.82,7,0.3182,High Risk
e333046ce6517bd8bb510291d44f0130,68,597.62,6,0.0882,Low Risk
1b65c144b17e607c0f37f10bb7dfec8d,5,595.15,3,0.6,High Risk
b4a476fbd28de64b1e347abf9089366a,33,593.4,3,0.0909,Low Risk
df56d7b40d437f88407c5f78b63bc328,22,592.6,3,0.1364,Medium Risk
670c26e0f1bf8d0576271d5cfaec6d2b,78,592.35,6,0.0769,Low Risk
9e9b539eb2806acee3f5c28085c1db9f,3,589.05,1,0.3333,High Risk
4a1917ef994878940e1fb03eeb787ad7,2,588.06,1,0.5,High Risk
de9727ca376d1be6ec121b110aa7954c,10,580.71,3,0.3,High Risk
9add47bf45ce8e8c7db6b9cf670b1e09,43,579.9,4,0.093,Low Risk
1838dd9b8977065acf51d95e0053ea7a,64,579.45,7,0.1094,Medium Risk
822bad9bc42b51213ba522fe87b7ab5d,18,578.94,2,0.1111,Medium Risk
96804ea39d96eb908e7c3afdb671bb9e,38,578.87,5,0.1316,Medium Risk
f0b47fbbc6dee9aafe415a6e33051b3f,68,578.47,8,0.1176,Medium Risk
b2ac621f0d0322434d04a12b078b9369,30,577.15,2,0.0667,Low Risk
157c3e4b42f81ac4a44e8b1ca2fe9876,23,576.31,5,0.2174,High Risk
6d803cb79cc31c41c4c789a75933b3c7,58,573.57,5,0.0862,Low Risk
a414555ce331b8c8aea4a9cb8395194d,7,573.19,2,0.2857,High Risk
271c58a1d139c45eaf3316107c6d3a3b,29,572.51,4,0.1379,Medium Risk
9d4db00d65d7760644ac0c14edb5fd86,98,570.28,4,0.0408,Low Risk
c0563dd588b775f2e37747ef6ad6c92c,28,568.13,4,0.1429,Medium Risk
bb135baca94c82fcb731335ad5b04a03,18,566.43,7,0.3889,High Risk
78744a20ee2f80ba64f6804c25def2b8,6,564.89,1,0.1667,Medium Risk
ecccfa2bb93b34a3bf033cc5d1dcdc69,15,564.27,6,0.4,High Risk
4342d4b2ba6b161468c63a7e7cfce593,20,563.44,2,0.1,Medium Risk
47648caee88ccfe951fbb27fbf7b4cbe,3,563.33,1,0.3333,High Risk
381c83fdca332ea6afd896da20bf6e4a,46,559.01,4,0.087,Low Risk
e250d617a0ad591ba9bd663e584a895d,8,558.63,3,0.375,High Risk
02ecc2a19303f05e59ce133fd923fff7,21,556.24,1,0.0476,Low Risk
33ac3e28642ab8bda860a2f693000e78,34,555.43,4,0.1176,Medium Risk
bafc5aa11e413978be29040f51342e70,9,554.89,3,0.3333,High Risk
a6fe7de3d16f6149ffe280349a8535a0,51,554.84,8,0.1569,Medium Risk
191d55f7edb8524d525ed01b20fe32e8,3,554.47,2,0.6667,High Risk
2745f798279e0ed033addcc1474776d7,32,554.18,4,0.125,Medium Risk
272f092de69afedd4d2969440b37f18f,26,553.51,6,0.2308,High Risk
4e326052e5dbba8adcd512f3450a307e,3,552.1,2,0.6667,High Risk
2a61c271b1ac763450d846849783e922,18,550.13,4,0.2222,High Risk
49067458c68f7701fd334ce326accbe0,17,547.5,6,0.3529,High Risk
8f78f0903005064036736c7173a5c2ed,13,547.35,3,0.2308,High Risk
0791d9fc1e30678ecf03d3e55fa108d3,5,544.4,1,0.2,High Risk
f235413f677777a0738ff215d0184901,3,540.53,1,0.3333,High Risk
3d8fa2f5b647373c8620330c4e077a9f,43,539.23,5,0.1163,Medium Risk
cb3dd9ce66268c7a3ca7241ac70ab58c,50,539.14,7,0.14,Medium Risk
94144541854e298c2d976cb893b81343,68,538.21,8,0.1176,Medium Risk
2199e7fe213c16213bf5d6a7eadc9a5d,25,537.2,2,0.08,Low Risk
1b8b75e227c9a9c100d0c210fb6176ce,19,535.14,4,0.2105,High Risk
5fd924b4836098a5be0ecf81ba054ce0,7,535.04,1,0.1429,Medium Risk
f9903dd0f812c7e771fcad47b6fff231,10,532.7,3,0.3,High Risk
dd533b429f380718b70ad9922c294bae,41,532.02,6,0.1463,Medium Risk
e067ad2c1c0b48758eb1b5228bcf7a68,54,531.65,6,0.1111,Medium Risk
fa74b2f3287d296e9fbd2cc80f2d1cf1,11,531.57,2,0.1818,Medium Risk
6a0cbc8af2e8abd1bdfb777943d174c6,35,530.11,4,0.1143,Medium Risk
4bf2f4ee540798a61f9636d12cd9cc80,29,528.54,3,0.1034,Medium Risk
14a08204d03bb6b6bde8029f801ae0eb,28,527.96,5,0.1786,Medium Risk
7daca0837f033a41a6f3428c18657533,7,526.32,2,0.2857,High Risk
ba143b05f0110f0dc71ad71b4466ce92,85,525.75,7,0.0824,Low Risk
312ba1d77e9c332ef21f9598b7f64cd7,9,525.72,5,0.5556,High Risk
3fd1e727ba94cfe122d165e176ce7967,37,524.94,7,0.1892,Medium Risk
d51e0a403fe2e689ece6c73359d96e12,19,523.31,1,0.0526,Low Risk
32b8764b4ef628b53608fc34011fcc13,36,520.84,2,0.0556,Low Risk
fb89df7f89fd1b8f03fa2acca1ba7364,22,520.48,4,0.1818,Medium Risk
2fdde51ad3e12f297da656d4fbd5d0b5,10,519.22,1,0.1,Medium Risk
8f119a0aee85c0c8fc534629734e94fd,77,518.17,7,0.0909,Low Risk
f5f1f2c5f923f36ad79ea1d07185ddc9,12,517.67,2,0.1667,Medium Risk
dff87e4de60c9736ce8df835951b09bc,2,516.1,1,0.5,High Risk
977f9f63dd360c2a32ece2f93ad6d306,24,515.46,4,0.1667,Medium Risk
427165bf50f8ca07efc7bdc2bfcf1688,5,515.24,2,0.4,High Risk
51ed72984a04e5dd35c2b27e77179038,7,513.85,2,0.2857,High Risk
7139dc5186aa238b006e066d8fbab2e4,22,508.96,4,0.1818,Medium Risk
d101c6da914ae3d53f7bee42283f2fe2,13,508.54,4,0.3077,High Risk
54c04bdb5ec46762f8f08c7e8f86ed4a,18,508.51,2,0.1111,Medium Risk
ad97a199236354e53fcd91a5a913e9a2,17,507.68,1,0.0588,Low Risk
5ab05b6d86d417796c69ffd6774ec832,10,507.6,2,0.2,High Risk
8ff1a9df749e454105c55cda13e79143,13,506.4,3,0.2308,High Risk
9c068d10aca38e85c50202e17b4a7e88,17,503.98,3,0.1765,Medium Risk
4992e76a42cb3aad7a7047e0d3d7e729,57,503.92,9,0.1579,Medium Risk
9646c3513289980f17226a2fc4720dbd,71,502.81,6,0.0845,Low Risk
3f995f07c49d0d55a99d5c54957f7d81,43,501.25,4,0.093,Low Risk
3f2af2670e104d1bcb54022274daeac5,6,498.12,2,0.3333,High Risk
65febd49fd28ec955651299159b1f527,35,497.71,3,0.0857,Low Risk
750303a20e9c56b2a6bc45cdce0b897d,54,497.7,5,0.0926,Low Risk
520b493b57809f446cb0a233bb3e25c7,63,497.47,6,0.0952,Low Risk
d8cf3b6a2151949f930d0252b180ec42,6,496.95,2,0.3333,High Risk
1354d51653f645349064725ed204e85e,18,496.51,4,0.2222,High Risk
3481aa57cd91f9f9d3fa1fa12d9a3bf7,25,495.23,5,0.2,High Risk
4deebb3199eeafb282ae33229144f94b,4,495.12,1,0.25,High Risk
b347677812ea483b0f528eaf8cbc09b7,21,494.47,1,0.0476,Low Risk
f7496d659ca9fdaf323c0aae84176632,26,494.07,2,0.0769,Low Risk
6e4f5ff6b086632ba8dcb558fb10249e,5,493.65,2,0.4,High Risk
7f2617c58d5d06806987308b45654351,22,493.07,3,0.1364,Medium Risk
167fd940acebc789debd6eb418c46e38,5,491.79,2,0.4,High Risk
b6d44737c043328708f6749c2dbe50bd,62,489.43,6,0.0968,Low Risk
5f5b43b2bffa8656e4bc6efeb13cc649,27,486.14,2,0.0741,Low Risk
c6a7539d424a8402232c2228d7a03c5e,10,485.58,4,0.4,High Risk
e24d3429d294b2eb200b064ebb035879,19,485.29,2,0.1053,Medium Risk
ac3508719a1d8f5b7614b798f70af136,103,484.52,3,0.0291,Low Risk
b18871c324516afa228a13e8f1ef0ae9,9,482.21,4,0.4444,High Risk
4305fe92735c8a43d154ff6dd2b8d927,19,480.77,2,0.1053,Medium Risk
bdae679a9b282249bc23b9b69dae9a99,6,480.14,2,0.3333,High Risk
43402bdf22aa2310e8f99e2f94f78628,4,479.75,2,0.5,High Risk
6481e96574816ead57975da2c0f6d80d,32,478.27,3,0.0938,Low Risk
d29ba1220fb8634fa3a107e54497b8a4,9,476.16,3,0.3333,High Risk
e5f9e61ceb5f523cc966e0f34095032f,4,475.01,1,0.25,High Risk
fe49ee029e61e789a1f3a5525f57ba8d,17,474.35,3,0.1765,Medium Risk
f9d010e39375d9c91dce3f40b73a2f84,4,473.81,1,0.25,High Risk
ec8879960bd2221d5c32f8e12f7da711,36,473.76,4,0.1111,Medium Risk
6cd68b3ed6d59aaa9fece558ad360c0a,149,470.39,5,0.0336,Low Risk
f08c008c8a8d31417763738a1788a2a8,22,468.41,5,0.2273,High Risk
bf84056e679dbe9c69929847a40e338f,36,468.31,6,0.1667,Medium Risk
4c498c7345e89aebad651544829beca0,48,467.52,4,0.0833,Low Risk
04fdea0c111866e6cf812f1570d6b5bd,10,466.78,3,0.3,High Risk
dc7192adf8ba09569261f4a8d576afe0,7,465.02,2,0.2857,High Risk
d9bd94811c3338dceb4181f3dbc0c73e,54,464.81,2,0.037,Low Risk
aced59e9b31ef866a94f9e7f29d8d418,61,464.31,4,0.0656,Low Risk
acce39e832338debb07b02385cde5967,44,464.22,3,0.0682,Low Risk
845e8036c3f7bf62099352f5ed910240,21,462.6,5,0.2381,High Risk
cb8bcce248bb1fb274ba762d8b971456,68,462.54,3,0.0441,Low Risk
112453736dbe3889cfb74e1aaa0ba0c1,7,461.25,1,0.1429,Medium Risk
2dd1fb6f0e42a2243b8a01e40cd41216,4,461.02,1,0.25,High Risk
1ca4bdb0cd7fc48e949bac066188ed26,4,459.63,1,0.25,High Risk
cc5a78bbad32776dc4e3af205218368c,33,459.43,3,0.0909,Low Risk
715bbd5ba4e6b74cb0d2f29eb45058b0,62,457.95,4,0.0645,Low Risk
2709af9587499e95e803a6498a5a56e9,26,457.46,5,0.1923,Medium Risk
edf96ef93ed595084bbcbd9224bd2894,25,454.43,3,0.12,Medium Risk
49cdc90518a4f82676b38b3c1aa43ff6,5,454.0,1,0.2,High Risk
6cf476a4ca74498db55cbccdaa9dcfb6,6,452.02,3,0.5,High Risk
8bd0e3abda539b9479c4b44a691be1ec,7,451.42,3,0.4286,High Risk
fb3cfbc8a86f5d7fbb4d36b8df63f60d,10,450.0,1,0.1,Medium Risk
c64a2aec32cc408a8a4c6d7c46017f91,9,449.92,1,0.1111,Medium Risk
bc47d5d1490df2b36add65d733eafaba,24,445.56,8,0.3333,High Risk
c5f7feb04a6a1fb3596322bfc3cf1917,11,444.89,2,0.1818,Medium Risk
8378eb36b6b70c5734e83ad7b8cdc3b7,7,443.2,2,0.2857,High Risk
42bde9fef835393bb8a8849cb6b7f245,35,443.0,3,0.0857,Low Risk
adcf50477d6a1f5d91bb9d54c4903cb5,19,441.94,4,0.2105,High Risk
392e0502231ae2f8b29994ef6398cd77,20,440.2,2,0.1,Medium Risk
6eeed17989b0ae47c9f11ece6f38ea90,3,439.79,1,0.3333,High Risk
232a6014e7b10cba61c6c2b2ea6bb4b0,33,439.33,4,0.1212,Medium Risk
2a5b78b41cd05baeac8df54c6606b92c,49,437.96,2,0.0408,Low Risk
13fa2a6c6b9d0f43cb588d7c82117a12,9,437.18,1,0.1111,Medium Risk
5ee7fd217d08dfe5d3e2f51f96a12c9a,9,437.05,3,0.3333,High Risk
1fe5540d7c1c37a595fefbacd5570d9e,20,436.98,1,0.05,Low Risk
432c37c9dfba871172ec162e20118b8c,46,436.92,6,0.1304,Medium Risk
e99e927c81e3f51739c94fcdfca9f10f,22,436.84,4,0.1818,Medium Risk
3f8034bfc6b8b4135534975d49f04c63,12,434.66,2,0.1667,Medium Risk
5bc24d989e71e93c33e50a7782431b0e,17,434.35,2,0.1176,Medium Risk
34d1ca11b242c0fee2c834ae8d788566,40,431.24,2,0.05,Low Risk
e883aa812c37a7413226856f4579fe91,26,427.37,3,0.1154,Medium Risk
725af026f869236a8dd0ceb98564d156,7,426.0,2,0.2857,High Risk
458c6fa920810ce2492da71bc26d9eec,2,425.11,1,0.5,High Risk
14d7985702e72162bbf13b6beb74ab2b,37,424.16,3,0.0811,Low Risk
6e386f64c84e482f0b9abf960797ee1b,30,424.13,1,0.0333,Low Risk
eb9cd5b35d95206585e2185318cb5c61,2,422.56,1,0.5,High Risk
f543ba3c973276f519d89d59bd46cead,2,422.04,2,1.0,High Risk
2aa3443d7bf9d9bb11133f420d75e083,10,421.32,4,0.4,High Risk
0d83f8e03188682112cc0d93523705cc,4,419.84,1,0.25,High Risk
d03698c2efd04a549382afa6623e27fb,18,419.49,1,0.0556,Low Risk
6bbcb8924baf70b7fe2fe2097e8cd407,10,417.23,1,0.1,Medium Risk
b7ba853e9551f4558440881fd3e5c815,2,414.79,2,1.0,High Risk
a5cba26a62b8b4d0145b68b841e62e7f,54,414.66,2,0.037,Low Risk
c878515173c84a492ebe50d6b493230b,9,414.54,2,0.2222,High Risk
ab3e0c171fe84a7ba7de130f19cfb485,7,414.13,2,0.2857,High Risk
dbec9a0a7efeff029d4d9dce7dc4cc95,3,413.53,1,0.3333,High Risk
edc518ba25576a0188a0e8f2c3af186f,6,411.78,2,0.3333,High Risk
42b729f859728f5079499127a9c2ef37,104,411.62,7,0.0673,Low Risk
52f0fe436a347ddad7ed5f9aa4e27eaa,21,411.22,4,0.1905,Medium Risk
4cf490a58259286ada5ba8525ba9e84a,8,410.83,2,0.25,High Risk
b8555308bfdb4ca1ed54325a58da9a97,26,408.81,3,0.1154,Medium Risk
9d7a1d34a5052409006425275ba1c2b4,13,408.12,1,0.0769,Low Risk
6b90f847357d8981edd79a1eb1bf0acb,45,406.78,3,0.0667,Low Risk
9bc484c87d79cd4874e05ca182658045,9,406.48,1,0.1111,Medium Risk
c679fb69a36e1d8349e8c50a217b4d58,14,406.19,3,0.2143,High Risk
67bf6941ba2f1fa1d02c375766bc3e53,16,405.24,1,0.0625,Low Risk
8d899e15a5925f097cca50faa49b15e3,4,403.26,1,0.25,High Risk
4e8dacf3d38f281ae26c3e0321d92d88,10,403.2,4,0.4,High Risk
6b536a23086fba0d58c08d68814397f6,19,400.68,3,0.1579,Medium Risk
02dcd3e8e25bee036e32512bcf175493,14,400.29,3,0.2143,High Risk
1b8356dabde1d35e17cef975c3f82730,56,400.11,5,0.0893,Low Risk
2f73e04d12cdf0c945ded66bb3fcf6c7,3,397.04,1,0.3333,High Risk
fad44952713764836814be105382aee5,32,396.68,2,0.0625,Low Risk
bd4889b5e9133b35b66e42a8665cea5c,36,396.55,3,0.0833,Low Risk
af3ef48d0e13835e529c29ac573c63e5,21,396.25,5,0.2381,High Risk
b33aaadd1a8891d2dfef0c4c3bdf0371,16,394.27,3,0.1875,Medium Risk
9bcdfa7b615b3abb9461d9e3ad9886ae,14,393.07,1,0.0714,Low Risk
11305281b50fff20ae8bb473f8e11876,35,392.5,3,0.0857,Low Risk
817245bcc3badd82bbd222e0366951a6,29,392.23,2,0.069,Low Risk
5075aaa8404020ae6aa8bf4792099b41,13,390.17,3,0.2308,High Risk
1eade46fba20122dc4aefb379f8c636b,58,389.66,5,0.0862,Low Risk
901b460cdce0c64e471230d7f2f9f3a3,5,386.79,1,0.2,High Risk
13511db12ac61e2f89c53b72a944a60b,6,385.63,2,0.3333,High Risk
e504a4e2efaa45cbff7e268a2c58c956,11,384.34,3,0.2727,High Risk
5eeb9c756d9780b96283e5a2ac6da334,9,383.89,1,0.1111,Medium Risk
411f3b52d857390502ee4e4d5ceabc2d,21,383.09,3,0.1429,Medium Risk
c273175f7c6c80fb02f051e2fc6d0d72,14,382.52,3,0.2143,High Risk
72bc2cce903c872fe376a8faaa81d237,17,378.63,1,0.0588,Low Risk
fde0cc9ea29c8ccfc0a2c22256a58c71,35,378.33,3,0.0857,Low Risk
5011f0d93373a4c5753adf58ca77af8d,12,378.02,2,0.1667,Medium Risk
dee656f0f566ed1aa85bd137c943f08f,93,375.87,7,0.0753,Low Risk
c9aafcd0621b2207c10e32c649cada4d,44,375.45,4,0.0909,Low Risk
17eea220a40cc0d2c0c5346379682398,4,375.25,1,0.25,High Risk
10ff823eda2b032e2c93d17a7d294736,9,373.62,2,0.2222,High Risk
81336a0f57a33776419727a300249e90,16,373.1,2,0.125,Medium Risk
9dda5bbacd45e18d6485fee649205d09,19,372.57,3,0.1579,Medium Risk
d57e18d5f73c7ccb7f7339b61166898d,61,371.77,5,0.082,Low Risk
6bb0724edf0b62fb91ac404873a97241,17,371.14,1,0.0588,Low Risk
df560393f3a51e74553ab94004ba5c87,28,369.54,2,0.0714,Low Risk
c8b3445d737de6befde0c88ede534a5e,30,369.36,2,0.0667,Low Risk
655220df33262c7e0c4949a147366f94,13,369.11,2,0.1538,Medium Risk
679769a98cfcc6da877c8486ff1c13f3,21,367.2,1,0.0476,Low Risk
870d0118f7a9d85960f29ad89d5d989a,45,365.96,4,0.0889,Low Risk
6dc9bec584588412a6a338830946a3e4,2,364.74,1,0.5,High Risk
4b98b0428fc1932cc2514ef9ce2505e6,2,363.43,2,1.0,High Risk
b335c59ab742f751a85db9c411a86739,33,362.69,3,0.0909,Low Risk
11938fcc75f6902fea1d0a6f72b54a57,2,362.41,1,0.5,High Risk
2a6fbeaa7ab9e5d59a35841a8da71ce4,30,362.34,5,0.1667,Medium Risk
afa6714acee029b2dfdf357e5579cc03,16,361.72,2,0.125,Medium Risk
7813ea3ebd9411dc600b4dd01f7a97b9,9,361.52,2,0.2222,High Risk
2f09f7d37a97956d11cc1a7cadd5262b,11,361.3,2,0.1818,Medium Risk
cea729054f157f5870bdd321a958d994,24,358.75,3,0.125,Medium Risk
0885aaf116795758dfeb5f1032487bcd,28,358.4,3,0.1071,Medium Risk
1b1ae47a313a825a7ccceb8e2e30fa9d,11,357.3,2,0.1818,Medium Risk
f5f2ab9bdb6b30c14c61be68c5ed37da,18,357.15,2,0.1111,Medium Risk
00720abe85ba0859807595bbf045a33b,13,357.02,3,0.2308,High Risk
c7fdb77fdbff3c41981bc52f787e959e,10,356.8,4,0.4,High Risk
f5f46307a4d15880ca14fab4ad9dfc9b,9,356.12,1,0.1111,Medium Risk
ce69a8021d18961dd2a40269b7c2c293,19,355.7,2,0.1053,Medium Risk
a5259c149128e82c9d6d46e0c1c812bb,8,355.06,2,0.25,High Risk
ccf8813e5a7d6c84d865cd38bfc2b130,26,353.92,3,0.1154,Medium Risk
8ca1551acf9832a4cf467bbbac15851f,11,353.67,2,0.1818,Medium Risk
a3f0b55de503387383c7b1de3ad7f678,24,353.27,1,0.0417,Low Risk
1bb2bdb95f4841f1bba2c0d2cd83d3c9,81,352.85,3,0.037,Low Risk
be3b4b0f050a6aa1b2d901c4b77e979f,3,348.78,1,0.3333,High Risk
b566ab0ef88016e00422755e305103c6,5,348.7,2,0.4,High Risk
3f3486b61f45078d4f31ee5e43d8c5bb,40,348.46,3,0.075,Low Risk
f181738b150df1f37cb0bd72e705b193,36,347.32,2,0.0556,Low Risk
2305ab43e846518f58dd9d59f3f54e96,3,347.31,1,0.3333,High Risk
cf2384dd2f1dddea3f838efed0945e65,16,347.16,2,0.125,Medium Risk
512d298ac2a96d1931b6bd30aa21f61d,11,346.76,2,0.1818,Medium Risk
48fb026ed7455a42f5d3e9390ed5088e,11,346.62,4,0.3636,High Risk
f214d28e8d8e3ef068748498ccc2f813,54,346.48,5,0.0926,Low Risk
d566c37fa119d5e66c4e9052e83ee4ea,65,343.98,2,0.0308,Low Risk
e628d4a53c109f09ca88098338b3a3f5,1,343.9,1,1.0,High Risk
9c7fd21e0aa159b20da593371f08ff7c,7,339.27,3,0.4286,High Risk
c447f8dd3ed213f291d65ef074a268eb,7,338.78,2,0.2857,High Risk
33576ec5412fb5905d876f12f33bfde6,31,338.23,3,0.0968,Low Risk
ffa6adafb71b807dc13159e26431354c,18,337.37,2,0.1111,Medium Risk
5cbbd5a299cab112b7bf23862255e43e,36,334.62,4,0.1111,Medium Risk
b7ed9fb14c8eadb37adb9c45d67ab0fb,7,334.4,3,0.4286,High Risk
5160d23075764e18e07c1f4a87fad743,34,333.58,4,0.1176,Medium Risk
71271995e85f5b8530be99ed54a91b89,8,332.31,3,0.375,High Risk
c68fb906c8f4b4b946d8386bfa6e5467,45,329.27,3,0.0667,Low Risk
f680f85bee2d253556ac91be391d2c82,45,327.97,3,0.0667,Low Risk
093805f8f2aeb63881444571e1f48f30,22,327.57,3,0.1364,Medium Risk
5dc4bdaf869e8c77c648078cbe8d59c2,1,327.49,1,1.0,High Risk
4d6fb82c629c7a5028bfd973c07b05e0,2,327.43,2,1.0,High Risk
e46bc031f2c5bae4ccb40bb90712e9b4,1,327.39,1,1.0,High Risk
eddd1991bd6d9309995a480c39b95137,3,325.86,1,0.3333,High Risk
cd6efc47efaabf134f8bdb654e10b4f1,31,325.23,2,0.0645,Low Risk
8a130737016f838139d31878787a39c9,56,324.16,3,0.0536,Low Risk
fec6275253471ace26d209bbaa64cd0f,9,323.54,1,0.1111,Medium Risk
ffeee66ac5d5a62fe688b9d26f83f534,14,323.51,2,0.1429,Medium Risk
e1dc0754bada9ee4cfe9713f22f61292,12,323.04,3,0.25,High Risk
c8417879a15366a17c30af34c798c332,26,321.91,2,0.0769,Low Risk
c458e2045a8aa8964f8879af03fdcce6,4,321.6,2,0.5,High Risk
666658b8da8370f30e1f89893b1de5e6,1,321.34,1,1.0,High Risk
4e06067cc08b3f41d837768d392c3ee3,31,320.58,6,0.1935,Medium Risk
fa3a0b5aabb344b9a92e3524b0202123,7,319.58,1,0.1429,Medium Risk
282f23a9769b2690c5dda22e316f9941,99,319.48,4,0.0404,Low Risk
c7dcd301ecfe5ab7f778ac172cf74be7,4,319.0,1,0.25,High Risk
b83cedfb587e7911540e3f576d6917ce,24,318.66,3,0.125,Medium Risk
403aa86912527d730337ffcb0fb096ab,11,317.85,1,0.0909,Low Risk
8cbac7e12637ed9cffa18c7875207478,67,317.8,7,0.1045,Medium Risk
659e8466eb3ff1b0e8740d74fb7bbedd,11,317.31,1,0.0909,Low Risk
080102cd0a76b09e0dcf55fcacc60e05,124,316.59,5,0.0403,Low Risk
a44fb5a447105f8469bdf16bf9159f25,19,316.57,3,0.1579,Medium Risk
5b925e1d006e9476d738aa200751b73b,63,316.09,3,0.0476,Low Risk
791cfcfe22fe4a771ece27f90017da92,2,315.98,1,0.5,High Risk
ac51cac5e20d69ff485a54746488ef48,4,315.39,2,0.5,High Risk
ed859002ad59dbf8cf3602696a6c3000,7,315.24,1,0.1429,Medium Risk
daf565f087a52def0fd5c5825b3661bc,9,314.56,3,0.3333,High Risk
c1ed9e3daf6154542826a6996af0fb8c,9,313.17,2,0.2222,High Risk
439a47cc365d6e3bd526812ea9de3c29,8,311.98,1,0.125,Medium Risk
6b333a05bf188ef3e1f1662a86bd9855,12,311.91,1,0.0833,Low Risk
557f22c76691849db52d2abccf0015d0,13,311.87,4,0.3077,High Risk
d97df38225e5abadaff1e72cb72b823c,29,310.49,6,0.2069,High Risk
de09d00cfc265b8804c7df34075a68fa,3,308.86,1,0.3333,High Risk
c53bcd3be457a342a97e39e5a9f0be22,5,308.84,2,0.4,High Risk
974cf2cb8f4b7add98709c30df02fe10,33,308.02,3,0.0909,Low Risk
e49c26c3edfa46d227d5121a6b6e4d37,35,306.87,3,0.0857,Low Risk
6f229cc508fc6915ed5c499efd93baa4,13,305.76,2,0.1538,Medium Risk
ed8cb7b190ceb6067227478e48cf8dde,15,305.39,5,0.3333,High Risk
c37b2059d4f90d4feead554e5246565e,12,304.68,5,0.4167,High Risk
79a679c36c08d606b3fd47ead9de109b,3,303.14,2,0.6667,High Risk
02f623a8eb246f3c5f7c2f96462654e6,44,301.58,2,0.0455,Low Risk
68ca56ce86830f3d31b1b7ec6a54da3e,6,301.17,1,0.1667,Medium Risk
8629c241b3622ac12cd4118afdc8d394,13,298.77,2,0.1538,Medium Risk
ec80e49e69745ab6c14f984bf2149423,12,297.0,1,0.0833,Low Risk
20b54c376b794ed028df09a3cd88e8dc,11,296.2,3,0.2727,High Risk
406822777a0b9eb5c50e442dd4cd3ec5,45,295.47,4,0.0889,Low Risk
b74d1c09cb380e1d03a6f859c6f4224b,31,295.26,3,0.0968,Low Risk
f67efa3f0b6761102a7f8c6b7b571f5d,31,294.42,2,0.0645,Low Risk
78a4d36f65a019172c6154468831a69f,7,294.19,1,0.1429,Medium Risk
6ee85be3693ed79a8e80718743d80655,9,293.64,3,0.3333,High Risk
bd697db56ff8e7c9cd1abeb7f72029b2,22,292.41,2,0.0909,Low Risk
4ebdc7e6cd6102a022dadc49156d4ea8,29,291.88,6,0.2069,High Risk
880eda903e719a5f179f7e9fceb3a69d,1,291.72,1,1.0,High Risk
141440cad9341e553f8401c574a2aa38,11,291.68,1,0.0909,Low Risk
b6e1504972665f739dec4facb9943775,14,290.92,2,0.1429,Medium Risk
5f1dc28029d2c244352a68107ec2b542,62,290.89,4,0.0645,Low Risk
5f67c6082caacb26e431a7b17940cece,13,290.84,3,0.2308,High Risk
340636a908b13bbe0f4fb63fbe1d0c03,5,290.16,1,0.2,High Risk
0aa2205ca24f113f4658a5c536667426,4,289.86,1,0.25,High Risk
20cb7c2fde3e5bf10f0bbe7394e1c6a9,32,289.02,4,0.125,Medium Risk
9baf5cb77970f539089d09a38bcec5c3,32,288.75,2,0.0625,Low Risk
994f04b3718c2bab35c2adfa8afecd2a,49,288.65,4,0.0816,Low Risk
12a8eb0f8d1cd3270695bf2a99f55966,2,288.38,1,0.5,High Risk
270d3ef21830ad0ecf3a6c53d08a533a,6,288.15,2,0.3333,High Risk
0ffa40d54288e4f3499b8780dd0f144f,33,286.22,3,0.0909,Low Risk
e8b4225284fbb02d16f200513f1f395d,31,285.94,1,0.0323,Low Risk
6ddc28b61be28373b4503a1f61cf98a9,11,284.55,1,0.0909,Low Risk
2ff97219cb8622eaf3cd89b7d9c09824,89,284.49,4,0.0449,Low Risk
7a425d299613df3e613bcf9d2eaf5c49,18,284.1,3,0.1667,Medium Risk
8bd0f31cf0a614c658f6763bd02dea69,33,283.82,3,0.0909,Low Risk
888faa8bfb0b159c37de6d898b961c31,19,282.72,2,0.1053,Medium Risk
b7cc6c5e001441ae8cdd5c69a480cbe4,6,282.25,1,0.1667,Medium Risk
2156f2671501a81034d7d07f217609d0,22,281.33,3,0.1364,Medium Risk
984c273121e743dd14767befe6cb17f5,1,280.91,1,1.0,High Risk
709e16e2b25c7474d980076c6bfc4806,60,280.89,1,0.0167,Low Risk
20d83f3ef0e6925fd74bfd59170babf7,40,280.75,3,0.075,Low Risk
41b86b552e54e3a7009596125aa8b167,10,279.13,1,0.1,Medium Risk
5b664594895aefb418afaee6d40a9a23,16,277.65,3,0.1875,Medium Risk
eebb3372362aa9a46975164bed19a7e7,7,277.03,2,0.2857,High Risk
f125f3a310c2e5f822d116147de1e474,16,276.58,1,0.0625,Low Risk
1996942dc085d7773ba77a529b163cd0,10,275.6,1,0.1,Medium Risk
559d56f3b8f0bc2e5a9a62fe2ce2a39f,2,274.97,1,0.5,High Risk
37ceb404da208418c9032f0674e57804,1,274.11,1,1.0,High Risk
382229d1e840115ffe3dbf5ff460e417,46,273.77,5,0.1087,Medium Risk
a2deecd5398f5df4987110c80a1972a3,16,273.73,3,0.1875,Medium Risk
25cf099de44674fde97473224f9d59ab,50,272.48,5,0.1,Medium Risk
968ee78631915a63fef426d6733d7422,2,271.2,1,0.5,High Risk
05a940b4ecae36cadfd8e93bd9c43257,10,270.94,1,0.1,Medium Risk
25debeafbce801fdd479539350185eee,6,270.32,3,0.5,High Risk
323ce52b5b81df2cd804b017b7f09aa7,30,269.98,2,0.0667,Low Risk
41ab63a91b8b264e8c8780368bf1dd5b,12,269.48,2,0.1667,Medium Risk
bb7a14e229b1c95156719c3d9552eeee,11,269.29,1,0.0909,Low Risk
3bdff180c7e1f6551a643b99c265a120,59,268.93,5,0.0847,Low Risk
001e6ad469a905060d959994f1b41e4f,1,267.94,1,1.0,High Risk
c794dab4928dd97beb41d05514441e86,16,267.89,1,0.0625,Low Risk
7bcd7c5f8631701474db233ccf1c094b,11,267.12,2,0.1818,Medium Risk
9a84ba99f5367fdbd4598363496f1ea2,16,266.24,3,0.1875,Medium Risk
343e716476e3748b069f980efbaa294e,17,266.01,2,0.1176,Medium Risk
1099a00e0ee3a50935e6c2447ca090c5,3,265.55,1,0.3333,High Risk
c33a5c3c983090c8b78a28e65052a20d,9,265.54,3,0.3333,High Risk
e21a1e8be4715b0fcfd5385643bc49c4,21,265.52,5,0.2381,High Risk
15cd6eefe58588619aaed41dfa6621b1,16,264.71,3,0.1875,Medium Risk
2a50b7ee5aebecc6fd0ff9784a4747d6,1,264.24,1,1.0,High Risk
ef2fbc2b607d8492bcffe657a4645434,20,262.37,4,0.2,High Risk
5ef131ac72773e5b3f6c0d63cf424657,10,262.05,2,0.2,High Risk
d2e753bb80b7d4faa77483ed00edc8ca,14,261.31,2,0.1429,Medium Risk
8c5e007d7bd5693fa1386ffefbc99f6c,9,260.6,1,0.1111,Medium Risk
6650fcccd8cd2f7e55ffa524f30c4c59,3,260.47,1,0.3333,High Risk
d9e7e7778b32987280a6f2cb9a39c57d,11,260.36,3,0.2727,High Risk
c4fb51fb1c5b7c07bc5e67be6e7e8f6e,15,259.95,3,0.2,High Risk
6806dad1da97bfb5a9038eac6881f706,10,258.98,2,0.2,High Risk
91f848e9f4be368f4318775aac733370,63,258.6,3,0.0476,Low Risk
74636e24f01da9268b0ed88dacd8513e,4,256.9,1,0.25,High Risk
730937bf88cb151eb2eb849f642fc213,22,256.46,2,0.0909,Low Risk
8759e7aedd644f487315e5860962f162,3,255.93,1,0.3333,High Risk
df0f42bc4c2142eacf0eaf2cffd0cfbb,14,255.58,2,0.1429,Medium Risk
d1a5cc844736958c11b8efab9a2b4c87,1,254.01,1,1.0,High Risk
bc2ac6b95e1accce9858528ee566c17e,18,253.27,2,0.1111,Medium Risk
f650a9708fa1bab22bdd8d3a818cc415,5,253.02,2,0.4,High Risk
e59e489e2ea74bd409b798b5daf49de3,3,252.99,2,0.6667,High Risk
9cad4b68bb993ee401a3c5aaa2bc26dd,5,252.88,2,0.4,High Risk
8d92f3ea807b89465643c219455e7369,3,252.77,3,1.0,High Risk
c013e57c075a06e5b5c48ee03c525719,42,252.51,4,0.0952,Low Risk
8ed8ea9a57c862f2c18c2fe41f601d56,19,252.35,1,0.0526,Low Risk
4ce6e5f6c52515177e18c1c9361d8677,1,252.27,1,1.0,High Risk
07017df32dc5f2f1d2801e579548d620,8,252.18,2,0.25,High Risk
a21c11ec5c3f03e7cc9f9203bff9e1c6,3,251.74,1,0.3333,High Risk
e5e33c0d8e7e002f398f5dc4cbbb338f,28,251.43,2,0.0714,Low Risk
226b05fe067266c59c15dae208213d06,10,251.1,1,0.1,Medium Risk
78c99c6dff4eeae5be99bf635ed21e3f,31,250.76,3,0.0968,Low Risk
3092c0b297aacfb4bb6e056ebe13b9b8,19,249.6,2,0.1053,Medium Risk
1961c3e1272bfeceb05d0b78b5bbfdaf,3,249.42,1,0.3333,High Risk
058cb5aeb36d7c0fcae20fc85d5e0a59,12,245.94,2,0.1667,Medium Risk
39c763cca83e654764b7a4a650fb9b7c,11,245.08,3,0.2727,High Risk
dace965ca58120f92f8d742a9fa1864b,8,243.04,1,0.125,Medium Risk
1b938a7ec6ac5061a66a3766e0e75f90,30,242.4,2,0.0667,Low Risk
52a52b9f656520e99716f5bc40f661c8,7,242.31,2,0.2857,High Risk
fc59392d66ef99377e50356ee4f3b4e1,5,242.19,2,0.4,High Risk
1bc2e21de46adfea6b98cc96b00f3b40,3,241.61,1,0.3333,High Risk
3a79f35a2344ede41af21267f61d5ec6,1,241.07,1,1.0,High Risk
d06d019f72a04e5497a0b64190af170c,17,240.67,1,0.0588,Low Risk
89de2d6f23e9746ff309705b23581faa,8,240.25,4,0.5,High Risk
586a871d4f1221763fddb6ceefdeb95e,1,239.48,1,1.0,High Risk
4de6e4ba574aa9dfdc824bc44dc47fdd,14,239.04,3,0.2143,High Risk
138dbe45fc62f1e244378131a6801526,49,238.59,8,0.1633,Medium Risk
002100f778ceb8431b7a1020ff7ab48f,51,236.43,7,0.1373,Medium Risk
6e2d3e2dc84fb30f6078f39dd3bddd6f,1,235.28,1,1.0,High Risk
87d3c3aeb3ead335511b3ce315eb341e,15,234.98,3,0.2,High Risk
9da15f4a4ea758d9eeb49000dbe57e22,1,234.61,1,1.0,High Risk
503c1de08ae81a2d86f17951b204db55,22,234.22,1,0.0455,Low Risk
4da0e408c99d2fdc2126dc9fce518060,44,233.92,3,0.0682,Low Risk
a4b8d97cd5d3674eeff96abc99d8ed67,1,233.38,1,1.0,High Risk
2e13c71026e1a39ba5cc1b86dcb679aa,24,232.88,3,0.125,Medium Risk
9198786624eaeb375793215cad26cfa6,9,231.02,2,0.2222,High Risk
3d4824f20035949c710eaf111f869d39,9,230.92,2,0.2222,High Risk
1dcfa3835714681d4ba4a93bc1e0fd41,13,230.82,1,0.0769,Low Risk
fc6295add6f51a0936407ead70c1001d,1,230.52,1,1.0,High Risk
9449f25aeaf531019b76999ea49a6949,10,230.25,1,0.1,Medium Risk
3d5d0dc7073a299e31fa718ce1bc00b6,23,230.17,4,0.1739,Medium Risk
d8dd176509baa37f359644d082bf7f7b,2,229.9,2,1.0,High Risk
d1c7fa84e48cfa21a0e595167c1c500e,12,229.65,2,0.1667,Medium Risk
cfe94489ddd337d1e29e12f2a7205d10,20,229.14,1,0.05,Low Risk
92c8bc6e8f925792247656fed09aad65,3,229.07,2,0.6667,High Risk
ac6417315ae5da8f9a38ee11de6f7780,8,228.83,2,0.25,High Risk
700f03c207639c22d933381ff60b35c2,4,228.71,1,0.25,High Risk
4ef4c39cf3c24f326434cf0b2e48046a,8,228.32,2,0.25,High Risk
cce6ab8d1682639fe45ab70234f1665f,63,228.31,4,0.0635,Low Risk
e9511df20ccd82658a30c37b7fb343af,22,226.74,2,0.0909,Low Risk
de0c78824586e9a5f5f04fd84e25df39,14,226.48,1,0.0714,Low Risk
cc3d14116804f7209f3884f6367f1152,27,226.27,1,0.037,Low Risk
2d42ebcda99fd55f6f4bc2f1ca035d50,10,223.1,1,0.1,Medium Risk
3c3017960b2dbd72711a61f0400aab8f,10,222.64,2,0.2,High Risk
52f6f9f13ba19504c02781132a049e75,1,222.13,1,1.0,High Risk
a53f60f05f822b5c621a50ff6a5cb362,4,221.7,1,0.25,High Risk
2cb6eb1b7185064167657fa09f541105,6,220.02,1,0.1667,Medium Risk
28f10b1c5e5abb9d4857745bede6147c,28,219.47,5,0.1786,Medium Risk
efcd8d2104f1a05d028af7bad20d974b,47,219.44,4,0.0851,Low Risk
e7f3bf1ecd8526eb7f3b18059e6716e5,18,219.1,2,0.1111,Medium Risk
d93844a9c55ba7ce353388bcf849ea56,12,218.95,1,0.0833,Low Risk
c360e4787614ed31ac7a2f95d3b22dc6,1,218.95,1,1.0,High Risk
5f06030071324cc52bf0304014ac7234,4,218.73,1,0.25,High Risk
2c3d56f92f360fb89d849b84e8f50eae,8,218.61,4,0.5,High Risk
4dc646b9b9e8e411ef48ba000ea3ac6f,4,218.49,2,0.5,High Risk
d79e8478eed9999493990b44955fb22e,5,218.49,1,0.2,High Risk
b87a7ea0c30fad2dd6781b74a0064859,9,217.98,3,0.3333,High Risk
8d79c8a04e42d722a75097ce5cbcf2ef,27,217.75,2,0.0741,Low Risk
7f7b8245c336066a1f9933c359f11d77,38,217.6,3,0.0789,Low Risk
3fac58ce0ad699020c7944d53c41329c,10,216.63,1,0.1,Medium Risk
e48b04bf1aa1ef711caebeb7aede6180,25,214.63,2,0.08,Low Risk
1588ac4010787100dddef64568f0ae35,3,214.41,1,0.3333,High Risk
9aa388272ee334b6ae07bc73706e254a,6,214.36,1,0.1667,Medium Risk
8603f0038fe0e52fedd3382d266723de,10,213.64,1,0.1,Medium Risk
daeb5653dd96c1b11860f72209795012,40,212.89,5,0.125,Medium Risk
19484c79cef6c062cb177aa4ef2fcc3c,1,212.06,1,1.0,High Risk
36890be00bbfc1cdb9a4a38a6af05a69,13,211.88,2,0.1538,Medium Risk
57e632711dec9ec14ca7546769483e7e,62,210.26,3,0.0484,Low Risk
51702dc2a3e106c76dbff722b5bf0726,13,210.08,1,0.0769,Low Risk
1dd33b8119b3cb1056ed5dc88cd0aaf4,8,209.21,1,0.125,Medium Risk
fe701d88b67eaca109dffd464d1be9f9,11,209.11,1,0.0909,Low Risk
a1544b9ea0b2390e020537d4daa89049,8,208.55,1,0.125,Medium Risk
e601b04acf48b4576e73ddca9481f0dc,15,207.1,3,0.2,High Risk
7b7f91e98f8c6def45a1407923304402,11,206.86,2,0.1818,Medium Risk
d65f31d2413268e671989503f6cf9993,2,206.44,1,0.5,High Risk
5b85809efd0d0e4dea1a9544e1280ed9,12,206.31,1,0.0833,Low Risk
4170f6a9367e6b5d6401d03ce6d54569,4,205.53,1,0.25,High Risk
3492e68f37fd1df87f4f2f2ea247f445,8,205.12,2,0.25,High Risk
1d2732ef8321502ee8488e8bed1ab8cd,4,202.26,1,0.25,High Risk
eb72802c83dc7547529c9546d1a9b8ef,8,202.15,1,0.125,Medium Risk
042573af89b6d931f672efaf789d8358,3,201.74,1,0.3333,High Risk
1cbd32d00d01bb8087a5eb088612fd9c,11,201.65,1,0.0909,Low Risk
9535a841eecebed61a9fb1ac1cbb5597,2,201.47,1,0.5,High Risk
02f5837340d7eb4f653d676c7256523a,30,201.45,1,0.0333,Low Risk
8bdd8e3fd58bafa48af76b2c5fd71974,11,201.33,1,0.0909,Low Risk
a4e634166243bbb3a13fa584463fa468,2,201.18,2,1.0,High Risk
6b89abe95848c850399130d149a39b63,8,201.18,1,0.125,Medium Risk
7df1fc11cc5cbc518b39faa60cf5d67c,5,201.13,1,0.2,High Risk
51a04a8a6bdcb23deccc82b0b80742cf,1,199.92,1,1.0,High Risk
6d7f8d9d594e28796b6b3205b00f459c,3,199.74,1,0.3333,High Risk
e63e8bfa530fb16910dd6956e592bb81,42,199.72,4,0.0952,Low Risk
4a1f694197d05fe70026b016a7316b41,14,198.93,1,0.0714,Low Risk
160e4f13fd3a64b1b86807be88b5ffb0,4,198.49,1,0.25,High Risk
bccf933e006e9b94a6184af782963e77,45,198.19,3,0.0667,Low Risk
0d4c8269e7f0401201794deef160edd6,3,197.96,1,0.3333,High Risk
a7dc4098e4da6e41b426269d12ae7e91,2,197.55,1,0.5,High Risk
014d9a685fd57276679edd00e07089e5,11,197.2,2,0.1818,Medium Risk
e627629ba868740e287800f1a9be81c2,13,196.89,2,0.1538,Medium Risk
cda598c48d7c614bc1cad7d8ff6f0010,17,196.68,1,0.0588,Low Risk
a0415d9b25ede3c4b1e477e9916ffc03,10,196.12,1,0.1,Medium Risk
94165aea8a35c3c21499cbcae239b16c,1,196.11,1,1.0,High Risk
9c690ceacd5c66731bf443ea810195cb,10,196.11,1,0.1,Medium Risk
9c57bc60cfad5ee62d35d3f1ce4593a1,1,195.43,1,1.0,High Risk
f7720c4fa8e3aba4546301ab80ea1f1b,60,194.45,4,0.0667,Low Risk
ca4b77513ac2040591b0d8fae6958380,14,194.09,1,0.0714,Low Risk
be8e909810184b9b19e886129149d8e5,15,194.08,3,0.2,High Risk
56db5c0782e8f7ddc9343f9576ff6d16,2,192.9,1,0.5,High Risk
4eb61f060e7dcc1d5a80d806c35cc541,8,192.49,1,0.125,Medium Risk
ec2e006556300a79a5a91e4876ab3a56,4,191.24,4,1.0,High Risk
f61c63d13f7cd800549d5acdd390ae72,26,190.22,3,0.1154,Medium Risk
d6cd01c59123df02fc226eadbadb5f89,2,189.96,1,0.5,High Risk
14f2b3587172b9db894c9bad8dab520b,2,189.38,1,0.5,High Risk
f7df46c1e0ec44eed5c6726478da4a17,3,189.33,1,0.3333,High Risk
542917da124346b47ea1ac79a93ce454,20,189.14,3,0.15,Medium Risk
080199a181c46c657dc5aa235411be3b,79,189.1,1,0.0127,Low Risk
3504c0cb71d7fa48d967e0e4c94d59d9,53,188.89,2,0.0377,Low Risk
d0d70d21e2234dd7cd3cf63fe414148a,8,188.74,1,0.125,Medium Risk
a67780aba9dd436e7ac0aa1f889e73ec,6,188.73,1,0.1667,Medium Risk
4bc3d93e4a5f88a598d3d8ce4ae510b3,1,188.28,1,1.0,High Risk
abcd2cb37d46c2c8fb1bf071c859fc5b,45,187.87,1,0.0222,Low Risk
1d4587203296c8f4ad134dc286fa6db0,42,187.76,4,0.0952,Low Risk
d5c530f4884a75ae0dba9c148718d278,6,187.72,1,0.1667,Medium Risk
249f0e9905a6e06ad6c6bea7547ab9f6,3,187.63,1,0.3333,High Risk
65b081a070633e057c462abdd6fb9dd8,19,187.52,2,0.1053,Medium Risk
2ec6e37d992a95eaddb3369dcbcc76d9,2,187.25,2,1.0,High Risk
a425f92c199eb576938df686728acd20,17,187.14,3,0.1765,Medium Risk
9d5604a1f112324ad6b2aa552122e0fb,13,187.02,4,0.3077,High Risk
bc07d855eac23aab5ac8a120f21d16b2,12,186.88,1,0.0833,Low Risk
762ed976527cddf02787edba70fffa2a,3,186.85,2,0.6667,High Risk
01fd077212124329bac32490e8ef80d9,31,186.18,5,0.1613,Medium Risk
33a17d60c64393351ebf1ef860f4e0f2,43,186.04,1,0.0233,Low Risk
4c61e37f664c3c88aff092aa5ac779d7,7,185.05,1,0.1429,Medium Risk
b586cd24c010a13916af621b0325fbba,6,184.52,1,0.1667,Medium Risk
47efca563408aae19bb7206c2d969ea9,12,182.84,1,0.0833,Low Risk
08ad4ac1388e4420ca531c3edfc46198,6,182.64,3,0.5,High Risk
6e85dc5ecd97a61094b89b046a509d8e,1,182.59,1,1.0,High Risk
9b00ed88b7fdb95d6ff76e27c1b52d16,47,182.47,4,0.0851,Low Risk
0f0c984a4a955310903b6b6008660bad,4,181.03,1,0.25,High Risk
93b9a99027bd8bd6af682aff18dd19bf,20,180.91,1,0.05,Low Risk
2ba91c7ad80ff88b23b7db823b43c233,6,180.82,1,0.1667,Medium Risk
cd3d09fbe6e3e9ff0c0ac0c300e93ae7,12,180.2,2,0.1667,Medium Risk
d9442042130b7fe579d1295f9f4a248f,19,179.46,2,0.1053,Medium Risk
913fd0ebba70bb919f7254a02239173c,1,179.12,1,1.0,High Risk
a8739afb32aaa45e01815ca76f76f54b,13,178.65,3,0.2308,High Risk
643214e62b870443ccbe55ab29a4dccf,66,178.48,3,0.0455,Low Risk
5ca5d579b5857ee8709479b1047cecc3,2,178.04,1,0.5,High Risk
718539d38d07dd351c76db862760e2e2,37,177.06,3,0.0811,Low Risk
96f7c797de9ca20efbe14545bed63eec,1,176.97,1,1.0,High Risk
76d336555bb25f3165d2f0d6da719c40,2,176.87,1,0.5,High Risk
6e1862e15f33d9994bc25922a85e1efc,8,175.29,1,0.125,Medium Risk
c4fabeea6e569d42d02993bb1f4f1cbc,11,175.19,2,0.1818,Medium Risk
553a440137d6e0cf776aee0bb83ac9f5,2,175.14,2,1.0,High Risk
aded58c8142dedc5494a81f948431fab,4,174.93,1,0.25,High Risk
80f2cf9abf6b5a0e5c612b5eea6646e6,7,174.86,1,0.1429,Medium Risk
63ffcb71394dd8ea3872ed9ffda17c74,17,174.32,5,0.2941,High Risk
213fafb0ca06fb3d5886579c2565791b,3,174.14,2,0.6667,High Risk
6861de0f40cacb0602e473c51639f980,5,173.32,1,0.2,High Risk
bcc9dd23e2a8bd8267cf92b19304a1b9,3,173.07,2,0.6667,High Risk
f783a638e9c6af4a7d0dbfde811e7a81,5,172.98,1,0.2,High Risk
d3674f271c91f824f82d24d92011f669,20,172.43,3,0.15,Medium Risk
b98b715fe9e276204e2a3464f48cd796,6,172.31,3,0.5,High Risk
e38db885400cd35c71dfd162f2c1dbcf,30,171.22,2,0.0667,Low Risk
bb5bd94c8f59cc050072d2930c869cac,16,170.16,1,0.0625,Low Risk
0ebd97a106433a45a4aebe57c1799778,31,170.0,2,0.0645,Low Risk
a36b125ac6d5fdbc7f50de85c9157bdc,24,169.87,3,0.125,Medium Risk
2b03ac196f5ed62ac483960fe0fa3b65,7,169.73,1,0.1429,Medium Risk
7210cd29727d674c00741e5e387b3ccd,9,169.16,1,0.1111,Medium Risk
189ca3538ce9f920cacf0f982cbe223b,4,169.06,1,0.25,High Risk
f88adb15807168d3c43d71021090ce4a,3,169.05,1,0.3333,High Risk
9523fb39dd240aa958e040f8183d64f3,1,168.29,1,1.0,High Risk
0afccdb8a34ee5c79f7c06faf2b4d56e,25,168.13,3,0.12,Medium Risk
d6ab728cf30867cf3f1a2e216ae2f9b7,12,168.03,1,0.0833,Low Risk
094ced053e257ae8cae57205592d6712,19,167.95,3,0.1579,Medium Risk
1464afc72f696af775557a821c2e253f,29,167.68,3,0.1034,Medium Risk
1e47d8b6546eb3a77b1acddcc9406242,1,166.71,1,1.0,High Risk
5debea795b07621e1f90532e18f96145,25,166.7,2,0.08,Low Risk
6a8a889bde935bafa76d7848782dfaf9,26,166.48,3,0.1154,Medium Risk
04aba03279157f6d4e0fe8ccaf21963c,16,165.31,1,0.0625,Low Risk
8e2b3afb420011ef0c88c9d5f11ea526,11,165.27,1,0.0909,Low Risk
5795aebfe331fbcd02a2c4b679fb7952,6,165.13,1,0.1667,Medium Risk
77a515caa36327151d1cc6c32a9f00e1,26,164.97,2,0.0769,Low Risk
b0b346d3a89f5eb4c2968af3f083cd43,11,164.6,2,0.1818,Medium Risk
55a5b51f93f2b70ea513f5a047b0262a,39,164.24,2,0.0513,Low Risk
0aea4c6ae1505b3228ddf3dd7822ee5b,8,163.69,1,0.125,Medium Risk
8a40ae794fa3f9892cee24bd5af0488b,6,163.51,2,0.3333,High Risk
c522be04e020c1e7b79f3acff36513d5,7,163.47,1,0.1429,Medium Risk
3968920b9aa752ab98f7d5888c9252f2,8,163.33,2,0.25,High Risk
3586b8580d9c917874e053a1bb37b5ff,36,163.19,2,0.0556,Low Risk
d9d43faf741ceaa8da52fdbb81d9e0e3,6,162.87,1,0.1667,Medium Risk
95b293867b5862941c9cd74f756a3c68,9,162.39,3,0.3333,High Risk
e84ad2127668df3aafc6b73531a0beb8,19,162.29,2,0.1053,Medium Risk
75fbb52eda0cbc24f479d3b2fbfa8d3e,40,161.61,4,0.1,Medium Risk
9e6967d3cf386d284251784b18ccb485,9,161.08,2,0.2222,High Risk
b494891378bd8f4560abe576c52deacd,20,161.01,1,0.05,Low Risk
9a03a4e9eb0b947652fae4f6121a3f5e,7,160.62,1,0.1429,Medium Risk
13074f016982ff2bd6c58ced8682f000,14,159.9,1,0.0714,Low Risk
2009a095de2a2a41626f6c6d7722678d,8,159.03,1,0.125,Medium Risk
406740ee611378a662d274c7d8c43c4a,8,158.66,1,0.125,Medium Risk
6aa3928696eab49a19a466e665a649fd,18,158.61,1,0.0556,Low Risk
ad75519a07f039025e83795a4418470f,3,158.48,1,0.3333,High Risk
a3dd39f583bc80bd8c5901c95878921e,34,156.06,1,0.0294,Low Risk
ec21206b7894c503788a684a7bc822a6,3,155.63,1,0.3333,High Risk
2be17df1c49978426251562096c3cc09,16,155.63,1,0.0625,Low Risk
2646baaf662d4d92ac48f047e35db92d,15,155.31,2,0.1333,Medium Risk
fedf2c1386e137f296b3bbf3b635e69d,2,154.8,1,0.5,High Risk
ed4311e67debd72b8610a5347a743087,25,153.34,1,0.04,Low Risk
6d2f2e3b539480db1e0842b3a4e32e6e,3,152.99,1,0.3333,High Risk
f114dca2828bf718548db175ebe2cfcd,1,152.99,1,1.0,High Risk
6c99c983ce3b6ba0ab813e6790e81691,9,152.23,2,0.2222,High Risk
4e42581f08e8cfc7c090f930bac4552a,3,151.8,1,0.3333,High Risk
3d3ccf2b2f8134b10dce9dd446f0e075,3,150.92,1,0.3333,High Risk
5e105f5c9f63f5f1fd75d6cb942e55b1,8,150.28,1,0.125,Medium Risk
e3a386fc36e22064434e1fa256f6a9fa,16,150.07,2,0.125,Medium Risk
23c38debaffe4a25a30fdbd9b586a13f,41,149.87,1,0.0244,Low Risk
a218df5c097b0ca409cfaac1488cc7f6,4,149.76,1,0.25,High Risk
6e864f5c4669eff3d98140a07cc50202,13,149.57,1,0.0769,Low Risk
3f9be91358837bff69df67edfa3e42e8,7,149.31,1,0.1429,Medium Risk
863d2ebcd347ce4922de7a0f9a5581d6,18,149.01,2,0.1111,Medium Risk
c3e1abd72a42fe690fcd89cf5720fe29,13,148.98,1,0.0769,Low Risk
f664f98bfda2eaf266a23ff144e7a872,2,148.79,1,0.5,High Risk
c87abc38c8ed3240861729e1aeadf221,1,148.68,1,1.0,High Risk
729b2d09b2a0bdab221076327f13d050,49,148.64,2,0.0408,Low Risk
43f8c9950d11ecd03a0304a49e010da6,41,148.12,1,0.0244,Low Risk
3361277dc30b7cccdb0c286b24219756,29,148.09,2,0.069,Low Risk
3afc536624bc2e65bddfb5db33cc01f3,6,148.08,2,0.3333,High Risk
1660ad786c27fd935378b6192a90b417,12,148.05,1,0.0833,Low Risk
dc120d932ddf9d4dfb6fd68beefda622,1,148.05,1,1.0,High Risk
11eac105f3f90a9b87b19c89d91e24f3,5,147.38,1,0.2,High Risk
3935fe5fe0f82787a9dcb8deb62be09d,16,147.32,1,0.0625,Low Risk
820cc752a266cdc6c1a1e61dd4583330,15,147.25,1,0.0667,Low Risk
a066df7361163e7ddc5d7452dd17448b,15,146.89,2,0.1333,Medium Risk
ba5daa4041e1f15cdf34b76e3e18a450,15,146.14,2,0.1333,Medium Risk
92d14edfb62ee5ae7fdff70b0f4e7233,8,144.83,2,0.25,High Risk
41b14765bd56c8ad10971074380f9c0c,8,144.63,1,0.125,Medium Risk
da7039f29f90ce5b4846ffc0fcc93beb,17,144.07,1,0.0588,Low Risk
ba6ce6de456f6c11d08c17701ba5c26f,6,143.86,1,0.1667,Medium Risk
9d39404483343dd55c7ae254494d8388,10,143.23,3,0.3,High Risk
4200ddf1967c5e41e48db62bc6d4b5ac,22,142.56,2,0.0909,Low Risk
73b8eb4a9a729d4019b24ed1be748cbf,8,142.48,1,0.125,Medium Risk
b56828a9f9027f3c918c04ca720d9e3c,3,142.2,1,0.3333,High Risk
d1b9d4be4b6f9ebd85f8acd6745ba612,11,141.95,1,0.0909,Low Risk
5a05a16bb50629ee31afab8a6d4c2674,14,141.66,1,0.0714,Low Risk
6c1b6d0c604b776f844125f911eb7377,5,141.29,1,0.2,High Risk
8602a61d680a10a82cceeeda0d99ea3d,17,140.08,2,0.1176,Medium Risk
a254c682cc01e119f83530446f1df9a9,6,139.99,1,0.1667,Medium Risk
91f5779a8731baca4809fdeade81803f,6,139.97,1,0.1667,Medium Risk
4324dd16853115efb0fd9d0d131ba6f4,12,139.16,2,0.1667,Medium Risk
71593c7413973a1e160057b80d4958f6,2,138.14,1,0.5,High Risk
52f9db5cfb423382a2fa5c9e39303202,22,137.52,2,0.0909,Low Risk
d25aa0aaacb370e912f8cf6efeba38b3,17,137.49,1,0.0588,Low Risk
594f9aaa48e5bf431f011ddc5669b0d5,37,136.71,1,0.027,Low Risk
6338ea67c41078a46ad99cc009654956,37,136.69,2,0.0541,Low Risk
39d61be7a92eb77b7da367bd4845bc0e,7,136.62,1,0.1429,Medium Risk
781a66c0d89e30814d49fe8b5e14cd07,1,136.3,1,1.0,High Risk
35857757f553273b1056c1cabdace7fb,6,136.3,1,0.1667,Medium Risk
ad273c9eb54ecb4532de4bf75bae9e4e,10,135.77,1,0.1,Medium Risk
7ecd59e5e20407131822c1a68ac59c1f,24,135.18,2,0.0833,Low Risk
9c3a1c416c765687bc79a04113269929,1,133.8,1,1.0,High Risk
1987cd4be10fe09ee50454f9c354d1c6,14,132.97,1,0.0714,Low Risk
851773c885feb5e2da3b4f82bc2b17ce,10,132.81,1,0.1,Medium Risk
538caafddff204241cecbf3a02e6b3cf,9,132.79,5,0.5556,High Risk
5a93f3ab0ef4c84ed5e1b5dbf23978bc,39,132.48,1,0.0256,Low Risk
725c32fa80c2faacc4fc88450d27314e,89,132.42,2,0.0225,Low Risk
ec5c1d94df153d473b37f880977ae58e,2,132.28,1,0.5,High Risk
9bf11dfc0bec77e5a23028043c3c5a8f,1,132.06,1,1.0,High Risk
94c49f20a123aeb9360dbf80ff912bf6,3,131.95,1,0.3333,High Risk
cb32766839f443db85c82a43c4a6c19e,2,131.51,1,0.5,High Risk
128f9bfbe4c7d5185033914b1de3d39a,14,131.12,1,0.0714,Low Risk
412a4720f3e9431b4afa1476a1acddbe,21,129.89,2,0.0952,Low Risk
7d7d2b7a51328016102d4528c411d630,7,128.54,1,0.1429,Medium Risk
76de363de16dacc923eec8daf91df504,2,128.02,1,0.5,High Risk
324583d68897f5ddbaf38f6248322176,2,127.64,2,1.0,High Risk
ffc470761de7d0232558ba5e786e57b7,28,127.21,1,0.0357,Low Risk
bcf5566870987da7bc811fbc8c5b9fd9,1,127.12,1,1.0,High Risk
2bf28e311bba65237358230cabac3f15,7,127.06,2,0.2857,High Risk
dbd66278cbfe1aa1000f90a217ca4695,85,127.05,2,0.0235,Low Risk
d13e50eaa47b4cbe9eb81465865d8cfc,67,126.82,2,0.0299,Low Risk
08d0949a9a17c027262db1f3c450c26c,12,125.9,3,0.25,High Risk
26af45f5dfd967225a832838aa4e24a3,10,125.81,2,0.2,High Risk
6d04126aba80df143fd038e711b8fd96,1,125.74,1,1.0,High Risk
f43827dd686be3a4a80e00aa299990fb,1,125.74,1,1.0,High Risk
d1582f4043306e6b91afa6a8a884f898,9,125.52,1,0.1111,Medium Risk
5dc203c7b84a0e71e878a179de05fb9a,5,125.26,1,0.2,High Risk
dfc475d54e1b6dbeeb7d7d9bdaa63827,19,125.19,2,0.1053,Medium Risk
443d880f15cbd3572885e1d44bf2c478,1,125.0,1,1.0,High Risk
ba6b4a237f92479743cf0ca06b67a9ac,8,124.52,1,0.125,Medium Risk
7a2d2949aea47fab95fd98d6c9f618b1,11,124.52,1,0.0909,Low Risk
9cea4682e16655f7da87f406902e989e,4,123.42,1,0.25,High Risk
83e197e95a1bbabc8c75e883ed016c47,47,123.25,1,0.0213,Low Risk
cb9fb4ca75d7ba8437480e8dde64fe98,10,123.21,2,0.2,High Risk
c89cf7c468a48af70aada384e722f9e2,14,122.82,2,0.1429,Medium Risk
2e0dba2da448400b1c11d7b4b22f32a4,7,121.99,3,0.4286,High Risk
92992bec39dde5766f590d3b1f46d465,1,121.67,1,1.0,High Risk
c990d6cf976a5718aaedc539f383ab88,10,121.41,2,0.2,High Risk
747c1cdcd1737dcfbd1547f6eb6f2cf3,2,120.97,1,0.5,High Risk
ab9db4cf53b08b828b64dccaafc2d9f0,5,119.83,1,0.2,High Risk
3d01d1c414c44b5943a09619ff3853cb,5,119.67,1,0.2,High Risk
516e7738bd8f735ac19a010ee5450d8d,76,119.67,2,0.0263,Low Risk
3d2531eccfbde1d7c8db7a3a12fb267a,10,119.66,1,0.1,Medium Risk
353e21e8bf8de2722b4fae1636664b76,4,117.86,2,0.5,High Risk
3442f8959a84dea7ee197c632cb2df15,3,117.62,1,0.3333,High Risk
5659d77e8d90378e39b960ad5956f64e,2,117.57,1,0.5,High Risk
f356c348fbc8df6a882823e21f5ce8b7,2,117.51,1,0.5,High Risk
0d33a55da925bbf1ff02af5f6059fc7f,22,117.36,2,0.0909,Low Risk
e3dd723429d1b23614b7fa85e2c7a853,7,116.44,1,0.1429,Medium Risk
f1ed6bd0a9b11b581f16c851c6a5a527,17,115.92,1,0.0588,Low Risk
3fadb4cba4c35bce6a7eaf9872d5623a,3,115.9,1,0.3333,High Risk
6426d21aca402a131fc0a5d0960a3c90,23,115.9,2,0.087,Low Risk
bb3dca718920a4d7ec3cc9ffb025108b,2,115.7,1,0.5,High Risk
85044848b1b767db2a4a58526adef4b4,4,115.48,1,0.25,High Risk
31561f325664a8a7aba4c8d0c3a9b3db,36,115.02,1,0.0278,Low Risk
6e0908ef4d4efadbc3cc2b74ea477cb0,8,114.71,2,0.25,High Risk
72c38a04bd6a1c3dbc5298425a0db86d,4,114.57,1,0.25,High Risk
2cb4700db635baa1c0d4f90ed27b6669,2,114.36,1,0.5,High Risk
d73cbd89533ce8b041a9190241453ac8,4,114.33,1,0.25,High Risk
cb6c9f5888a7a090c75beaf615925792,11,114.08,2,0.1818,Medium Risk
d9cb0052a666de5308b32f32ad5f1b1c,3,114.06,1,0.3333,High Risk
f5b44895715ddfe3087dc414f30268f3,19,114.02,3,0.1579,Medium Risk
4e0d109ccfba9a1151c103049880c857,2,113.8,1,0.5,High Risk
62760d278921b5f352461620d68a9cee,3,113.46,1,0.3333,High Risk
0ed6ce5d87fd9c69eaacaeb778d67235,43,113.37,2,0.0465,Low Risk
9bade61a92bed55a25d2b67b9f4ed739,2,112.86,1,0.5,High Risk
bd15ee794d5e640d9dd71b665b2ab15b,12,112.71,2,0.1667,Medium Risk
4736e9d642ef4257cd7622516931eb51,16,112.62,2,0.125,Medium Risk
184a67a8f9f63234d3a92340bbdb727f,8,112.44,1,0.125,Medium Risk
1caf283236cd69af44cbc09a0a1e7d32,33,112.36,2,0.0606,Low Risk
fc99f99385ae90f66f01733856fb88c9,1,111.02,1,1.0,High Risk
5a425cc503b39b262a847fd6212bf53b,15,110.63,1,0.0667,Low Risk
db46ca7bce82b11f7e247539271fc390,16,109.79,1,0.0625,Low Risk
154bdf805377afea75a3bd158e9eab10,1,109.72,1,1.0,High Risk
615005a3ef192c00c6f0e977cee3d2bc,10,108.83,3,0.3,High Risk
d4a5e99e0dd915df64ba55a7fbd583fd,2,107.75,1,0.5,High Risk
c42fd8e4d47dfb18ce5222f2dd7752f9,7,107.36,1,0.1429,Medium Risk
af7cdac9d9897cddead9c6b08976c642,6,107.28,1,0.1667,Medium Risk
70bf57d811208f8923b41bbd499a67a4,7,107.09,1,0.1429,Medium Risk
c24173065483e421f9e5e7f599de101d,9,106.87,2,0.2222,High Risk
bc503e244f187939d10c92a5c8e378ce,7,106.72,2,0.2857,High Risk
07de60b03d150fb3ea09eab5da5e4c8b,9,106.24,1,0.1111,Medium Risk
1fddcb7b326905d3ad5efe82187db347,1,105.22,1,1.0,High Risk
6bb66d9870c2e01c05655c7ed0e7ee13,3,104.72,1,0.3333,High Risk
ea1776927851da2532aa70d6a32c095a,3,103.48,2,0.6667,High Risk
55c26bcb609f480eb7868594245febb5,6,103.37,1,0.1667,Medium Risk
da2782c804606d2a5d8e1760dbb3e7ec,1,103.37,1,1.0,High Risk
ead2bab70821ea148476ae9bc08548ac,9,103.28,1,0.1111,Medium Risk
53d00c40e32aeb924a84ce72b1af869d,17,102.6,1,0.0588,Low Risk
aa762680c40618316a896838866140ea,3,102.49,1,0.3333,High Risk
7c1fea10b5b006671d608b1d7c446ec4,14,102.49,2,0.1429,Medium Risk
1430239a858e7682bbc43b20758af153,18,102.28,2,0.1111,Medium Risk
c84592044b180dec206770c38603814b,15,102.26,2,0.1333,Medium Risk
eba88037e1dca898cd02881f67ced679,6,102.17,1,0.1667,Medium Risk
b1aaae6b66ad3c40f54b389d7ea4bee0,15,102.15,1,0.0667,Low Risk
f09e26011d833ddab11593c1a097a92a,1,102.09,1,1.0,High Risk
a154d7316f158bb42e6fa18bbe3afd3a,2,101.99,1,0.5,High Risk
4ba52dfeba874da5b9ee7b17c7494f04,11,101.84,1,0.0909,Low Risk
e819bcfade7b5d88a27325eb6cfd62c5,5,101.12,1,0.2,High Risk
3febca52652e7209509ccfe61cbde40e,2,100.9,2,1.0,High Risk
42d4b7e70819438f5ada61c965e92d7e,1,100.79,1,1.0,High Risk
c714262700f93defc16bf17a51a4cb23,4,100.28,1,0.25,High Risk
8e4f041ff58e7845456d3482524014b3,2,100.26,1,0.5,High Risk
d4e12e7884759a14fa0f5f896c791cae,29,99.68,2,0.069,Low Risk
4ce8b55b4bfa4659184e7becc1fba3f2,2,99.56,1,0.5,High Risk
89f69225956f951295ca4c7fb1266553,11,99.43,1,0.0909,Low Risk
dadc51ef321949ec9a3ab25cd902e23d,1,99.34,1,1.0,High Risk
5b33b527da3c5b969cc99dc435cad09a,16,99.16,2,0.125,Medium Risk
e5bd51692380fd8cabb19b756b95e714,3,99.04,2,0.6667,High Risk
38e6dada03429a47197d5d584d793b41,7,98.8,1,0.1429,Medium Risk
d9a84e1403de8da0c3aa531d6d108ba6,54,98.77,3,0.0556,Low Risk
9d489893ff6af05029671b785f54b998,5,97.73,1,0.2,High Risk
ca5832c6960267b71041f74bb39e8b12,1,97.71,1,1.0,High Risk
77fccaae319668a8ab6cd0fd16aec48c,11,97.65,1,0.0909,Low Risk
6d988d6174a2c27441597174f8905515,19,97.26,3,0.1579,Medium Risk
89bc797e2e29667aa035d4368f9b7f92,17,97.14,3,0.1765,Medium Risk
e256a62e0ac58c0edfba09966142d561,12,97.13,1,0.0833,Low Risk
ba6b68b55fe8704377a7d43c8e5c0185,5,96.8,1,0.2,High Risk
3d700782d7818f2c1e0d7a9e9d75fc00,3,96.78,1,0.3333,High Risk
b274baf5bbd142410eb2958cf685d684,7,96.26,1,0.1429,Medium Risk
0dfbed20065e425d2eaefb101f9816c0,3,95.63,2,0.6667,High Risk
29fe9f200d3fa0c668d2aa1ec7e08dfb,5,95.31,1,0.2,High Risk
d7b2377bae6ace1b11fc69a11900ac36,4,95.21,1,0.25,High Risk
6902157ee16728322d61a1321fa79e58,2,95.21,1,0.5,High Risk
5c853bb56f70f4d14218944bae111d7a,23,95.09,5,0.2174,High Risk
83b08de96980757220871b31bf6cffca,5,94.94,1,0.2,High Risk
43a5d4a57af536fddc96d08be3afdfcb,1,94.68,1,1.0,High Risk
2b3b9ce054da76a7428df143a567b156,5,94.34,1,0.2,High Risk
09883d9ab71c8fe8a9bfc7fc3075b07e,5,94.11,1,0.2,High Risk
98e164d549402270247f3c96a1a158ef,2,94.01,1,0.5,High Risk
325f3178fb58e2a9778334621eecdbf9,36,93.85,3,0.0833,Low Risk
7c4618c82226628831613e95e9c22f44,13,93.15,2,0.1538,Medium Risk
6f83d9e4da896daae20b9b6b2d3ff8d2,11,93.12,1,0.0909,Low Risk
eb5b6204dde3a6e03b5f1bb8479f055b,19,92.3,2,0.1053,Medium Risk
3dbbce181edfaa4a597ec858c382d2ec,17,92.12,2,0.1176,Medium Risk
f3295428338a40977a03f555246a70f4,7,91.69,2,0.2857,High Risk
7357b52d27cbaa90f81a96cbc1279396,12,91.67,1,0.0833,Low Risk
97512d3fc193b2d1dfcdba0f9d1f0f8a,12,91.57,1,0.0833,Low Risk
57c764b4a836300be881e2ff86e449f9,29,91.3,3,0.1034,Medium Risk
01c97ebb5cdac52891c0ed1c37ba0012,9,91.02,1,0.1111,Medium Risk
83353a83fd769dfafa4f21a72b15e3e5,5,90.88,1,0.2,High Risk
7c5b05cbdb5542049f38d90d7815b97d,22,90.8,2,0.0909,Low Risk
df47da4ae86fa4db890d05aaf24e21d8,5,90.67,1,0.2,High Risk
e8dba4d70f7f2b20e775d09cae01142d,9,90.62,1,0.1111,Medium Risk
cf281cf8b7affbdfe751b29cc85580e1,1,90.23,1,1.0,High Risk
1d503743d2526f03f0c2c89540ee008c,12,90.12,2,0.1667,Medium Risk
385799a1cddbd26dfeb9157356a42282,5,89.82,1,0.2,High Risk
b248792ac0b60ec3f93d80af1b4fae47,7,89.81,1,0.1429,Medium Risk
f8201cab383e484733266d1906e2fdfa,10,89.77,1,0.1,Medium Risk
c7bb64409aa480bb7d0335faaaf3d242,4,89.2,2,0.5,High Risk
87d30a6a0cbf89356e49324971ab1d24,17,88.38,2,0.1176,Medium Risk
72146da5774cabf2632faedcae097a76,4,88.36,1,0.25,High Risk
61b893c57e33626afb104d4112b1be76,1,88.09,1,1.0,High Risk
c35672b10ad50968f567ea3f4b91e877,18,88.06,1,0.0556,Low Risk
ebef8d8c92b4fd3226e5d407bbff21ac,3,87.9,1,0.3333,High Risk
95ec4458365c4d11f452ccf538377619,27,87.16,1,0.037,Low Risk
54aa8463e87776b5612f4bdc4bd5d4de,7,87.13,1,0.1429,Medium Risk
4003520d80d0bad1d5623f7aa3c63cda,1,86.74,1,1.0,High Risk
376a891762bbdecbc02b4b6adec3fdda,57,86.67,1,0.0175,Low Risk
d7485b33791774c36108f8c69602d48d,10,86.51,1,0.1,Medium Risk
3da38366e7bd9baf6369071f782ecdf0,1,86.43,1,1.0,High Risk
6da1992f915d77be95d7fa48b36904af,7,86.2,1,0.1429,Medium Risk
3dfd3dc96f7f8598eca74e9ac8a2fa31,6,85.37,1,0.1667,Medium Risk
f41ce2e25237f9092cd8e6e7516c7a2f,27,85.15,1,0.037,Low Risk
630008e0f062605a415d694489f6f82e,2,84.8,1,0.5,High Risk
f049a72cf58fd31b11f8919cade515e7,3,84.37,1,0.3333,High Risk
1dc2de47ee26a0a5b12dc14fd6dc0dea,25,84.28,1,0.04,Low Risk
f44bdc12aa39f5271f0b95f66cd4c289,5,82.77,2,0.4,High Risk
c4b911d06343b21dd906651f8101cb49,2,82.71,1,0.5,High Risk
116ccb1a1604bc88e4d234a8c23f33de,61,82.05,2,0.0328,Low Risk
b1ac6ea7895bc3dd6f0f6f4abbdd2821,40,81.96,1,0.025,Low Risk
391bbd13b6452244774beff1824006ed,2,81.6,1,0.5,High Risk
35ef5aa32949680f627efec3c23e705c,4,81.48,1,0.25,High Risk
7f35f9daf223da737b78738fbae4d977,5,80.69,1,0.2,High Risk
52092ddbd3a58c450a4459bf051b2287,6,80.68,1,0.1667,Medium Risk
9853a239ab7b7ebbdc3a21248d5b8e1f,5,80.21,1,0.2,High Risk
6562efe88ce0826a4ca4f189f03b4b84,9,79.56,1,0.1111,Medium Risk
ffcfefa19b08742c5d315f2791395ee5,1,79.52,1,1.0,High Risk
04e38a233f726ef161074ab1c9b0399a,23,79.25,2,0.087,Low Risk
4a82168aaef173cbb6e46ae88728f919,4,78.8,1,0.25,High Risk
8fbe2ee446b97e128471be4ce983dc0d,3,78.78,2,0.6667,High Risk
fa18c782a4866d313cadab567097f8f1,1,78.64,1,1.0,High Risk
56e361f411e38dcef17cdc2a3d99628b,5,78.62,1,0.2,High Risk
0eaa7e33d73809f1f925f7d07c506cbd,15,78.34,1,0.0667,Low Risk
0747d5bb69f0586cc869d8af4c50f93e,14,78.14,3,0.2143,High Risk
596849622429351f47b32e6cae1055ff,14,77.88,2,0.1429,Medium Risk
1b7e5006cb25dd23ce8686691013b121,11,77.77,1,0.0909,Low Risk
777a0c55737f34ffeb78010f7542ab41,6,77.7,1,0.1667,Medium Risk
86649b1632b1c0e6c0bcb2c90a8b75d8,1,77.66,1,1.0,High Risk
b29d3380981c51df13fc6fbe87e1763d,6,77.65,1,0.1667,Medium Risk
5b07547f10dd980738a1a27f685af669,13,77.65,1,0.0769,Low Risk
013900e863eace745d3ec7614cab5b1a,23,77.09,1,0.0435,Low Risk
b64d51f0435e884e8de603b1655155ae,17,76.81,2,0.1176,Medium Risk
cecd97bc34ed8330bd4cd15713eda670,1,76.5,1,1.0,High Risk
bf3c6d2a28b2b5501e6c15448982dcc9,35,75.87,1,0.0286,Low Risk
bd1d49a326abfa9b1036772e40445430,12,75.58,1,0.0833,Low Risk
d2df77822373f19934e87694d8640767,2,75.18,1,0.5,High Risk
b416191c9813d821a295cfabafff4161,2,75.07,1,0.5,High Risk
a5a1bfcf728ab0e19182959cf0771ee4,21,75.07,1,0.0476,Low Risk
883dd81e82754ac2c65e9790a7db8c9a,5,74.81,1,0.2,High Risk
9596c870880d900012f2e8e6e30d06d7,22,74.4,1,0.0455,Low Risk
60ad151920c4f6f3ebbe8cfdf6166779,2,73.72,1,0.5,High Risk
e3e15e2c0b9700561efac21c6be48066,3,72.8,2,0.6667,High Risk
61f159ef6da2d441951d2c0efa719362,3,72.52,1,0.3333,High Risk
d594982fd877af63ace38ea1fca27c76,7,72.38,1,0.1429,Medium Risk
1e8c6a4c538f286aee9573239740a4b4,5,72.19,1,0.2,High Risk
66d5ae34537110d3affc56174dad2b2f,1,72.18,1,1.0,High Risk
921323538c9f1c4e816f2720eac02bea,15,71.52,2,0.1333,Medium Risk
508808d438fe2ff972ed13bb8f4a82e2,10,71.43,1,0.1,Medium Risk
6288c69c4ce638e59925e59193f98b16,22,71.26,1,0.0455,Low Risk
c6218512d16fcac0af02fe92691cf274,8,70.64,1,0.125,Medium Risk
c1d1ebb4745cc43cb6f05e9c8a705c9a,3,70.52,3,1.0,High Risk
252e76235acb79183cfca6e34f13337d,3,70.04,1,0.3333,High Risk
e3e290b38963293022cdcd6db8328103,3,69.75,1,0.3333,High Risk
c79151301b9d90985d1fa52879213105,4,69.67,1,0.25,High Risk
3076499bbc033a927bf4a8a41bcf7fd4,7,69.44,1,0.1429,Medium Risk
03a2a6dcbe45d639c4dc2a0d24769c40,9,69.22,1,0.1111,Medium Risk
cac876b37d3abcd6bd76caca30277996,27,69.18,1,0.037,Low Risk
20a8b0dc55da94fe74d112082427c84f,7,68.35,1,0.1429,Medium Risk
2078fe5066350e7d220c0ad3a3bbc6c1,1,68.04,1,1.0,High Risk
1d29dfba02015238dfbe2449a5eaa361,12,68.02,1,0.0833,Low Risk
1fbe10c70e30765ed1de86d9f7e98409,2,67.7,1,0.5,High Risk
9f50216bfd01913736a55a11b55ea842,17,67.44,1,0.0588,Low Risk
5f7300535881cef3b625fd683cf7d145,10,67.25,1,0.1,Medium Risk
5d9dc90a686a8fddacffab6bab5653a3,12,66.89,1,0.0833,Low Risk
63704069d9bd3a75c1cf59babe56004a,1,66.69,1,1.0,High Risk
5a413ade68e8f8d93071a7f52a64cb9e,14,66.41,1,0.0714,Low Risk
27a56ff04b34c2ba34ce6ba4d3b9d616,8,65.95,1,0.125,Medium Risk
2e2f44824ab87a0cb961f68bf4073e7f,1,65.93,1,1.0,High Risk
b9ca8e8baa5d4aa038394a700f63e69f,14,65.71,1,0.0714,Low Risk
0aa124728afc1131dff5655f4c6f487b,2,65.62,1,0.5,High Risk
acb6c2ca5c82411c1fdb88d5fd5eb95e,10,65.53,2,0.2,High Risk
a1ed30492b3b798bc121845bc4aa7366,1,65.5,1,1.0,High Risk
deaadd805612bf94faaa9fa702516e11,1,65.11,1,1.0,High Risk
236585a4ddb5fea9fa40233e2249ed91,11,65.0,1,0.0909,Low Risk
f19516b9ff26bfeb091b30108db4ddbd,5,64.9,1,0.2,High Risk
7e26c750b4cb9f6766f58265ff9ebe95,23,64.52,1,0.0435,Low Risk
d1a1b40ec554c593a1a99366746289dd,1,64.22,1,1.0,High Risk
8629a7efec1aab257e58cda559f03ba7,1,64.11,1,1.0,High Risk
5670f4db5b62c43d542e1b2d56b0cf7c,22,63.28,2,0.0909,Low Risk
bf00385a5f7fc1ef39a13c2e9ee50a5f,29,63.01,2,0.069,Low Risk
b45d7ebfb7378630f1bcd74b6ff86ff7,5,63.01,1,0.2,High Risk
6219ba2359cfb97f2e38fd4c321eb309,6,62.69,1,0.1667,Medium Risk
3985a3c45be355a4c57fde108bfabd1c,7,62.28,1,0.1429,Medium Risk
d4828feed4cda2cd9d6b37899a95a71e,1,62.11,1,1.0,High Risk
b9a03475e6447e631b6799ec8274800f,10,61.91,1,0.1,Medium Risk
be1e9e378700cecaa4ebf71433d7915c,2,61.84,1,0.5,High Risk
7caa63f175b1cecbfaadd8b5ab9998c7,2,61.83,2,1.0,High Risk
749e7cdabbaf72f16677859e27874ba5,1,61.74,1,1.0,High Risk
b8a0adc91af209270c2c725168eb00fd,6,61.53,1,0.1667,Medium Risk
0249d282d911d23cb8b869ab49c99f53,11,61.09,2,0.1818,Medium Risk
1d1bbb8ac1581824986f582583fff01d,4,60.65,1,0.25,High Risk
76ea5315acb3f5f7ade3cd261faf922a,15,60.53,1,0.0667,Low Risk
671585f5a2af58b6e276bc01003c0d2b,27,60.42,1,0.037,Low Risk
085f6f7e049c996695fb2074fe38d45e,6,60.26,1,0.1667,Medium Risk
2f74af7a0ee5636f12c2336f9fffed47,13,60.05,1,0.0769,Low Risk
5a32c398a06c345440bf2a683b017ad3,2,59.73,1,0.5,High Risk
113e3a788b935f48aad63e1c41dac1bd,39,59.59,2,0.0513,Low Risk
3969863bb8af7f72580b3b1ffd3a17b3,12,59.58,1,0.0833,Low Risk
e6a69c4a27dfdd98ffe5aa757ad744bc,24,59.54,3,0.125,Medium Risk
b1204cfda1d4948679db3cfc0d3cb95c,7,59.01,1,0.1429,Medium Risk
2dcf93836ae3ce0d7c93e2f10876467a,9,59.0,1,0.1111,Medium Risk
7d948535954aaf8c5d39db007f74372e,4,58.94,1,0.25,High Risk
782f78b632a43875dd5b53e3e49c9564,2,58.01,1,0.5,High Risk
70849ca4f400aaabb62cb7462a6f1428,12,57.82,1,0.0833,Low Risk
6d22a1fcebb6dd08c9cd90b92a93e8d0,12,57.69,1,0.0833,Low Risk
525e75a6fb1454a2325ab1734bcec221,10,57.68,1,0.1,Medium Risk
9b1050e85becf3ae99c1cf4934c9bc5d,2,57.67,1,0.5,High Risk
6e4a902d1054e4e17aa6eab87fac1c75,7,57.39,1,0.1429,Medium Risk
1f7dfad2cb384ea4d2d7e1ffbd78c407,1,57.29,1,1.0,High Risk
e09887ca8c7bf8a4621ce481820414ef,3,56.97,1,0.3333,High Risk
7ff588a03c2aeae4fbd23f9ae64b760d,14,56.9,1,0.0714,Low Risk
c0f783394e37cd9c9d7f5f81141450fa,6,56.75,1,0.1667,Medium Risk
42ef3192a9ff87a22d1867b74b3ee205,23,56.6,1,0.0435,Low Risk
15b3b1b81484422eb41df68ac87f1f50,2,56.04,1,0.5,High Risk
df683dfda87bf71ac3fc63063fba369d,1,55.95,1,1.0,High Risk
26785a546900236d66f2e4197c211158,15,55.28,1,0.0667,Low Risk
f22a247b79dd22ecd91dc8e3b2a1b07c,8,55.22,1,0.125,Medium Risk
32f1bb9dfa65bc7df5c0d9d95a616be4,5,54.6,1,0.2,High Risk
b0398568231ba5e6734af1881671a317,4,54.58,1,0.25,High Risk
b2a6d334e2833acea353624840e25a0e,25,54.42,2,0.08,Low Risk
25e47381a6c510ddeb36084e33b89f0c,16,54.2,1,0.0625,Low Risk
79565f7d5603b24ddf07ade262547f2f,8,54.1,1,0.125,Medium Risk
6df688df543f90e9b38f4319e75a9d88,40,53.98,1,0.025,Low Risk
8f0fbe2cd4d472157dc1cdef6edecaa9,2,53.98,1,0.5,High Risk
ca7c6bd577e559472af1c699de9e764e,6,53.58,1,0.1667,Medium Risk
de66a66f2dd06bb9ec37aa96987466a3,7,53.51,1,0.1429,Medium Risk
b16d3dadc47d4eb18be3d88bad0775ce,10,53.24,1,0.1,Medium Risk
fc5a0d7a310a7a41abf86a458585ff2b,2,53.19,1,0.5,High Risk
6f1a1263039c76e68f40a8e536b1da6a,4,52.95,1,0.25,High Risk
35fb511489d9ee3ee27a76debce9df06,7,52.92,1,0.1429,Medium Risk
3a52d63a8f9daf5a28f3626d7eb9bd28,1,52.78,1,1.0,High Risk
2a7c6c0b0d5efde2bf75ec1e1cec2d41,3,52.38,1,0.3333,High Risk
43b2c864251aa0ce4030c746984e088a,2,52.07,1,0.5,High Risk
8ab42aa58097fd4668d60cc648225d5f,20,51.9,1,0.05,Low Risk
02c988090b766852e088c69d7fb3b551,13,51.89,1,0.0769,Low Risk
ef30892870c278497523264be1be2241,9,51.75,1,0.1111,Medium Risk
50c361bcf670d16f6df4d52de3dff924,1,51.6,1,1.0,High Risk
651fe66032c9520ee5587f694908040d,7,51.17,1,0.1429,Medium Risk
8fdca8e349553f99bc738833a62c8802,22,51.1,2,0.0909,Low Risk
10076e5788b8ee532724bcd460baf762,23,50.65,1,0.0435,Low Risk
f435898e493ba0356019a0b1cb8b55b1,10,50.25,1,0.1,Medium Risk
768de2a4fc06aacecb9a586ccc30746a,14,50.22,1,0.0714,Low Risk
6187a137b2af59dfdbad8d9f8c373c14,2,50.01,1,0.5,High Risk
0336182e1b3e92f029d5354832045fdf,1,49.94,1,1.0,High Risk
ad87df7699e83b8a91822a4a0b765c3a,6,49.34,1,0.1667,Medium Risk
02a2272692e13558373c66db98f05e2e,2,49.34,1,0.5,High Risk
a5ff20ff766e7f50bd5066f33da14413,2,48.69,1,0.5,High Risk
6879c4d287a8dd06b11f54ea8f78e4da,6,48.59,1,0.1667,Medium Risk
bbd3acfe6de99892e73940d3fdceaf68,2,48.57,1,0.5,High Risk
e4f121bf6ef8b9a1d4d3e65dd0473fab,2,48.23,1,0.5,High Risk
85cc55e048b6bcc90c75afe7f0e72f72,9,48.13,1,0.1111,Medium Risk
2953ce3a88f5e3c3b696d77fc9e4c8eb,14,48.1,1,0.0714,Low Risk
6b9b80d53ba3676eafe60268a810b5a1,10,47.68,1,0.1,Medium Risk
ea00f977a203ff88adf7057cb7806998,19,47.53,1,0.0526,Low Risk
87f3e35268860433e13d577825aada95,3,47.0,1,0.3333,High Risk
bd4ff04377f974574f7f0bf9d6ce7dde,4,46.73,1,0.25,High Risk
b8578d2d823bd8e251f6fdd02b40902d,9,46.72,1,0.1111,Medium Risk
4be6b962d83299498bae2190f95d6566,11,46.71,1,0.0909,Low Risk
461ff5303b6c9c1a4a07f40c5aece516,3,46.39,1,0.3333,High Risk
916748bc99315c2d202898ae58b1617e,25,46.17,2,0.08,Low Risk
7c9130f5f3729edd32aa059141d92484,3,46.03,1,0.3333,High Risk
8fff28c4263ddec387f28d237fb42773,4,46.01,1,0.25,High Risk
717b78b0950b51ed00b1471d858b0edc,5,46.01,1,0.2,High Risk
5206cc4bc2297c833e6061c49bf9c43f,1,45.96,1,1.0,High Risk
8a2d12a90e92f012ce5226fc6592b653,18,45.01,1,0.0556,Low Risk
bdb3edbaee43a761e2d4f258dc08f348,5,45.0,1,0.2,High Risk
0bfd0b434243adc5c2e1aa6baf19c6aa,6,44.62,1,0.1667,Medium Risk
578fa3a9cb6b6dceab39231ad59cdaca,3,44.1,1,0.3333,High Risk
50770d25768b0486d89be26afca3108f,6,44.1,1,0.1667,Medium Risk
579891617139df7d8671d373f0669622,8,44.0,1,0.125,Medium Risk
1cbd50a8c52e6cf8e315c5709fab386f,9,43.94,1,0.1111,Medium Risk
ff4e2d38692ce827b1a4f4b8196e680d,11,43.88,1,0.0909,Low Risk
3a3e46d10f74d8a6ca76e2b538f106a0,3,43.41,1,0.3333,High Risk
b5e3e38609125694d2ea2417522a60b7,16,43.14,1,0.0625,Low Risk
f626e15b7314c267e4429010866f70e9,5,42.98,1,0.2,High Risk
1f867308a0ce13133a4e639ff4de0c02,7,42.75,1,0.1429,Medium Risk
f419677537694f0462a91990df6ca44f,6,42.64,1,0.1667,Medium Risk
26e13b6ff5b641b329e5524241ee2c93,4,42.46,1,0.25,High Risk
818d28f936e791926d33bcb6ee94ef79,5,42.42,1,0.2,High Risk
88ef59b51bdaa941d10a853429f2b6ce,2,42.17,1,0.5,High Risk
c3fe93ba3085f92855c97e57f38c8c05,7,41.79,1,0.1429,Medium Risk
74c7dec0a384d8a05950e629bd23bde9,5,41.59,1,0.2,High Risk
ccada0ef508e698917a6eab263375905,3,40.92,1,0.3333,High Risk
74a9b9bddf14ece02beb81f52c41a88d,2,40.49,1,0.5,High Risk
bff9deb0ec77d437f3305a79cf25529e,5,40.48,1,0.2,High Risk
e1b12447a7563944843191754aeb5562,9,40.08,1,0.1111,Medium Risk
1992f8fb6b19fcccd97ca819811e7267,1,40.02,1,1.0,High Risk
e603cf3fec55f8697c9059638d6c8eb5,8,39.48,1,0.125,Medium Risk
7c4adcc13272c0e26fa23aac642adb7b,2,39.1,1,0.5,High Risk
89ad3263c0931c47f976d7c5778e60f6,6,39.08,1,0.1667,Medium Risk
07d75e33f2750d97d467fb57e4dfdd8a,2,38.82,1,0.5,High Risk
0509040ea3fe50071181bbc359eb7738,89,37.9,1,0.0112,Low Risk
c32fc744b9160ac853450488e3cfea93,3,37.59,1,0.3333,High Risk
26f6b7ab07be3e9e69ce82a6552efc19,2,37.53,1,0.5,High Risk
bf0d50a6410d487dc97d2baac0a8c0be,1,37.16,1,1.0,High Risk
a5dd1946fb63ada8bcaa0c9cd8f11e22,6,37.01,1,0.1667,Medium Risk
33d677f27a69b84051204ee4ae76eaca,9,36.96,1,0.1111,Medium Risk
5f3ae9136c875522250f8184f253413a,43,36.96,1,0.0233,Low Risk
c97aa4ee7420f937da13b7f9e2228b99,1,36.78,1,1.0,High Risk
e439f7176d763f92de325271111b2fd5,7,36.32,1,0.1429,Medium Risk
3820c6537b3853be1a0687d5a60807ec,1,35.96,1,1.0,High Risk
63b9ae557efed31d1f7687917d248a8d,5,35.95,1,0.2,High Risk
ed49da7cadefc454d6a67de249eab240,2,35.61,1,0.5,High Risk
638cba8be1fb599bbb76fd6948351eb3,17,35.4,1,0.0588,Low Risk
f3c38ab652836d21de61fb8314b69182,15,35.23,1,0.0667,Low Risk
13c2ed7698b3ca92dad49e849219da59,8,35.06,1,0.125,Medium Risk
dbbcfe2c8d026742134ac3e28ccde274,4,35.03,1,0.25,High Risk
52454f90d4c30c016768db02f88c1a74,3,34.58,1,0.3333,High Risk
6061155addc1e54b4cfb51c1c2a32ad8,28,34.41,1,0.0357,Low Risk
c7a0a13cbcf29d5ce51c8f80afdc0b89,8,34.09,1,0.125,Medium Risk
1acde099eb406aa220b1169b188b42da,9,33.01,1,0.1111,Medium Risk
afac9f6b0c4e5f0a7ee87e922cd0f873,1,32.84,1,1.0,High Risk
cad9969167c09b48ae6f1d123f7fa68d,2,32.67,1,0.5,High Risk
ff82e8873fba613f2261a9acc896fd84,4,32.38,1,0.25,High Risk
58b98ccb79873e04eac4357cacc590d9,1,31.91,1,1.0,High Risk
e8a85b5f3df47be0984c55fd4064dbb4,8,31.75,1,0.125,Medium Risk
bc8c8d665ec4664d286be0d521722b19,1,30.82,1,1.0,High Risk
8501d82f68d23148b6d78bb7c4a42037,1,30.66,1,1.0,High Risk
179d859f51292aac5c10806a356f7af9,18,30.28,1,0.0556,Low Risk
4e85b538b0dad58852641540686d0e14,4,29.49,1,0.25,High Risk
1b45169b635ef59425637e9a33eb5fb3,7,28.98,1,0.1429,Medium Risk
808d4348b916efa08e766ebad39f61eb,21,28.94,1,0.0476,Low Risk
e83c76265fc54bf41eac728805e4da77,8,28.86,1,0.125,Medium Risk
539ed9e19811677513447759be5eccfc,2,27.93,1,0.5,High Risk
344223b2a90784f64136a8a5da012e7f,1,27.69,1,1.0,High Risk
ab75b89cc49c9ab3160d0c91565a442a,2,27.56,1,0.5,High Risk
20d53aad4fe5ee93a64f8839609d3586,2,26.98,1,0.5,High Risk
e88165a185134e13fdfc85d4fa654db8,2,26.29,1,0.5,High Risk
c1552b1dab6e6f760950368ae61fb600,2,26.29,1,0.5,High Risk
2379bdc3888025689a9deb7b141507d5,9,26.13,1,0.1111,Medium Risk
67e43d802fde8cfd3f9580124f8167d1,2,26.12,1,0.5,High Risk
abc015ebac1d283a323ca9db35ede4b9,12,26.0,1,0.0833,Low Risk
6614814a00d344b846ae209f95ee7e3f,1,25.69,1,1.0,High Risk
d4e4b5192cba4e0e66eb12a9d347239d,12,25.55,1,0.0833,Low Risk
bca9230d3bbb4efa51872bf605a2f1ad,5,25.16,1,0.2,High Risk
d8d9567d0bfb0bc7eb845a205ba42657,4,24.86,1,0.25,High Risk
c161d1327ebc3a156c09582ab2f59f6c,3,24.78,1,0.3333,High Risk
ad8b531ae67582f096925cff5630d0d1,3,24.42,1,0.3333,High Risk
acadd4d36859671cb635527c6c977533,12,24.11,1,0.0833,Low Risk
741f8c587cb4248ebc5b779a0e8e0e51,5,22.38,1,0.2,High Risk
f52c2422904463fdd7741f99045fecb6,12,22.29,1,0.0833,Low Risk
9f56a7a649097b166d8ed286ad86a15c,2,20.93,1,0.5,High Risk
9996ae921c50e8dff411ac69c0b4bb8b,2,20.65,1,0.5,High Risk
6bb62a4912377c7bfe7cb17b406bc7e6,4,20.38,1,0.25,High Risk
cc1f04647be106ba74e62b21f358af25,1,20.19,1,1.0,High Risk
c1dde11f12d05c478f5de2d7319ad3b2,1,19.89,1,1.0,High Risk
f35becee938e982bd615edf8ef12bcfb,6,18.84,1,0.1667,Medium Risk
c6381b1321d7d97717a5bb4ed5b77882,2,18.29,1,0.5,High Risk
94b9108d4b637ba65bb4f1e53cfcf8d8,7,17.64,1,0.1429,Medium Risk
2ea0861cc19e94cad86438c984c52da4,6,16.18,1,0.1667,Medium Risk
0e44d110fa6a54e121cb2c095a77762f,6,16.05,1,0.1667,Medium Risk
1fa2d3def6adfa70e58c276bb64fe5bb,1,9.18,1,1.0,High Risk
7d7866a99a8656a42c7ff6352a433410,5,0.0,0,0.0,Low Risk
7d484ca289afaac6bf5fc6a1e96d2226,2,0.0,0,0.0,Low Risk
8c91bfea4263b8fba54081460693e2a1,2,0.0,0,0.0,Low Risk
8c351ed7c326c62123318f4f3246e906,2,0.0,0,0.0,Low Risk
8c0de775f52fe41590b376a3b7c50f68,9,0.0,0,0.0,Low Risk
8b87cd0d43d49b9bdf40f56229364d59,5,0.0,0,0.0,Low Risk
8b655f0855926bcb49f5835d38dfddf6,5,0.0,0,0.0,Low Risk
8b2d4ab22f42c5cfc338b846decfda60,6,0.0,0,0.0,Low Risk
8b181ee5518df84f18f4e1a43fe07923,1,0.0,0,0.0,Low Risk
8b11118053756a9a2932f447e11fc1b5,1,0.0,0,0.0,Low Risk
7d294cf9a6a69dc6a0c3e540fff0e039,5,0.0,0,0.0,Low Risk
7cf4ea70955b00d6b3c22542598e2715,1,0.0,0,0.0,Low Risk
7cb946b1ad19faebe28c3e86c2794ec3,1,0.0,0,0.0,Low Risk
7c51de0ab286204ce75ff42bf7c10d92,4,0.0,0,0.0,Low Risk
7c462184585ae80bd6e5774c62ce50f2,1,0.0,0,0.0,Low Risk
7c4402417d51474d4d0cda9557340e40,1,0.0,0,0.0,Low Risk
7b98de631987e26dd6d803490c43a13c,8,0.0,0,0.0,Low Risk
7b8e8ec35bad4b0ef7e3963650b0a87b,5,0.0,0,0.0,Low Risk
7b7ed56ae755e2880f2b69632e839c1e,5,0.0,0,0.0,Low Risk
7b3f6ce5c6c22e9b96e7581ebf0df6e1,1,0.0,0,0.0,Low Risk
7b3447b497e55af8c15fc7bd89d7b81a,1,0.0,0,0.0,Low Risk
7ade73f1b9b4e965f9009a4c3a7e2c15,27,0.0,0,0.0,Low Risk
7adbd3210a7b3cc2235e225eef33574d,3,0.0,0,0.0,Low Risk
7ad41305e96a6cab8294cd65891e9a86,2,0.0,0,0.0,Low Risk
7ab0dd5487bab2dc835337b244f689fb,1,0.0,0,0.0,Low Risk
7aa538dd6e114e503a2e6154ea352253,5,0.0,0,0.0,Low Risk
8d46553a36e68f95350a200c12f8f2e2,13,0.0,0,0.0,Low Risk
8cf21434553b02cbd37c0bbd07e041b0,2,0.0,0,0.0,Low Risk
8ccf3cf69651cc1d8a02c8bfaf3b8568,2,0.0,0,0.0,Low Risk
8cb7c5ddf41f4d506eba76e9a4702a25,2,0.0,0,0.0,Low Risk
8ca5b19e0263150d2c57afdde2b3d011,3,0.0,0,0.0,Low Risk
8c9348f33ae3dada25c99c99ade2af78,2,0.0,0,0.0,Low Risk
7a91bf945c6fae0779f1c61ce97fe45c,5,0.0,0,0.0,Low Risk
7a704e63bb29c446869efde5d57524c8,1,0.0,0,0.0,Low Risk
7a188843479798ca813108fa7b959286,1,0.0,0,0.0,Low Risk
7a073a40a9d3f1fee8bc45670ea1e909,1,0.0,0,0.0,Low Risk
79ee721b6f766066a80264402548d359,2,0.0,0,0.0,Low Risk
79ed755314cfe6df0daef2c6cd3022cd,23,0.0,0,0.0,Low Risk
79b93a308a97792cf53ac75f46da00b5,1,0.0,0,0.0,Low Risk
7994b065a7ffb14e71c6312cf87b9de2,5,0.0,0,0.0,Low Risk
8ea394aed8138685abe1eb9f25e1021d,2,0.0,0,0.0,Low Risk
8e34331b7eedd03be4e5d965c1956225,5,0.0,0,0.0,Low Risk
8e29d051f810eb22959ede205b462b9f,2,0.0,0,0.0,Low Risk
8dfbc5ff27df12f6cef751d3b9554222,4,0.0,0,0.0,Low Risk
8def3db7f272735afb2ecd03aeca09a7,2,0.0,0,0.0,Low Risk
8de8fe3af4449ed695d2434c933ed73e,1,0.0,0,0.0,Low Risk
8dd386be0767c330276ea6a3f96532d3,1,0.0,0,0.0,Low Risk
8daab2245ebdc277c51098d01c5ad8ef,16,0.0,0,0.0,Low Risk
7957cac1a02f45d0a4a7e45626382ec2,1,0.0,0,0.0,Low Risk
78ef7e885d17f35e2382a47aae8b8cce,3,0.0,0,0.0,Low Risk
78ba5933c21686d1c2f64669c8c459e7,2,0.0,0,0.0,Low Risk
788f22bafdd7ab0e1e79f19db72f16a4,2,0.0,0,0.0,Low Risk
788e857f317e53de488d393e65a80f45,11,0.0,0,0.0,Low Risk
78813699ffac347fe27dba345a5f1551,1,0.0,0,0.0,Low Risk
8fd3b4468f6425810648177996c14cbd,1,0.0,0,0.0,Low Risk
8fbd63429be6d3e5e6d1a709b6464802,6,0.0,0,0.0,Low Risk
8fb67a334bacec338885b4e9e1708073,1,0.0,0,0.0,Low Risk
8ec76bb0965af3f007692b26fa9d6623,1,0.0,0,0.0,Low Risk
8eb88b0acb3f90a717ad659221471fa7,2,0.0,0,0.0,Low Risk
7a9c12e235c36247c3c81f50d6ea9cea,5,0.0,0,0.0,Low Risk
7816cd9c5b1238e320545f5bf7eb80e8,1,0.0,0,0.0,Low Risk
77e4abfd739aed9c46480f90f81c0eb4,18,0.0,0,0.0,Low Risk
77dcbb67ccb3659bd58eaf5661560a30,2,0.0,0,0.0,Low Risk
778323240ce2830d68aab11794e00bfb,3,0.0,0,0.0,Low Risk
77714512e8d4dda9c234da8e3faf16e4,4,0.0,0,0.0,Low Risk
77128dec4bec4878c37ab7d6169d6f26,1,0.0,0,0.0,Low Risk
9140ef75cc8211c4035935e80e567204,1,0.0,0,0.0,Low Risk
9140bd1d9de28b197dce077bdd687438,6,0.0,0,0.0,Low Risk
910a922b426b7ff95eaee129ad6c0e1f,2,0.0,0,0.0,Low Risk
90b57083da5d803237da74daec6dcb2b,2,0.0,0,0.0,Low Risk
90b36c5aeb728d5504a39f435bef0c5f,5,0.0,0,0.0,Low Risk
902c99f1ac505c0d18778b61bcd636f7,4,0.0,0,0.0,Low Risk
8fec2e460530482132c436cfb5439925,3,0.0,0,0.0,Low Risk
8fe8786ee000001ab51d030dfd4a7bf1,5,0.0,0,0.0,Low Risk
7963e546f34e098b578f9ad102494601,1,0.0,0,0.0,Low Risk
76c47a299e4a8fe992316a85865acbe9,6,0.0,0,0.0,Low Risk
768a86e36ad6aae3d03ee3c6433d61df,17,0.0,0,0.0,Low Risk
76833248bbc0e65a0293ec62023e4396,2,0.0,0,0.0,Low Risk
76623fde66e6b63b59440fd34160512d,3,0.0,0,0.0,Low Risk
762fafdaa57a532ee0119731697579dd,5,0.0,0,0.0,Low Risk
761681a821d8275bc79f552116d06869,3,0.0,0,0.0,Low Risk
75fdd0a732287f9497b179f6bd445d32,1,0.0,0,0.0,Low Risk
75a4764c108403a7a0575140cb22287c,5,0.0,0,0.0,Low Risk
929f342384a6607afe143d789ade1316,4,0.0,0,0.0,Low Risk
9261d76c62caaf0b24677c2ceb7f8f20,6,0.0,0,0.0,Low Risk
9200e6ce317b67196b6b0bad4d4bd567,1,0.0,0,0.0,Low Risk
918f6fbcf3ab724d805867303e593a1b,2,0.0,0,0.0,Low Risk
918717417d88a9f9ae9735567e6c7682,4,0.0,0,0.0,Low Risk
91543f9849d68d023e17194926598543,4,0.0,0,0.0,Low Risk
7494d0dcba8551df6cf37f1b905dc2f7,1,0.0,0,0.0,Low Risk
74871d19219c7d518d0090283e03c137,6,0.0,0,0.0,Low Risk
747e73c01a4593d4cf60dcf970fd2689,3,0.0,0,0.0,Low Risk
7402d13c03a7e91366337cd1de471144,4,0.0,0,0.0,Low Risk
9485a23c0430ba1d58d359391606fce6,5,0.0,0,0.0,Low Risk
94231344608e603693b0a8891143f65d,3,0.0,0,0.0,Low Risk
941554c5757b73ba0e50aa7732310afc,3,0.0,0,0.0,Low Risk
93bef6edaa84956e8e575016449b6351,1,0.0,0,0.0,Low Risk
939f6e231201f26803cb5c3a3d2940b3,3,0.0,0,0.0,Low Risk
939e6227d6964a11a70aa91243e418f2,4,0.0,0,0.0,Low Risk
934ed5cd1b9c1c7382d0a94a94b9e639,1,0.0,0,0.0,Low Risk
933446e9a59dece7ae9175103820ca8f,2,0.0,0,0.0,Low Risk
9315e491484b1b0081ca166fc164108d,1,0.0,0,0.0,Low Risk
739c7d7be81f63812dea0d1b1451c651,2,0.0,0,0.0,Low Risk
7354220fb240bde543b3c40c060d41e7,7,0.0,0,0.0,Low Risk
734def04b237117a09321dd6d8f3f2a2,2,0.0,0,0.0,Low Risk
731ef20c231d9a7103a425e83fd91271,2,0.0,0,0.0,Low Risk
7315baebc0572ff220d226283dc66728,2,0.0,0,0.0,Low Risk
72c73be2b085b9d57650dd53eb2004c9,1,0.0,0,0.0,Low Risk
95cca791657aabeff15a07eb152d7841,1,0.0,0,0.0,Low Risk
9591fc341b1bfb7ef561e2968ec6e011,1,0.0,0,0.0,Low Risk
9558aa23f77a9e0a0eca83540999f43b,2,0.0,0,0.0,Low Risk
954e95f20808d7e5d11f0de292d078e0,3,0.0,0,0.0,Low Risk
9539213aa8e023c01937bef95dc006da,9,0.0,0,0.0,Low Risk
94d76e96eedd976258cd3278ce56d5f2,1,0.0,0,0.0,Low Risk
94ca168e8bcb407ab85c5da308863027,5,0.0,0,0.0,Low Risk
75745ef7bc7d4f3ea3380f6f5303f514,3,0.0,0,0.0,Low Risk
751e274377499a8503fd6243ad9c56f6,1,0.0,0,0.0,Low Risk
713e3a23ca5e47786eb6f0d99f94cfac,4,0.0,0,0.0,Low Risk
712efd3b68f9686dc856b84abd0f21ae,1,0.0,0,0.0,Low Risk
70f84699be677ec988d1fa824aef7d90,5,0.0,0,0.0,Low Risk
70f7e8018e3d46c748c92f026aa2585a,1,0.0,0,0.0,Low Risk
96e5dc09087bad639b4ee193104ec2e5,2,0.0,0,0.0,Low Risk
964ff64dc05b13811c6d0f41e0aa5f6b,1,0.0,0,0.0,Low Risk
960945e1a9535cbc0cd6ddd35fbe7ae8,28,0.0,0,0.0,Low Risk
72431a818f97fe6ab9c81eee3e297e54,1,0.0,0,0.0,Low Risk
723a46b89fd5c3ed78ccdf039e33ac63,1,0.0,0,0.0,Low Risk
7238f877570096ae403c51898fa64566,3,0.0,0,0.0,Low Risk
7238a95bb63ef7e498389fb863b834a1,15,0.0,0,0.0,Low Risk
720e6cf846ea7572cbb66b743fb91e6c,1,0.0,0,0.0,Low Risk
71dc18fd8cbf5fd77f45dd8b427abb34,4,0.0,0,0.0,Low Risk
740205fedfe4e90ca6857bc77db0f2b4,1,0.0,0,0.0,Low Risk
73da1880b39c71de2b262bc7720c1494,2,0.0,0,0.0,Low Risk
70c0fda4c313d87115644d39e62eec60,1,0.0,0,0.0,Low Risk
70b52a4cfc823994561b00bad161b4ed,8,0.0,0,0.0,Low Risk
702835e4b785b67a084280efca355756,1,0.0,0,0.0,Low Risk
70126eecc6aa1274392a1743866e9678,3,0.0,0,0.0,Low Risk
70125af26c2d6d4ef401a1d02ae7701f,5,0.0,0,0.0,Low Risk
989becdce12ebc39863c2bceab6f3ca1,18,0.0,0,0.0,Low Risk
985c92cc412091f8529c12d7f23d3fef,12,0.0,0,0.0,Low Risk
98115075dd26cb8835946fc6086f5d30,4,0.0,0,0.0,Low Risk
980640c45d7a4635885491d077167e4d,14,0.0,0,0.0,Low Risk
97e995629983723d11830a829bc2b246,5,0.0,0,0.0,Low Risk
97e50a621f8e801f4baf69e08687c192,1,0.0,0,0.0,Low Risk
97e4a63591ca439a2b8b7efd20e6e19e,5,0.0,0,0.0,Low Risk
979e9f8b5b39dd243a2550c8b05aecf0,3,0.0,0,0.0,Low Risk
7178e1eaa97257d8b6d4b80efd77a025,1,0.0,0,0.0,Low Risk
71592660bbcb6a4664e97b6f8b68babc,6,0.0,0,0.0,Low Risk
6dd7dce75cd55c1ce255dc38d9f0cd46,1,0.0,0,0.0,Low Risk
9a208dee8f95cfdf00760c4d627828ec,1,0.0,0,0.0,Low Risk
9a1aea68d3efa00862ec88c0768037d0,7,0.0,0,0.0,Low Risk
99cd94252748d2bdde08e17858233602,2,0.0,0,0.0,Low Risk
99a25c39b28a74d1151c35c18d178292,1,0.0,0,0.0,Low Risk
999f6d9a1c7c81f43be44c6b7d076210,2,0.0,0,0.0,Low Risk
98f52e1020fe788c10c0418de4393fec,1,0.0,0,0.0,Low Risk
98dddbc4601dd4443ca174359b237166,2,0.0,0,0.0,Low Risk
6fa9202c10491e472dffd59a3e82b2a3,3,0.0,0,0.0,Low Risk
6f835fd4be26989b1b064399da346143,2,0.0,0,0.0,Low Risk
6ebf4eceee4dd9847201c82e77ef8123,1,0.0,0,0.0,Low Risk
6eb94e1466490d327a09abf8f3552a50,10,0.0,0,0.0,Low Risk
70ee69419916dc13e3aed619061f996c,1,0.0,0,0.0,Low Risk
70c4eedec9cb4a85cda2f3f9673557b4,2,0.0,0,0.0,Low Risk
6c9875b2f94ba781186f0c1aed8d1687,2,0.0,0,0.0,Low Risk
6c77cd583b36a13aacccf2b3ee23e233,1,0.0,0,0.0,Low Risk
6c6e3d67f969468f3bfd33f827a31222,5,0.0,0,0.0,Low Risk
6c6cc59a5c00cacc5054ca06d65cc282,1,0.0,0,0.0,Low Risk
6c17baf138731a4aaacc3210adf2037b,4,0.0,0,0.0,Low Risk
9b76ad3d04236f76bc71c59470305e13,2,0.0,0,0.0,Low Risk
9b522ba7eae9e1d04082f267144583cc,4,0.0,0,0.0,Low Risk
9b1f656ca3060f8af17a50d8a024b533,2,0.0,0,0.0,Low Risk
9b1ab052f5fca308ba743ac789ebb2e1,2,0.0,0,0.0,Low Risk
9b00cad94ef3078faf6fba2e792c158f,1,0.0,0,0.0,Low Risk
9ac75591b69c3402684b6ce0310f22ee,1,0.0,0,0.0,Low Risk
9ac4f14370b1e24ddc58be041b7f99df,5,0.0,0,0.0,Low Risk
6e13dd869aa7185f601c941423abcc8f,5,0.0,0,0.0,Low Risk
69b5eaa096c3f9d1e5c398c597f567d6,2,0.0,0,0.0,Low Risk
69a43819c758c65a5befb0b471c954d7,2,0.0,0,0.0,Low Risk
698f5fa55a5f73d0740e9d9a773e8093,4,0.0,0,0.0,Low Risk
9c54608f0996c32ae4743089d915f845,3,0.0,0,0.0,Low Risk
9c4d31c7e46ab03a43fc06e3142afd4e,2,0.0,0,0.0,Low Risk
9c3c24eca51c52b91c1de727d2a2ae06,6,0.0,0,0.0,Low Risk
9c351405b754cc5ce3e2ecf277bb034a,1,0.0,0,0.0,Low Risk
9c1c0c36cd23c20897e473901a8fb149,6,0.0,0,0.0,Low Risk
6bd503a8230299c9316fb0f726933927,4,0.0,0,0.0,Low Risk
6bcb2352a2a0c38b845f598298ab9d26,2,0.0,0,0.0,Low Risk
6ba4733aa33f6386e9fb0c0fd3993b38,3,0.0,0,0.0,Low Risk
6b803197e03abd5056b4313306b4f29d,7,0.0,0,0.0,Low Risk
6d1b9c9579132c87d2703ec38c30f2c5,4,0.0,0,0.0,Low Risk
686886775c8f6b1191c7b953fb52708c,1,0.0,0,0.0,Low Risk
6824a69c9ea0313eba299dd4a2dba09a,6,0.0,0,0.0,Low Risk
9dd59e43f0c9f0553244e8f9c2fb247e,10,0.0,0,0.0,Low Risk
9dd459b29a14bf89d47183cf2cd0e4c7,2,0.0,0,0.0,Low Risk
9dc79dd988ac42f4d56c340d7048420a,4,0.0,0,0.0,Low Risk
9d69ba0a7a626a64dc5db08e529559cf,1,0.0,0,0.0,Low Risk
9d681c7e12db302cb261e721040dde65,13,0.0,0,0.0,Low Risk
9d213f303afae4983637247556438ede,2,0.0,0,0.0,Low Risk
9cf787a239c1aa29dbd76f153dc13f9a,4,0.0,0,0.0,Low Risk
6b2612338467c08c9b25f0cc55b1578d,1,0.0,0,0.0,Low Risk
6b1c4d4d9ccf0be3d8544eb0e71e5318,1,0.0,0,0.0,Low Risk
6b15924333bd1a741595fe981ea04822,21,0.0,0,0.0,Low Risk
6a53b90c3ad9e0b56d9fe5c69165fff5,2,0.0,0,0.0,Low Risk
6a38087bc8ad4f89ff453561005f6dea,15,0.0,0,0.0,Low Risk
6a3139c7bf09ece22a4713d956acbe5e,1,0.0,0,0.0,Low Risk
67225bff54a172ff67579aaf583efd78,8,0.0,0,0.0,Low Risk
670a9dda115b5a88b18cfadee8de2332,11,0.0,0,0.0,Low Risk
9fc70243fb26800cba56e8f014797004,6,0.0,0,0.0,Low Risk
9fbd5666d8618fa571c4230fafa09bd6,1,0.0,0,0.0,Low Risk
9ef932e837d8b7f392c0bfee9d359dc2,1,0.0,0,0.0,Low Risk
9ed65337433adfbedefd23dd76eaa494,6,0.0,0,0.0,Low Risk
9e94fa26a70ede4d26226e918e8706a2,1,0.0,0,0.0,Low Risk
9e7c5f4d7770eab65738cca38f9efccf,2,0.0,0,0.0,Low Risk
9e25199f6ef7e7c347120ff175652c3b,1,0.0,0,0.0,Low Risk
9e17b9d64683aebcbb9ee362d06463b4,2,0.0,0,0.0,Low Risk
6989574bd97d9773f10d232b6c07da59,7,0.0,0,0.0,Low Risk
698624c6632eeba1774924dbea24c700,1,0.0,0,0.0,Low Risk
695051e2981c8b19e77cafe450d5bdf3,1,0.0,0,0.0,Low Risk
693660429f9dc4ff704eb3d88dad54d7,2,0.0,0,0.0,Low Risk
68f86ba270525243e68ae74044f992b9,11,0.0,0,0.0,Low Risk
6576fd3e23c88f0e5d4d23f39bba0542,1,0.0,0,0.0,Low Risk
656591be56071d4c9ef4e5fee78a578a,7,0.0,0,0.0,Low Risk
a13aaf2d2886ab9fb30fb9a920160b8f,4,0.0,0,0.0,Low Risk
a13580f0e8f782b7a543885a0ef99f08,10,0.0,0,0.0,Low Risk
a11a0e0ca67423425691db355cff69b0,2,0.0,0,0.0,Low Risk
a1040efe9ff4a6f93c28b0499eada8f5,1,0.0,0,0.0,Low Risk
a0e19590a0923cdd0614ea9427713ced,2,0.0,0,0.0,Low Risk
a0a14e50070f3225b3eabba5b85da517,4,0.0,0,0.0,Low Risk
a09a13f18ed27932d08438aa6f12756e,1,0.0,0,0.0,Low Risk
a08692680c77d30a0b4280da5df01c5a,6,0.0,0,0.0,Low Risk
a080fc8a850289b27500f6b49cca2553,4,0.0,0,0.0,Low Risk
a06c8ff043abea0528ee44171e2140a2,8,0.0,0,0.0,Low Risk
a00824eb9093d40e589b940ec45c4eb0,3,0.0,0,0.0,Low Risk
9fe7c6641c79970ab48185498f547c09,1,0.0,0,0.0,Low Risk
674207551483fec113276b67b0d871ff,1,0.0,0,0.0,Low Risk
a2b5b6105ea5942300631d2e76f4ffe0,16,0.0,0,0.0,Low Risk
a2a41aedb70551d4a85aa04dc2fced48,2,0.0,0,0.0,Low Risk
a247197e2e9c19a6a53a6888cb8b660f,2,0.0,0,0.0,Low Risk
a213f1bd6458f4a158f3746cb2514559,1,0.0,0,0.0,Low Risk
a20d8058c866dbaeca014d2cd20ac62e,2,0.0,0,0.0,Low Risk
a1bea9970d8f65b240555f99c2214f7f,1,0.0,0,0.0,Low Risk
a1bea7061f61f6fdd9a85a6325ba1033,9,0.0,0,0.0,Low Risk
a150c540f572d0fb53992264bc5c10b5,1,0.0,0,0.0,Low Risk
668bf321538e5072858eaef6087ce027,1,0.0,0,0.0,Low Risk
6624bc09786f0e41ae48dfc5eeb1a9e2,1,0.0,0,0.0,Low Risk
661ad5fcc28cdfb8bcadb12bb2272475,4,0.0,0,0.0,Low Risk
6601ee6383e7f452be71929f8de48bbb,2,0.0,0,0.0,Low Risk
65c255b299faf2d12050937cc219c46c,2,0.0,0,0.0,Low Risk
65a7c0788e4d632ccb5e1b594b87f0bb,3,0.0,0,0.0,Low Risk
657969cca82e884d272385ec0ef06edd,3,0.0,0,0.0,Low Risk
6524b847b982cd56bb5d4b02b776ee42,1,0.0,0,0.0,Low Risk
651530bf5c607240ccdd89a30c9c9712,1,0.0,0,0.0,Low Risk
64cc804291f90c81f02bfc2bb58ff55a,2,0.0,0,0.0,Low Risk
64c9a1db4e73e19aaafd3286dc448c96,1,0.0,0,0.0,Low Risk
64b87978a11c1ea7501a89eabe8c2c1a,7,0.0,0,0.0,Low Risk
643c01d7c56a724bec0454f4780e8a3e,2,0.0,0,0.0,Low Risk
a3b0df0065e264a91b7bbf5f844af5cd,2,0.0,0,0.0,Low Risk
a37c340b91cb0169e8b029db6440fba2,5,0.0,0,0.0,Low Risk
a35ef466c6fd6d052f5d241240d3c5e2,3,0.0,0,0.0,Low Risk
a353b1083c9863d756d9404695016d64,1,0.0,0,0.0,Low Risk
a35124e2d763d7ca3fbe3b97d143200f,4,0.0,0,0.0,Low Risk
a3082f442524a1be452e3189e003b361,3,0.0,0,0.0,Low Risk
a2fa0bdc798ee84cdb08281337cf4fb6,10,0.0,0,0.0,Low Risk
a2e85714b56b1cb6bb24a9a6e6cad36f,2,0.0,0,0.0,Low Risk
a2b911e9ad40dc7d61c142a4683e2d85,1,0.0,0,0.0,Low Risk
63bc58679c44e8a998792119fd7ad23e,1,0.0,0,0.0,Low Risk
63a79f5a7eb5cb48a7e5787b141c7993,11,0.0,0,0.0,Low Risk
63272377184e969942f7fff221be858d,2,0.0,0,0.0,Low Risk
63191ead8d3b2f937cd1996fdcbbad20,1,0.0,0,0.0,Low Risk
62de60d81c55c29d76a6bce418b31cef,1,0.0,0,0.0,Low Risk
62d977e2b2aee830de3e039a28490d12,2,0.0,0,0.0,Low Risk
a478c7961d6a992065b24e63b366f90b,8,0.0,0,0.0,Low Risk
a45765f8afb1e594b22bf9e974b46765,1,0.0,0,0.0,Low Risk
a45314082d50d578a4721c9787ce09ab,2,0.0,0,0.0,Low Risk
a435b009cd956ea60748b5cfbddf2e24,3,0.0,0,0.0,Low Risk
a3fa18b3f688ec0fca3eb8bfcbd2d5b3,1,0.0,0,0.0,Low Risk
a3b42d266fa8afc874b909422ce88582,1,0.0,0,0.0,Low Risk
6561d6bf844e464b4019442692b40e02,1,0.0,0,0.0,Low Risk
6548c2550b6e2d8f18053216e1c7b6f3,3,0.0,0,0.0,Low Risk
623ad9d0c1e14bb5464a8c72bff7b4af,1,0.0,0,0.0,Low Risk
6235903333ba7de1928c869e268e5964,1,0.0,0,0.0,Low Risk
61b18775be84fb700a6b2d0ba097bf66,4,0.0,0,0.0,Low Risk
6179a28a13a726c29b3bf54c070dccab,2,0.0,0,0.0,Low Risk
615c3462099ffa940d37b17dfda19594,2,0.0,0,0.0,Low Risk
a63bfbaa882c8f4542891b4e2246cc7f,7,0.0,0,0.0,Low Risk
a61cc04793308395a840807104365121,1,0.0,0,0.0,Low Risk
a5bff0f43eb51f0cad7c37fac7244c8a,4,0.0,0,0.0,Low Risk
a56e351445e5863fc8960640ba9190c7,3,0.0,0,0.0,Low Risk
a56a8043ebf66e42119618fb8cf232c6,1,0.0,0,0.0,Low Risk
a513150f33f99a06569e9cd5c4bb889b,2,0.0,0,0.0,Low Risk
a4fc6eadaff1576af888509a53420f6a,1,0.0,0,0.0,Low Risk
a4bd6e9adf39b63f43dc545d3ca1f53d,4,0.0,0,0.0,Low Risk
606ce7768feac12c5e8bd58db8b08f0f,5,0.0,0,0.0,Low Risk
60562ab00b8054280520d390c8c0045c,17,0.0,0,0.0,Low Risk
6025c79c035c3d772133b8b8238463b2,2,0.0,0,0.0,Low Risk
a7d0f8dd44f57ef6de7f7f02e3d82630,2,0.0,0,0.0,Low Risk
a7c88262832dfc683781d6a421edefae,5,0.0,0,0.0,Low Risk
a7c53f6b3b61adbdaa99dda97e8cbd56,1,0.0,0,0.0,Low Risk
a7b7354cc588f7566a848bcbb1ce3d96,2,0.0,0,0.0,Low Risk
a7a9b880c49781da66651ccf4ba9ac38,3,0.0,0,0.0,Low Risk
a72f15980dc3e9bfd1a49ac9b2f3af65,1,0.0,0,0.0,Low Risk
a72c2f59332659e361d647515c698798,5,0.0,0,0.0,Low Risk
a70e9066dbfd10b6b97a3f54a1356762,2,0.0,0,0.0,Low Risk
a69aa24cec11168e7e39a3fbc727e925,3,0.0,0,0.0,Low Risk
a663d9c3797e90eac99ff60939416a56,1,0.0,0,0.0,Low Risk
a64e44665225d19dfc0277eeeaaccc57,6,0.0,0,0.0,Low Risk
626ab1cd96932367f0eeec2e47046c12,3,0.0,0,0.0,Low Risk
5e25c632f9db6cfb8bc100421c2737b6,1,0.0,0,0.0,Low Risk
5e106d93b717c2682b9383da480364a1,1,0.0,0,0.0,Low Risk
aa2640d851ec322526f1295bbeb20092,1,0.0,0,0.0,Low Risk
aa1eb17b9fdf6dfd546e25c45c7b9235,3,0.0,0,0.0,Low Risk
aa17b35ce4de7b565be3249ba838944f,2,0.0,0,0.0,Low Risk
a9b533a26e898b12e8b8d4c07279bf4d,4,0.0,0,0.0,Low Risk
a9ae440659f48b7849df83e82734150b,1,0.0,0,0.0,Low Risk
a99504ac23ed125aaf5302af6cc30af9,1,0.0,0,0.0,Low Risk
a9415cf907dfa12f9ed18693244f5329,1,0.0,0,0.0,Low Risk
a90a5da8b09e44264a177c0374a5ac87,3,0.0,0,0.0,Low Risk
a89e143d5211473ae18db9577ee34b64,2,0.0,0,0.0,Low Risk
a81466620e46a6970b22ef40379fdfc9,2,0.0,0,0.0,Low Risk
a806a4bb063ea7ca6d374eafa50a6058,5,0.0,0,0.0,Low Risk
a7ecf689b40a44361e259b28939023e4,1,0.0,0,0.0,Low Risk
612a743d294c27884fb7b80d2b19ba35,2,0.0,0,0.0,Low Risk
60da8bfa7eebe230b7d66ac4082d79b3,3,0.0,0,0.0,Low Risk
5d505d2298ad549e4e4e835562fa0c1e,2,0.0,0,0.0,Low Risk
ab91571efab27993ff2f6b36e38055c3,3,0.0,0,0.0,Low Risk
ab27bbbad5239bc31a34709275a70db4,3,0.0,0,0.0,Low Risk
aae5e7b457a3c72ee230a47d98fceda5,5,0.0,0,0.0,Low Risk
aae5953b9edddf14749c0d65d60eb4b9,2,0.0,0,0.0,Low Risk
aadfe0417e61315688b6bd7043361e25,1,0.0,0,0.0,Low Risk
aac51c486b672a9850d59f3e84b1cf88,10,0.0,0,0.0,Low Risk
aa8af66c623d7d544dfe4bb85b5ebe3b,1,0.0,0,0.0,Low Risk
5f5a58930c3c35f3b5af264f34fb8c85,3,0.0,0,0.0,Low Risk
5f57db27027655e6c6a391601daa0258,1,0.0,0,0.0,Low Risk
5f26c1408a65b42a7224cd463bdf3292,10,0.0,0,0.0,Low Risk
5f0057b677eb963672bf05dfa3f16c34,5,0.0,0,0.0,Low Risk
5e9f5bd34e0830569f05c9d4f56e04a8,2,0.0,0,0.0,Low Risk
5e49e3a44bdeb5aab2684258bbd4f525,3,0.0,0,0.0,Low Risk
5bf397d04035b5f45cc41e82ec106803,3,0.0,0,0.0,Low Risk
5bc237df65098fe211bb4818f4d26d78,2,0.0,0,0.0,Low Risk
5bba18b40e8c973b0f32e748004775b0,1,0.0,0,0.0,Low Risk
ace601496e211a664100321f038f50af,1,0.0,0,0.0,Low Risk
ac9b01377919cdbd2a1bbb8d5837c70b,1,0.0,0,0.0,Low Risk
ac1ed5fc15901fbc92920361eb4ab350,1,0.0,0,0.0,Low Risk
ac137bac82ffa8548e62bd9d01d2a14f,1,0.0,0,0.0,Low Risk
abbf6046bbdf1028606a5bc7f00c99e7,7,0.0,0,0.0,Low Risk
5e063e85d44b0f5c3e6ec3131103a57e,1,0.0,0,0.0,Low Risk
5def4c3732941a971cba8fdee992ede1,5,0.0,0,0.0,Low Risk
5de1c80811ce7007f62f00d971236c09,2,0.0,0,0.0,Low Risk
5db42a6cd9bf1bf0d3aab9582767f168,1,0.0,0,0.0,Low Risk
5d9f3746e112e696f98ea22c56b3e912,1,0.0,0,0.0,Low Risk
5d76d80a2f5f39c891b996a1bf4c9853,6,0.0,0,0.0,Low Risk
5b97c06a046398e7005b2b7c0d707a92,4,0.0,0,0.0,Low Risk
5b92bfa4120daa27c574daa2e386c693,1,0.0,0,0.0,Low Risk
5b2e94f2c22b39ccc24d34ad0f669672,10,0.0,0,0.0,Low Risk
ade45994b717ccee333492330fbf037b,10,0.0,0,0.0,Low Risk
adbe70ab2c97442046d393988c8d1d27,5,0.0,0,0.0,Low Risk
ad8ada0ffa993cb1197d102d9ab21a3e,1,0.0,0,0.0,Low Risk
ad738d3fcf42655ed15c4960b7b6c601,1,0.0,0,0.0,Low Risk
ad14615bdd492b01b0d97922e87cb87f,1,0.0,0,0.0,Low Risk
acf974e4d5950ad143a247471b831eb9,5,0.0,0,0.0,Low Risk
5cf1ec37aea089f45110c70653a166ab,3,0.0,0,0.0,Low Risk
5c603ffb38cbbf25a0e0698941324143,2,0.0,0,0.0,Low Risk
5c3460cd3e8a984382ae254e7dd20d9f,9,0.0,0,0.0,Low Risk
5c030029b5916fed0986310385ec9009,7,0.0,0,0.0,Low Risk
5bffbafbb22daf6d3bfc216a46db8708,21,0.0,0,0.0,Low Risk
5a9c0859cb00fd8aa4db443837f0a700,2,0.0,0,0.0,Low Risk
5a9b3bcab695173c820e53934574ae80,1,0.0,0,0.0,Low Risk
5a6a02f419701fc8c605af71d4fc57a4,10,0.0,0,0.0,Low Risk
5a4236931428800e9d9cc04af0987118,1,0.0,0,0.0,Low Risk
59de1d4c8c057c2a53acd4ca66531af2,1,0.0,0,0.0,Low Risk
59cea8e446d3834393058e7e0666b6fb,10,0.0,0,0.0,Low Risk
b026643914f651e8371425e5b8a1e780,1,0.0,0,0.0,Low Risk
b01c2b7b8599b325103ebcddc67413e1,4,0.0,0,0.0,Low Risk
b00af24704019bd2e1b335e70ad11f7c,1,0.0,0,0.0,Low Risk
aec99834ab5d38ead22766ada8497e87,1,0.0,0,0.0,Low Risk
aeb36d67f1414f234d42a29e27cf1f17,4,0.0,0,0.0,Low Risk
ae9690c6e8fee182c28c9ff8e11ca52c,1,0.0,0,0.0,Low Risk
ae8bfdbf1c2a2a2dee92d799db0a31c6,8,0.0,0,0.0,Low Risk
ae45df84722b1d15c5f32b23a095746c,9,0.0,0,0.0,Low Risk
ae45ad30c2d2e5913094769690a239d2,1,0.0,0,0.0,Low Risk
5962468f885ea01a1b6a97a218797b0a,8,0.0,0,0.0,Low Risk
58e4b302b54937e55a678c4d15111da4,3,0.0,0,0.0,Low Risk
58c851d1a3c7cd3da329eb59453fed44,2,0.0,0,0.0,Low Risk
5882f40daf39bc2a465e0cb453ddc222,1,0.0,0,0.0,Low Risk
5882820ef11c4c068eea0677a7a879b4,14,0.0,0,0.0,Low Risk
585175ec331ea177fa47199e39a6170a,1,0.0,0,0.0,Low Risk
b19c48688808720822399ffa9f2dbe2f,1,0.0,0,0.0,Low Risk
b12cfd255810394b60caef18ae163547,2,0.0,0,0.0,Low Risk
b127efdabeffb5d559349c7b172eb75d,10,0.0,0,0.0,Low Risk
b0f2a6122a90a93eb03e68653dd960e3,6,0.0,0,0.0,Low Risk
b080809eaacb49e5ca07290981472431,11,0.0,0,0.0,Low Risk
b05b432bf68945d4d9783f9e3ca29ee8,2,0.0,0,0.0,Low Risk
5aaa890629f83706d8d9bfecd8377c1c,1,0.0,0,0.0,Low Risk
57a834594e1e9e9219603bfec184eadc,1,0.0,0,0.0,Low Risk
578460d8319c51dab351cd9db95eadfe,1,0.0,0,0.0,Low Risk
5741dc2bf5044c34d0698681c5081bed,3,0.0,0,0.0,Low Risk
5733d806668f8712c24b9abaefbfa642,2,0.0,0,0.0,Low Risk
5721089ba9214e80074f27d5a03fc0eb,5,0.0,0,0.0,Low Risk
b2eecf5ea250510da76590ca79d60e5d,9,0.0,0,0.0,Low Risk
b2c97074649f92197d9387d9033dda5f,10,0.0,0,0.0,Low Risk
b2bdc5e7940a7d7ca8c4a37953b27a42,1,0.0,0,0.0,Low Risk
b26741d31a563d769b4af0465ab20c56,2,0.0,0,0.0,Low Risk
b1fecf4da1fa2689bccffa0121953643,19,0.0,0,0.0,Low Risk
59cd88080b93f3c18508673122d26169,10,0.0,0,0.0,Low Risk
59bbc819b99a733f02f0d6b49d1c253d,2,0.0,0,0.0,Low Risk
5996cddab893a4652a15592fb58ab8db,1,0.0,0,0.0,Low Risk
544863df86ed3b78a04e0820d41430ee,1,0.0,0,0.0,Low Risk
b410bdd36d5db7a65dcd42b7ead933b8,44,0.0,0,0.0,Low Risk
b3f19518fcec265b2e97af287725f981,9,0.0,0,0.0,Low Risk
b3e2faf2c1004d674f16a3aa3197f0e1,3,0.0,0,0.0,Low Risk
b3b17aab11f273023a5f22ca52e1eb70,7,0.0,0,0.0,Low Risk
b3809b8d4394588a47c8470ea331e135,1,0.0,0,0.0,Low Risk
b2f4d63c7203f539a78252565ca32257,1,0.0,0,0.0,Low Risk
570d4583587a5fe2d47c7be89b91ad27,2,0.0,0,0.0,Low Risk
56f413900b5166ab4d730e9ac0b12cb0,3,0.0,0,0.0,Low Risk
56a8b450e802502ba53a9885ee38e29f,1,0.0,0,0.0,Low Risk
562f8cfc51f265411f487d07e9c40e7f,13,0.0,0,0.0,Low Risk
55dedd83e501d8248880557d9073cbfd,8,0.0,0,0.0,Low Risk
55c96925041a14097b6a7825554f4ad5,6,0.0,0,0.0,Low Risk
57fe6232e67823593374a2281d7a8af8,8,0.0,0,0.0,Low Risk
57df9869a600bd6b7c405f2a862eccfb,5,0.0,0,0.0,Low Risk
57d2ba47f7a3209aa347532ae75c1165,2,0.0,0,0.0,Low Risk
535bf14f36346c7f59d87cece104d70c,1,0.0,0,0.0,Low Risk
534a01cc6df1e034e05c32028a291fa2,5,0.0,0,0.0,Low Risk
533d46c1b06970e99f09523a61df4972,2,0.0,0,0.0,Low Risk
53336f97ddbe53e2a617d07b17447b95,1,0.0,0,0.0,Low Risk
b57e8460909fa137df7951b4a3b5ea84,1,0.0,0,0.0,Low Risk
b55638ad525e906c698fa2ce742c1742,11,0.0,0,0.0,Low Risk
b4b447d715f9ab302a188fb43d3e96b3,5,0.0,0,0.0,Low Risk
b452cb0ae35044c4a53179c39f49fb06,2,0.0,0,0.0,Low Risk
b44dbfbf62e52125f3c15d230569ea91,4,0.0,0,0.0,Low Risk
5587130f9850696ed7fafbc91c2cee44,2,0.0,0,0.0,Low Risk
5566627eab3fe93fd6ee08798226101a,5,0.0,0,0.0,Low Risk
5563732abe64c3036cb97ad924128dd1,2,0.0,0,0.0,Low Risk
55029529919c0123526150bd26ca8f20,7,0.0,0,0.0,Low Risk
54583ab379489add547fe47b628db589,10,0.0,0,0.0,Low Risk
52a50b42accf164f9f019941e5759d9b,4,0.0,0,0.0,Low Risk
52956b80ae65fda598f06f6b9943e7a9,3,0.0,0,0.0,Low Risk
528ce32f560edd11add4169f6a5b65be,2,0.0,0,0.0,Low Risk
b6f52e346160519c24a23af05410ad32,1,0.0,0,0.0,Low Risk
b6dc74ed30f124f95227bed4e43a3bed,11,0.0,0,0.0,Low Risk
b6c6854d4d92a5f6f46be8869da3fa1a,1,0.0,0,0.0,Low Risk
b67d6c666e8dce1d078c882825e12704,7,0.0,0,0.0,Low Risk
b5f49fe968dff6b112861e6cd8e192ef,1,0.0,0,0.0,Low Risk
b5f0712d22a873b6797ab6cc65c3fcba,1,0.0,0,0.0,Low Risk
b5dd7151a92ccaaa282cbe9681a05f44,1,0.0,0,0.0,Low Risk
b5d034ac251546e25afe9067f05c1539,1,0.0,0,0.0,Low Risk
b5bb2b985208834bd5bd86c7a402bbad,2,0.0,0,0.0,Low Risk
b5b800c4065bebf4d3442311c9857344,1,0.0,0,0.0,Low Risk
5444b12c82f21c923f2639ebc722c1ea,1,0.0,0,0.0,Low Risk
5415337f1863452476d42d9f14a16a61,1,0.0,0,0.0,Low Risk
51f108f62cb87d61918159902c8f8583,3,0.0,0,0.0,Low Risk
51e4e89242cbb846c2deff3dc015650e,16,0.0,0,0.0,Low Risk
51e0557bc7b86de13e946c60ee91ce39,1,0.0,0,0.0,Low Risk
b81e3a6c866a764974fe849821abeebd,8,0.0,0,0.0,Low Risk
b8114f2f589a6804810f04f99b36b498,8,0.0,0,0.0,Low Risk
b7e1750c1157341d2abd0251e07c186b,3,0.0,0,0.0,Low Risk
b7d5b4b87af9d42b601865d3f3810bff,2,0.0,0,0.0,Low Risk
b77a27b1864483e721dc831d5ba4afa0,2,0.0,0,0.0,Low Risk
b76f4d90e85657a240495c876313adc5,1,0.0,0,0.0,Low Risk
b76a1f8356322f12529c37b67d5c96c2,5,0.0,0,0.0,Low Risk
53088c75f948b48a7ece173ac17f0c12,3,0.0,0,0.0,Low Risk
5305693ffae2d3463377b1f6fe67b15a,1,0.0,0,0.0,Low Risk
52bb00821bcdd358a5a5a27e1f6be5a1,2,0.0,0,0.0,Low Risk
52b53f7061969fe471d119b6195da864,1,0.0,0,0.0,Low Risk
ba8e85df286308fe68a2ce83a8f8b2d6,1,0.0,0,0.0,Low Risk
ba89796db68db180bd389de96b2ff3b6,2,0.0,0,0.0,Low Risk
b9ec22de23f18567de0e09d776ca0309,2,0.0,0,0.0,Low Risk
b9de031b671cd48b28fae9d828cbf2b4,1,0.0,0,0.0,Low Risk
b9c0ffa92f3ff9a5a3d45ef7213c0842,3,0.0,0,0.0,Low Risk
b906dd0e57f282c7089171b6ed07982e,2,0.0,0,0.0,Low Risk
b8d890108a7a80e4f5d59eea9f362438,2,0.0,0,0.0,Low Risk
b88e7c57cb2d8b973b7dd4a2bfa14b36,4,0.0,0,0.0,Low Risk
b86a47b3366e3b5424a7b225781f4908,1,0.0,0,0.0,Low Risk
528bcf6680c36dddf07620bd35b33a6f,2,0.0,0,0.0,Low Risk
52831e5990d0771cb4951d6f12928167,1,0.0,0,0.0,Low Risk
5275ca25d0358ca73864e0ae41be1320,4,0.0,0,0.0,Low Risk
52562a9f449c3dc3d53f5f5b9ed74903,14,0.0,0,0.0,Low Risk
5236605f4d4b0b3e4df85b850393fca0,5,0.0,0,0.0,Low Risk
519a7aa428f18d125a283cf8c014fdd6,3,0.0,0,0.0,Low Risk
5194c22ed1f616ec0c0f33c571542879,4,0.0,0,0.0,Low Risk
515d781150feed28a6ac091bb0e3cb8c,6,0.0,0,0.0,Low Risk
5145090ab595c0d0b8557199f5701fbf,4,0.0,0,0.0,Low Risk
513a54369b6a8a6602fcb0e129c6d78d,2,0.0,0,0.0,Low Risk
51209b446b2073894bdc0face6c73ffc,2,0.0,0,0.0,Low Risk
50bf89f1349bc0409a268c3a49678009,1,0.0,0,0.0,Low Risk
50a7e551a7b3f8d37cd6e32d8bfbe5ea,1,0.0,0,0.0,Low Risk
baf15155e37ef5492731459bdc05be8a,1,0.0,0,0.0,Low Risk
baeda7047354773262ba2405f97038ba,1,0.0,0,0.0,Low Risk
bac692d6c0ed08467878018e6cc9c26c,1,0.0,0,0.0,Low Risk
bac44fa8e13424950488659b5f765c41,1,0.0,0,0.0,Low Risk
babcc0ab201e4c60188427cae51a5b8b,1,0.0,0,0.0,Low Risk
bab0a8cd684e41ba6e2637dca0979d3b,1,0.0,0,0.0,Low Risk
baa49d93c8c8841e27400a300f5d74b2,6,0.0,0,0.0,Low Risk
4fe2f67634d00c021aa01f96b6f2d68e,2,0.0,0,0.0,Low Risk
4fb41dff7c50136976d1a5cf004a42e2,3,0.0,0,0.0,Low Risk
4fae87d32467e18eb46e4a76a0a0b9ce,1,0.0,0,0.0,Low Risk
4f40d2ed38d1cc945364a7cd202a82c7,1,0.0,0,0.0,Low Risk
4f1f1c8666cdb6442f775c4e8caed465,2,0.0,0,0.0,Low Risk
4f0d637c1197fd65405ebd755ac9f86b,2,0.0,0,0.0,Low Risk
4eeb99008a0f59d2c7759c59f9a346eb,2,0.0,0,0.0,Low Risk
bbf4a892cac7b82422baa711dffb8997,1,0.0,0,0.0,Low Risk
bbe87dce25ba8b38bb61cc7210a3f10b,2,0.0,0,0.0,Low Risk
bbaff50f3b708fda865918715276cd87,12,0.0,0,0.0,Low Risk
bba8d0c234a52b87b3957037a215d1a4,1,0.0,0,0.0,Low Risk
bb7ad8a45c027be8ab075b8e465f8ca0,2,0.0,0,0.0,Low Risk
bb5d956dece964a06c12bceb66b923ae,2,0.0,0,0.0,Low Risk
bb2afe2061d53c6968aa0cffa233a8ec,5,0.0,0,0.0,Low Risk
4dab98ca6cd6d3df586203cefd28a042,1,0.0,0,0.0,Low Risk
4d9fea3499bdc22aa4da4e339365f215,2,0.0,0,0.0,Low Risk
4d8809767a5bafe22909c77951fb6b41,1,0.0,0,0.0,Low Risk
4d232b78ab7ef10393dc3807d827bc0d,5,0.0,0,0.0,Low Risk
4d0041cdbe51b4617d95c70b19decc74,8,0.0,0,0.0,Low Risk
bcd2d7510d58e293f20fad6438c1b314,1,0.0,0,0.0,Low Risk
bc39d8938f90a3a2b98193723ed59774,2,0.0,0,0.0,Low Risk
bc30de0d71bd6260b936a026b5cf7200,3,0.0,0,0.0,Low Risk
4ea2f12dbe91deeacd2c1e74f069a6e6,4,0.0,0,0.0,Low Risk
4e92348462c75b6c842b994ce84a0ed4,1,0.0,0,0.0,Low Risk
4e6015589b781adaa5ce7f1892d06bb1,3,0.0,0,0.0,Low Risk
4e480be820e37de1444325ff358c9296,1,0.0,0,0.0,Low Risk
4e2627090e6e5b9fabba883a37897683,2,0.0,0,0.0,Low Risk
4cc43a222a0f94910728b62b97a8c5f8,1,0.0,0,0.0,Low Risk
4c8545742faaf58fafd5fd14d25d75cf,4,0.0,0,0.0,Low Risk
4c60877808f4318ef1107fbeb8f89afa,2,0.0,0,0.0,Low Risk
4c4d546adf3c3868fe19c9ec6e9ffda9,2,0.0,0,0.0,Low Risk
4c1c7281388a33dd06daac44f9fadbd1,5,0.0,0,0.0,Low Risk
4bf658053d453036c70976bccb2c31b2,2,0.0,0,0.0,Low Risk
bdf0d02d36a1d839d0c39c4a887cdd49,5,0.0,0,0.0,Low Risk
bd65d163ded559eb90a10cd09fec178f,1,0.0,0,0.0,Low Risk
bd4431c1a8dfa744b59e1e2a8bc99b9e,7,0.0,0,0.0,Low Risk
bd43e172d599bed47a85da877172ca8c,1,0.0,0,0.0,Low Risk
bd149ed516d4c5d418d5781f8e18919f,8,0.0,0,0.0,Low Risk
bd0a1b0aadca9a83d9304f7e8ff5fbd5,4,0.0,0,0.0,Low Risk
4ddeb3e828550cddc8d45c8bc36ab2d1,1,0.0,0,0.0,Low Risk
4dc2e811a1760953cb7c6a590b498943,1,0.0,0,0.0,Low Risk
4bde6149c15cf7e177b36fa060dd6de8,2,0.0,0,0.0,Low Risk
4bcec44888b30ba9001234c534716d3f,5,0.0,0,0.0,Low Risk
4b90495391ac0bd181a80a459df1e718,1,0.0,0,0.0,Low Risk
4b39558c138930b9e5489c93b6df5fe3,4,0.0,0,0.0,Low Risk
4aba6a02a788d3ec81c03137144d9a80,1,0.0,0,0.0,Low Risk
bf961104a38e01b9062ee026bb657dee,4,0.0,0,0.0,Low Risk
bf100ecb7997df312b285358fb32f92c,20,0.0,0,0.0,Low Risk
bf0045791395e66460eb04749c68672a,2,0.0,0,0.0,Low Risk
bee36b4f9a2b9fdcaff6ec05df202ed0,2,0.0,0,0.0,Low Risk
bede56095ba33c42038fb85f707b8a42,2,0.0,0,0.0,Low Risk
bec568278124768c474ee90971ca94d1,2,0.0,0,0.0,Low Risk
be9a160a9011f627c3e121d076c1ec7b,7,0.0,0,0.0,Low Risk
be7a093e5b4d147b36b72bb1f9e415e5,1,0.0,0,0.0,Low Risk
be67f78487e2cecb0d55bc769709e4f5,1,0.0,0,0.0,Low Risk
4cc4fd4fdd406a85bbdc1f824b731bd7,1,0.0,0,0.0,Low Risk
c0f3eea2e14555b6faeea3dd58c1b1c3,1,0.0,0,0.0,Low Risk
c0e6839516f5398edc34adf5f1d53d1a,3,0.0,0,0.0,Low Risk
c0e0b73d039eb9a99b6ce4cb7a429cd3,1,0.0,0,0.0,Low Risk
c0aff2da32c17759d30b22fb0af6649d,4,0.0,0,0.0,Low Risk
c092292535a57dacd95a8765f5518f87,1,0.0,0,0.0,Low Risk
c04d70d515d15a7e3db3a73320598566,3,0.0,0,0.0,Low Risk
c03121937e54a93fcc1825c3098bbb6e,7,0.0,0,0.0,Low Risk
c026ef0d72e9132d9fa112308090c8dc,1,0.0,0,0.0,Low Risk
c0098efcf800861dcae589affca31408,9,0.0,0,0.0,Low Risk
c00396cbdd2e088fe4281baa5920aef1,1,0.0,0,0.0,Low Risk
bfd938b22bc99bce1ae60dc602889f52,6,0.0,0,0.0,Low Risk
4be9ae93c4fc0f41713d71a4194ee1b3,1,0.0,0,0.0,Low Risk
4be2e7f96b4fd749d52dff41f80e39dd,1,0.0,0,0.0,Low Risk
49f8d2ea7b718d0ce587d34207caf2b4,1,0.0,0,0.0,Low Risk
499ec63c58e51296c9cf57edcfe1c8a8,5,0.0,0,0.0,Low Risk
499185655c29ecfdbfe776ef7cf875b5,1,0.0,0,0.0,Low Risk
497709c2976a8fa308730a2dec5b0726,1,0.0,0,0.0,Low Risk
c200c73f9d7e5a08ca439d6a0803da7c,1,0.0,0,0.0,Low Risk
c1f12f926d0ba950578b4fa41115cbb6,2,0.0,0,0.0,Low Risk
c1849d4d32d7a6cecd5aa471809d3135,3,0.0,0,0.0,Low Risk
c18309219e789960add0b2255ca4b091,1,0.0,0,0.0,Low Risk
c157bdeedcbc9a8e3c8bf0d87ff24428,7,0.0,0,0.0,Low Risk
c13fb473e7cb8b83ccd543c094df0608,2,0.0,0,0.0,Low Risk
c13ef0cfbe42f190780f621ce81f2234,1,0.0,0,0.0,Low Risk
c12d7463a579237ffb9248bd7cff378b,1,0.0,0,0.0,Low Risk
c113b8df1fc375bc3d73d29c1b1144d1,3,0.0,0,0.0,Low Risk
48bad451945f5227341793478d6353ea,3,0.0,0,0.0,Low Risk
48b6c3f4c6a93171da04b75313f2130f,2,0.0,0,0.0,Low Risk
48985c61529077fa4f1e38bcff0f2ed3,7,0.0,0,0.0,Low Risk
4867209cb29b56b92893d7bde3ce8012,1,0.0,0,0.0,Low Risk
485452467ff670447e84a8370c3fc898,3,0.0,0,0.0,Low Risk
c353f8fc0ce8344999f17d578eb69a5e,2,0.0,0,0.0,Low Risk
53b0300ca793f9834cd69c0678d35ee8,5,0.0,0,0.0,Low Risk
c3251e13f1bbda6c74e37c160f991e19,2,0.0,0,0.0,Low Risk
c2d70ce2c5d0a2eb75e78668236e6dc8,13,0.0,0,0.0,Low Risk
c2bda99904207edd1834f03e0022b007,2,0.0,0,0.0,Low Risk
c286ec035ee04ba81c97508f0b5df544,2,0.0,0,0.0,Low Risk
c26ba52cf8d2f34915f2f6b7ffa0a3f3,4,0.0,0,0.0,Low Risk
c240c4061717ac1806ae6ee72be3533b,1,0.0,0,0.0,Low Risk
4a82c4af97ffc0fb2dc26bfdc03b1842,3,0.0,0,0.0,Low Risk
4a5b36211b1f51bf7eaa5c10a57fa483,1,0.0,0,0.0,Low Risk
4a23adac87cf538689fa600d976f78b2,3,0.0,0,0.0,Low Risk
466222e777149751370e7e98fb623b0c,1,0.0,0,0.0,Low Risk
024b564ae893ce8e9bfa02c10a401ece,2,0.0,0,0.0,Low Risk
45c20d94d9171b0bcfab3c955e47d67b,4,0.0,0,0.0,Low Risk
c43d924a0f1688ee9fae0efcd6f539d4,1,0.0,0,0.0,Low Risk
011b0eaba87386a2ae96a7d32bb531d1,1,0.0,0,0.0,Low Risk
c3f5668699a1b04c0fa61ecea1e2bff6,3,0.0,0,0.0,Low Risk
c3ee2331a724e6fc02c4b698b57a73f3,2,0.0,0,0.0,Low Risk
c3e2398fcc7e581cda2e546557bf6968,1,0.0,0,0.0,Low Risk
c3aad7dc65449ae90a5e9c3c6c1e78e0,6,0.0,0,0.0,Low Risk
c398bc00a606d33758afd91f4e64fd15,2,0.0,0,0.0,Low Risk
c394e193cda3b4225ff2094d32184849,3,0.0,0,0.0,Low Risk
4965a7002cca77301c82d3f91b82e1a9,1,0.0,0,0.0,Low Risk
49383af7ab774e4e8f3000f49c83dc4b,8,0.0,0,0.0,Low Risk
48efc9d94a9834137efd9ea76b065a38,33,0.0,0,0.0,Low Risk
48e954b2da4f6a750c844173b347ed40,2,0.0,0,0.0,Low Risk
48e5ee06fb2dc74df1c711a9b6dfac2a,1,0.0,0,0.0,Low Risk
44ed138eca6214d572ce1d813fb0049b,2,0.0,0,0.0,Low Risk
447d377bdb757058acb569025ee18a93,1,0.0,0,0.0,Low Risk
44717f64ec2a457979cf83c429077666,2,0.0,0,0.0,Low Risk
446cc09cdbb130904da114e807dbec40,3,0.0,0,0.0,Low Risk
4450bd8327d471c4a11a83d1445b1b62,1,0.0,0,0.0,Low Risk
c5ebe6598748b0aeaa61cfb820478b92,3,0.0,0,0.0,Low Risk
c5e60e39c0f42b8e827daa13cff74afa,6,0.0,0,0.0,Low Risk
c54679b132454625907c773d273d4126,7,0.0,0,0.0,Low Risk
c542f5a8c64d973f30e9df8d06f70b4a,1,0.0,0,0.0,Low Risk
c52c644cc0dc85121207a27013efc6af,1,0.0,0,0.0,Low Risk
c4af86330efa7a2620772227d2d670c9,4,0.0,0,0.0,Low Risk
483ca627d131e18f988349b1655c0acd,1,0.0,0,0.0,Low Risk
47f55702f598c7c6cc8458b0fbc1c49a,2,0.0,0,0.0,Low Risk
478bfe564db21eeb44386606aa30b650,3,0.0,0,0.0,Low Risk
46ef1a25845fc051c2998d878354810c,5,0.0,0,0.0,Low Risk
4677a5437afda5fa7140b927b07be1cc,11,0.0,0,0.0,Low Risk
003554e2dce176b5555353e4f3555ac8,1,0.0,0,0.0,Low Risk
43a1d4bab73b816e44ef4e4facd9f9b5,1,0.0,0,0.0,Low Risk
4391ea5c5990502176a1dcda44a2373d,3,0.0,0,0.0,Low Risk
43753b27d77860f1654aa72e251a7878,1,0.0,0,0.0,Low Risk
436bf27f2f18474fc6047702e9f8a866,1,0.0,0,0.0,Low Risk
432c67955c0acd1fd6b0b5d678766a71,3,0.0,0,0.0,Low Risk
c70a353f02429c00775a46a75fb787da,6,0.0,0,0.0,Low Risk
830379336fad8c6f3b15a4a3ddb5c66e,2,0.0,0,0.0,Low Risk
c611f4ce9ce875bcc063fa97fd4d7d12,1,0.0,0,0.0,Low Risk
c5f7e746b7e6d07def6c0dae9903279b,10,0.0,0,0.0,Low Risk
45a3d05fb00435e52a28859dd03703b3,1,0.0,0,0.0,Low Risk
458d868c9642f55f18f04e951a3fdde6,2,0.0,0,0.0,Low Risk
457fe919b032a3f7dadba6fb92cf7855,9,0.0,0,0.0,Low Risk
455f46ef09a9e45667e2981df84b5cc2,2,0.0,0,0.0,Low Risk
455c5640e8c5bd1b2ee85c0158f85727,8,0.0,0,0.0,Low Risk
455befea1bb853c75ccbca94cff26e5c,1,0.0,0,0.0,Low Risk
40ec8ab6cdafbcc4f544da38c67da39a,2,0.0,0,0.0,Low Risk
c8025364abeecb115431bf95c11a747f,2,0.0,0,0.0,Low Risk
c7c7b2682c648339a0e9846bb1023a39,2,0.0,0,0.0,Low Risk
82cb9f452fe8334df74b22d37824b431,14,0.0,0,0.0,Low Risk
c76d418370990614e89e956c7a7567d9,2,0.0,0,0.0,Low Risk
c74f14c1e26cf1bd5bd34b6a1e274426,1,0.0,0,0.0,Low Risk
c747d5b92c7648417faea95d36d763e8,1,0.0,0,0.0,Low Risk
c7246702dc991a06d788120dc7544391,1,0.0,0,0.0,Low Risk
c716e0b86ed568878475b60fbb6323ad,1,0.0,0,0.0,Low Risk
431050a06a317f2b38168dec3dcd2b46,12,0.0,0,0.0,Low Risk
42fb44130ac3134cde8e35cf8ec7df25,3,0.0,0,0.0,Low Risk
42fa4ee7240e9b8eb4576358ec142ba7,22,0.0,0,0.0,Low Risk
82921991ff5b557b045605b8bbf08d49,1,0.0,0,0.0,Low Risk
42b6488f5b8246d9141712abd4b1b693,2,0.0,0,0.0,Low Risk
422be4cc81a457fdb46f47edeb968ae5,1,0.0,0,0.0,Low Risk
4221a7df464f1fe2955934e30ff3a5a1,5,0.0,0,0.0,Low Risk
3fefda3299e6dfaea3466ef346a3571a,1,0.0,0,0.0,Low Risk
3fe7120d6257285ac6a3ce7cb071ccec,2,0.0,0,0.0,Low Risk
3faf68a3b0af94b10bac70d86077be49,7,0.0,0,0.0,Low Risk
c88f62b4c386a59281014d677864d016,1,0.0,0,0.0,Low Risk
c8771b1a10bb99bb34d3c459c5cffb53,1,0.0,0,0.0,Low Risk
c8665a4dd081a2c436b1cd921079d0d9,1,0.0,0,0.0,Low Risk
c8660dcf9ba70575f45d80fe28c27713,4,0.0,0,0.0,Low Risk
c85d7b477a709c85a1e8b8f25aa1b270,1,0.0,0,0.0,Low Risk
c8143b3069f6746a77421b5ce30a450c,1,0.0,0,0.0,Low Risk
41e0fa5761c886a630994a55c12087e7,5,0.0,0,0.0,Low Risk
41da412d33e8da4f22baf55cb1bde82c,15,0.0,0,0.0,Low Risk
41c9d3997dd3c072c31139dc5bb5761f,3,0.0,0,0.0,Low Risk
41c2bad7229b0c25e6becf179ebf63ff,20,0.0,0,0.0,Low Risk
41958cbd3335433c8740300e8cd600d5,1,0.0,0,0.0,Low Risk
417a1e6c7321084d2a0ae0d023cfad93,1,0.0,0,0.0,Low Risk
4125d9385a25e82d2f72d3a0fd55bc3f,1,0.0,0,0.0,Low Risk
3ea08c48e851106d2f584349daba335f,1,0.0,0,0.0,Low Risk
3ea00e1dea2b0659dbaf654735929220,7,0.0,0,0.0,Low Risk
3e8bd881d92466e63ba9e3e809cd3c50,9,0.0,0,0.0,Low Risk
3e51f9cbe317bc3a88f2c76583811ee4,1,0.0,0,0.0,Low Risk
c9e5ad1f6647f5dbd1172adf6ae3cada,4,0.0,0,0.0,Low Risk
c9d2ba8dde44a275ae06475ed1d2fafc,1,0.0,0,0.0,Low Risk
850857dfac77488c307e2b1cbd84ab5a,1,0.0,0,0.0,Low Risk
c963a25b8671419c6ce9eebe8fd03218,1,0.0,0,0.0,Low Risk
c8e135e7b21ecbc36c1153a29d2f5a06,7,0.0,0,0.0,Low Risk
c8cc60ffd415254af5d9b9f34f32c369,8,0.0,0,0.0,Low Risk
c8c1bea22194a4eefa2dc9a9fa89f536,7,0.0,0,0.0,Low Risk
40536e7ca18e1bce252828e5876466cc,2,0.0,0,0.0,Low Risk
404e1ba01358af4cd63f679b2c4d1fa1,8,0.0,0,0.0,Low Risk
4049512728d969bec69f84088b012416,7,0.0,0,0.0,Low Risk
402916f742e5c740cc751493d9cf5053,9,0.0,0,0.0,Low Risk
400f221ab83037c0ea78f1267da9624d,1,0.0,0,0.0,Low Risk
3d68c634a99a1ba46dbca3967a69c623,2,0.0,0,0.0,Low Risk
3d62f86afa7c73be2628a3be1423f5a0,2,0.0,0,0.0,Low Risk
3d621842b2ed28e2b474132480edac3c,10,0.0,0,0.0,Low Risk
cb162c8eef257253782d245c08d9097c,1,0.0,0,0.0,Low Risk
cb0b3bcf14e0a709df412a99424a59d7,2,0.0,0,0.0,Low Risk
84deb808079d1be601c209c1e771b1cc,2,0.0,0,0.0,Low Risk
cad10cc982ab6a391570c211b995c17c,1,0.0,0,0.0,Low Risk
cac63f48c38cd7d002a7e846dcd99a23,10,0.0,0,0.0,Low Risk
cac4e0bc1a3269fa2b6ea5e763f6115b,2,0.0,0,0.0,Low Risk
caa9bc43a9fe8cf9c564ddd8a03cc4a6,13,0.0,0,0.0,Low Risk
84c945f15571830c1a91a33978e94009,2,0.0,0,0.0,Low Risk
ca77545ca4d2dfd1431bf61334e2fa3c,6,0.0,0,0.0,Low Risk
3f9c56764fabca627406093dcb3ef0b4,7,0.0,0,0.0,Low Risk
3f84fefc07dc159b268d4a77d3e8c425,3,0.0,0,0.0,Low Risk
3f8247d0f772ffa58560e5c682521ad5,1,0.0,0,0.0,Low Risk
3ef37b7ca6dd2b80bd8af81a62504996,2,0.0,0,0.0,Low Risk
3d290fe363c60a77498c1126fd3fb8d3,3,0.0,0,0.0,Low Risk
3d2400ac620cffa23ac81bd192f7f555,1,0.0,0,0.0,Low Risk
3d0cd21d41671c46f82cd11176bf7277,9,0.0,0,0.0,Low Risk
3cfa1358a6caa965278721344c8d76f2,5,0.0,0,0.0,Low Risk
3ca08eeb8d5595949fed424bd3677742,14,0.0,0,0.0,Low Risk
3c88ed2e76a2247933a15daa7161eb1c,1,0.0,0,0.0,Low Risk
cc80e2f693fa6e2408f47ccf62413fc1,2,0.0,0,0.0,Low Risk
83f2b4881141ce3fcd4e985125d3279e,3,0.0,0,0.0,Low Risk
cbf09e831b0c11f6f23ffb51004db972,10,0.0,0,0.0,Low Risk
cbbd5ae8f53de5f5097cd8217b529e24,2,0.0,0,0.0,Low Risk
cb810bd318f51b3dc3c753944d61a1fa,1,0.0,0,0.0,Low Risk
cb5ff1b9715e99589f3e0c7a6afab9e3,4,0.0,0,0.0,Low Risk
3e46a38ee171c503c3b4a3f23fe3bf0c,1,0.0,0,0.0,Low Risk
3e35a8bb43569389d3cebef0ce820f69,1,0.0,0,0.0,Low Risk
3ded4e2d5f135cb103e5949d7263d2dd,1,0.0,0,0.0,Low Risk
3dc69bf2c42f0568a5c4791ec3fd3745,2,0.0,0,0.0,Low Risk
3bfba5a77604f6dfae7e6dd7aaf65821,4,0.0,0,0.0,Low Risk
3bfad056cf05c00dabe2f895925d83b1,1,0.0,0,0.0,Low Risk
3be5841cdcc46de4ed3f9116f104b2c5,4,0.0,0,0.0,Low Risk
3bb32fedaa74e4ad20f4ce067733bd31,2,0.0,0,0.0,Low Risk
3b18f9856c6eb2413eafedb58e9eecd9,1,0.0,0,0.0,Low Risk
3ac588cd562971392504a9e17130c40b,1,0.0,0,0.0,Low Risk
ce20a2ec1514c25e16f2b5b39bc818f0,4,0.0,0,0.0,Low Risk
cd843d4cf8ef32827de0396605163ba3,5,0.0,0,0.0,Low Risk
cd52a8efd71af3336b14b5039b951cc1,3,0.0,0,0.0,Low Risk
cd233f8bfa30ebfd651f47ee7d054951,1,0.0,0,0.0,Low Risk
cd2169d9f31ff6fbb9ca3373b0c9e354,1,0.0,0,0.0,Low Risk
ccbd753e6863fe7314dc6c0ca5a074e7,1,0.0,0,0.0,Low Risk
ffad1e7127fb622cb64a900751590acd,10,0.0,0,0.0,Low Risk
3d4b1ae7539303b5704493798893e82c,6,0.0,0,0.0,Low Risk
3d49bfdd1b43a7fe169b3740067acc61,3,0.0,0,0.0,Low Risk
3d39fbf22a665714baf62fae36029e23,8,0.0,0,0.0,Low Risk
38af8acfd46ac4a7bf754e8ca6736664,5,0.0,0,0.0,Low Risk
cf1313c6e2c01c2f4b014f97db4bcd2b,5,0.0,0,0.0,Low Risk
ceb7b4fb9401cd378de7886317ad1b47,1,0.0,0,0.0,Low Risk
ce616e1913288884e7742faac9d981db,15,0.0,0,0.0,Low Risk
ce4755084bc097113867e6454f8f5e52,1,0.0,0,0.0,Low Risk
ce3ad9de960102d0677a81f5d0bb7b2d,1,0.0,0,0.0,Low Risk
ce33c6211beaa8fef4cae8b52db39862,1,0.0,0,0.0,Low Risk
3aa3c89ae3cd482385568be76120f63c,1,0.0,0,0.0,Low Risk
3a734b715d333a2588a3d54a0c9b8746,18,0.0,0,0.0,Low Risk
ff314fa6033cc68ec451c47aee2d6ba4,2,0.0,0,0.0,Low Risk
3a490ba60afa30ece0e7d50cfe74a4f0,8,0.0,0,0.0,Low Risk
ff1e15b778c700abdd4d239b81ac466d,7,0.0,0,0.0,Low Risk
3a3c180dd702a725bd0ba4117689239e,1,0.0,0,0.0,Low Risk
39a5005f2605cbdb4f9ac14485cabfd1,3,0.0,0,0.0,Low Risk
398cb257329ef7af7f1943a8974a3cbc,1,0.0,0,0.0,Low Risk
3c010235b7345c92f125d14ee232a76b,15,0.0,0,0.0,Low Risk
389e45560e33d2d0747f949dcddbc08e,1,0.0,0,0.0,Low Risk
38874e327ce94d11390b96eb42d61928,6,0.0,0,0.0,Low Risk
01bcc9d254a0143f0ce9791b960b2a47,11,0.0,0,0.0,Low Risk
38102b031c2a15e54623d711bfc753d3,9,0.0,0,0.0,Low Risk
3785b653b1b82de85ab47dd139938091,21,0.0,0,0.0,Low Risk
377bc18334c78dd2f1535ef22a3ad225,1,0.0,0,0.0,Low Risk
376d67b61dce0c990155286e7ae486a4,1,0.0,0,0.0,Low Risk
d149de2f383552baea37a7198c2296ce,3,0.0,0,0.0,Low Risk
cf6f6bc4df3999b9c6440f124fb2f687,1,0.0,0,0.0,Low Risk
cf654707ed6a99f112c7ec3d6f314b8b,3,0.0,0,0.0,Low Risk
3986c0b54f6b748b75e7bd4e092aa3e5,1,0.0,0,0.0,Low Risk
397c4d0c005b6f41f90098ac724e28cb,5,0.0,0,0.0,Low Risk
392f7f2c797e4dc077e4311bde2ab8ce,2,0.0,0,0.0,Low Risk
392353362d22cc2c236e1ee81ff19890,5,0.0,0,0.0,Low Risk
3903c788ded8dc03b5ebab37a2f3e9a1,5,0.0,0,0.0,Low Risk
38f276ca6e7cc95a6d1bb55ac9e5550f,1,0.0,0,0.0,Low Risk
01266d4c46afa519678d16a8b683d325,3,0.0,0,0.0,Low Risk
d2572f31e9023e9850ef986a636ff9bf,1,0.0,0,0.0,Low Risk
d1ef48b38baca7e831711c4a0aeb398f,29,0.0,0,0.0,Low Risk
d1e2fe627180431ffda076abb303c56f,1,0.0,0,0.0,Low Risk
d1aa1ec0839dcab73a6161130eb1f94a,1,0.0,0,0.0,Low Risk
d197aa8fbc64087f61984deef05f6227,6,0.0,0,0.0,Low Risk
d180e07dc1e58c31c3f0cd599dc4d945,1,0.0,0,0.0,Low Risk
d17f467e4bf608a510c20d82f4ba3b6b,12,0.0,0,0.0,Low Risk
37303482a42fb700d8d127e70a9cd6c8,2,0.0,0,0.0,Low Risk
36f98ad67cc981f50ce8aed093d5783c,2,0.0,0,0.0,Low Risk
365e4bce19bda0082c3d15d83fdb8bcd,6,0.0,0,0.0,Low Risk
365e445f796710c3431557e85caa25db,4,0.0,0,0.0,Low Risk
3606774ec64634822d78dc2db6d37045,2,0.0,0,0.0,Low Risk
00d8b143d12632bad99c0ad66ad52825,1,0.0,0,0.0,Low Risk
35b96509602ec4b7da831b5cd73ff2c2,2,0.0,0,0.0,Low Risk
35281d148dcf7134bae913c57db4e6da,1,0.0,0,0.0,Low Risk
32f83ffe11cd40f7adcf4eef171f52d9,1,0.0,0,0.0,Low Risk
d3e7d37c0df9aef383f3f2a15b0dddfb,1,0.0,0,0.0,Low Risk
d3891911c2feae53c52fea2bd14054e5,2,0.0,0,0.0,Low Risk
d36b07fd3c5088e477a72d1fccfe29d4,1,0.0,0,0.0,Low Risk
d354c38a7182125a748cb10474fe963b,18,0.0,0,0.0,Low Risk
d2f3e277560ed4c6361284429b00f037,7,0.0,0,0.0,Low Risk
d297f1055de2956aedfd3b04113dce3e,1,0.0,0,0.0,Low Risk
d26aa40b90272d4843d63be7c1462c8d,2,0.0,0,0.0,Low Risk
d263fa444c1504a75cbca5cc465f592a,1,0.0,0,0.0,Low Risk
34f563c82a85b99ae9e6d60db5fc2e28,8,0.0,0,0.0,Low Risk
34aefe746cd81b7f3b23253ea28bef39,1,0.0,0,0.0,Low Risk
34a557286ead8fe75c989e0afcf7d98c,4,0.0,0,0.0,Low Risk
34675b28b826facfde119785bf287dc1,1,0.0,0,0.0,Low Risk
822b63912576852aea9a8436d72317b7,8,0.0,0,0.0,Low Risk
3442033154be05bac582e173ef54fd12,1,0.0,0,0.0,Low Risk
33fd411ed63a7c2f9005e3f065d9f85d,1,0.0,0,0.0,Low Risk
31be790e64fc99f8ff48ec2bd18a3104,6,0.0,0,0.0,Low Risk
d558ebe531605a1285ab2b1bc3256dfb,3,0.0,0,0.0,Low Risk
d52cbce9845184537284a23c3bc3da0e,2,0.0,0,0.0,Low Risk
d4ffeb15b67e81ff9af2b4252d99fb7e,11,0.0,0,0.0,Low Risk
d4f91e8be86b38da2ee35bc489645a9d,1,0.0,0,0.0,Low Risk
d4f117125b59ce73c3302f88ee40c458,17,0.0,0,0.0,Low Risk
820c7c9eaf76d2b226b6c242bcf3f34d,1,0.0,0,0.0,Low Risk
d4d99b60c4c94cd35acd502cec65dc8d,1,0.0,0,0.0,Low Risk
d4910f1cdcfdabd48d6b316e395d4a23,11,0.0,0,0.0,Low Risk
33cbda8716511e27e556dff9d8418bf2,5,0.0,0,0.0,Low Risk
33cbbec1e7e1044aaf11d152172c776f,15,0.0,0,0.0,Low Risk
33ab10be054370c254ddfcf0a6253422,4,0.0,0,0.0,Low Risk
334cab711dee080b079fa5779b584783,11,0.0,0,0.0,Low Risk
333c4210e76a1aa2ab817b99437e3ff1,2,0.0,0,0.0,Low Risk
3338e7a0710a195872be80e0d2423867,1,0.0,0,0.0,Low Risk
32fdd5d44ecb43dfd6a24b9369eca144,8,0.0,0,0.0,Low Risk
2fb25ab44bdbeae6a4d816e0d0c9d500,5,0.0,0,0.0,Low Risk
2fa13c8bd5705d279f7ed5cc9ec61c68,2,0.0,0,0.0,Low Risk
2f9b7ce230a057a98a9f5df5893ee36c,2,0.0,0,0.0,Low Risk
d66c11a9572221d92fbb8c4897db5f9b,16,0.0,0,0.0,Low Risk
d63f306de130e0391d38a792541723b8,1,0.0,0,0.0,Low Risk
d63c73efd41eb002280e7ec831424edb,2,0.0,0,0.0,Low Risk
d624126b9206f595fb3fbb6ba03b28a8,23,0.0,0,0.0,Low Risk
d598f929fc44e1e38678e7f47250ec04,1,0.0,0,0.0,Low Risk
d58d521f3789def2e7a22715e0badd93,2,0.0,0,0.0,Low Risk
81ed90f07c0bacb7594940ba2ef676aa,2,0.0,0,0.0,Low Risk
32e5635e63cb374eb63afdd242fb6134,1,0.0,0,0.0,Low Risk
3296662b1331dea51e744505065ae889,1,0.0,0,0.0,Low Risk
328acb143b4a73aad6bee8e734f5d20d,2,0.0,0,0.0,Low Risk
3289d8c3eef4873f91ce0b1343c0dd58,1,0.0,0,0.0,Low Risk
31eec405c9bb71dec8e2629a92e764fa,5,0.0,0,0.0,Low Risk
31e60bf8d103ce47932a85f5562deb16,1,0.0,0,0.0,Low Risk
2ef086a599b597572aca4433b7ed6b3d,1,0.0,0,0.0,Low Risk
2eeb6531ee027a48d401e72bebdd87d3,3,0.0,0,0.0,Low Risk
2ee0a0689f2f6a72f35a7cb6033f6e7e,4,0.0,0,0.0,Low Risk
8185694b58b2ba6de20fd41ae608bbea,8,0.0,0,0.0,Low Risk
2e7ea2aafec5835e781b21d6d1faf1f1,7,0.0,0,0.0,Low Risk
d8c7ba53e7e38711eaef8c2849d6d2e1,22,0.0,0,0.0,Low Risk
d8bf0fc082fd4a77fc2e5679b6c00133,1,0.0,0,0.0,Low Risk
d8b8f2cf9ff6ba0389072541cb42498c,1,0.0,0,0.0,Low Risk
d85efbc8eff2b7adf524e2820569adc8,1,0.0,0,0.0,Low Risk
d7f1cfc638473be93baedbfd02208016,1,0.0,0,0.0,Low Risk
d7d517afce974cd491b8d52bb5b5b1fc,1,0.0,0,0.0,Low Risk
d7ab82074b5f1dfba46db123df101bff,2,0.0,0,0.0,Low Risk
d7827b2af99326a03b0ed9c7a24db0d3,1,0.0,0,0.0,Low Risk
d6b664fa0667064c6d76394e7848d790,6,0.0,0,0.0,Low Risk
30a81d8cf85fb2ada1b1b094c9583a95,17,0.0,0,0.0,Low Risk
2ff6b7bff164ef05590a52734e1296da,7,0.0,0,0.0,Low Risk
2c2c9832d1bb38c5b0034a3b47d313ee,1,0.0,0,0.0,Low Risk
2c00c85d30361cd2ced2969cffbbffa3,1,0.0,0,0.0,Low Risk
d9b00a97818674c7f8d8b1ef0e689679,1,0.0,0,0.0,Low Risk
d94ba08b99bedd6a5f6c875ecc4a6fac,9,0.0,0,0.0,Low Risk
d93b8458c6fe139d85cfa5eadbf55bd2,1,0.0,0,0.0,Low Risk
d90fe2229fee1a5da999ccd0c06c1667,3,0.0,0,0.0,Low Risk
817f85dbb65aa3e70831d90fe75cdf89,11,0.0,0,0.0,Low Risk
2d9e8987a2ea5cf88dce330249043ff1,2,0.0,0,0.0,Low Risk
2d8cfba3fcd3170555941605edaa196a,1,0.0,0,0.0,Low Risk
2d518637f53161b973e01f56ea4bb88e,13,0.0,0,0.0,Low Risk
2d378dbb39815785238c0139c7647fb7,2,0.0,0,0.0,Low Risk
2d34636518ba88f5349b732fcf8ba2e4,1,0.0,0,0.0,Low Risk
2f4b9d112bfa44a214bc6cef085d17c8,5,0.0,0,0.0,Low Risk
2f4b0d3b9634b647d4edee577d7ebb7e,10,0.0,0,0.0,Low Risk
2f3d8b4c9e2ee165075331fea3f3095a,1,0.0,0,0.0,Low Risk
2f1e7b90e01d9f086cbcb301c0c3d406,1,0.0,0,0.0,Low Risk
2aafae69bf4c41fbd94053d9413e87ee,2,0.0,0,0.0,Low Risk
da6a60cc8cc724fe51be021ff8be779c,12,0.0,0,0.0,Low Risk
da4d149c0ddbac90557103ac0a0ec356,1,0.0,0,0.0,Low Risk
da3fede3469bf49b7293ce3fc45b294d,1,0.0,0,0.0,Low Risk
da20530872245d6cd9d2f5725613c430,2,0.0,0,0.0,Low Risk
da03c298e3999e9d828591fc2179d109,4,0.0,0,0.0,Low Risk
d9cd369bffa979d1634f8e1318bf2f1b,3,0.0,0,0.0,Low Risk
d9c349beabc06aa6ff1c6d68b5e9e22e,1,0.0,0,0.0,Low Risk
2d2322d842118867781fc737e96d59a1,8,0.0,0,0.0,Low Risk
2d22fc3089eb907b29ebff50581fb472,3,0.0,0,0.0,Low Risk
2d20f1cd18725c91147da0791d498022,1,0.0,0,0.0,Low Risk
2cb98e27ce1c18abdb42209b34c382a7,1,0.0,0,0.0,Low Risk
2c9005d8043aff18b8557ffb7b13cda4,1,0.0,0,0.0,Low Risk
2c54051840f19eca309a5423cf22df36,2,0.0,0,0.0,Low Risk
2c538755f1ca9540af144f266e70df6c,1,0.0,0,0.0,Low Risk
2c4c47cb51acd5ea5db5e0ae0e26542a,12,0.0,0,0.0,Low Risk
29e6e05b65f93bc224c644319dc52ecf,4,0.0,0,0.0,Low Risk
29c322e3f09f886f8bacbe91dfbd979e,1,0.0,0,0.0,Low Risk
299c89a525fee36c567f4fe72f038100,2,0.0,0,0.0,Low Risk
297d5eccd19fa9a83b2630071ff105e4,8,0.0,0,0.0,Low Risk
296729ffb9b684050dd24836dac4494a,2,0.0,0,0.0,Low Risk
dbc51f5e45d654ecc16cb68e6817ecea,1,0.0,0,0.0,Low Risk
86bf77bdb52e615674772d5817c6212f,4,0.0,0,0.0,Low Risk
db7ed69a53aa9fb1c01930ba54a88bbe,1,0.0,0,0.0,Low Risk
db6a4d4b5f1f5f98820ce6ce2619e2de,1,0.0,0,0.0,Low Risk
db1f0f7c7e5e87f40b62226f020bb297,3,0.0,0,0.0,Low Risk
2bdb95a56a36ebbc6640337ac5eac174,1,0.0,0,0.0,Low Risk
2bd05d410a8fd26dc4184a15f4f2f588,6,0.0,0,0.0,Low Risk
2b5ed0c9139dae8883a200dfcb272ece,4,0.0,0,0.0,Low Risk
2b402d5dc42554061f8ea98d1916f148,1,0.0,0,0.0,Low Risk
2b2fed75b8e5ea3a052fc4c0825da485,3,0.0,0,0.0,Low Risk
2addf05f476d0637864454e93ba673d5,12,0.0,0,0.0,Low Risk
28c7d8743fbc8679f484868cc0fcaefb,3,0.0,0,0.0,Low Risk
28a26ebce31d5918b181ede016fd693b,1,0.0,0,0.0,Low Risk
28872dc528e978a639754bc8c2ce5a4c,1,0.0,0,0.0,Low Risk
28405831a29823802aa22c084cfd0649,7,0.0,0,0.0,Low Risk
dd58ee93286b0821565574c570e9e1dc,2,0.0,0,0.0,Low Risk
dd5450b022b2d00a2145a66331e1aef6,1,0.0,0,0.0,Low Risk
dd4d95ba2d15c071e6c695e2ef6ce169,4,0.0,0,0.0,Low Risk
dd39ad39b5d3df33037e141c72497ba6,2,0.0,0,0.0,Low Risk
dd264199fc8b687ad029de7de6d760e6,1,0.0,0,0.0,Low Risk
dcf3755cefcdc158ad0b7bdde51e871b,3,0.0,0,0.0,Low Risk
dcb7367a92f5ffb89f1e2152ed260285,1,0.0,0,0.0,Low Risk
dc64d75cc406bb0697be983831430e60,4,0.0,0,0.0,Low Risk
dc50afafdfa325eadc890c7fa42a8f4e,4,0.0,0,0.0,Low Risk
866558b3bccef2dbc6d29a2b5995016f,5,0.0,0,0.0,Low Risk
2a73cba571d90c694b7caca072ccf6ce,1,0.0,0,0.0,Low Risk
2a167ca73899c85001a837d8fb4962f6,2,0.0,0,0.0,Low Risk
26bad72add1f86e08a776ce4ffdaf1ca,7,0.0,0,0.0,Low Risk
26b482dccfa29bd2e40703ba45523702,3,0.0,0,0.0,Low Risk
dedcab67899479e4ea5dcc4eba47f587,2,0.0,0,0.0,Low Risk
debe6615cd90cc0c2eac2b8988e1f628,5,0.0,0,0.0,Low Risk
85ecf03781da592876b7844acc1b729f,2,0.0,0,0.0,Low Risk
dde698c6d0bd24834c586e5111c2bba7,1,0.0,0,0.0,Low Risk
ddd51ae8cda92f3995a51fc0f0f3eec7,8,0.0,0,0.0,Low Risk
dda37071807e404c5bb2a1590c66326f,1,0.0,0,0.0,Low Risk
dd9661d3cda1e6feb237f0c4d8b26f2e,1,0.0,0,0.0,Low Risk
dd8a29ce82d5c705ba932d81494600a5,2,0.0,0,0.0,Low Risk
dd88d13bea9e4c2bf47daf224f8141e5,1,0.0,0,0.0,Low Risk
85e7c62c1d6ea078c3897424f867a7c8,2,0.0,0,0.0,Low Risk
293dee954235e4e4e43f129313625ebe,8,0.0,0,0.0,Low Risk
28fb0829fd777877cdc350d25cb5bd5b,4,0.0,0,0.0,Low Risk
28ea411b354f14b1a494be4e79f0ce02,6,0.0,0,0.0,Low Risk
28d162ab86bb49d719c32f0ee6186eaa,1,0.0,0,0.0,Low Risk
26562f211dd1364af2a8596dc945e8ae,2,0.0,0,0.0,Low Risk
262237171f48e85819065498cac80d7b,4,0.0,0,0.0,Low Risk
83d458c0d6d4f94295d63f091460bd60,1,0.0,0,0.0,Low Risk
25be943a321c8938947bdaabca979a90,5,0.0,0,0.0,Low Risk
258447aad3f7b01e2643c89f64dc5647,1,0.0,0,0.0,Low Risk
e0487761face83d64fcada2408959a36,2,0.0,0,0.0,Low Risk
e0482f2c769468c3bbcd8a01e09d98c5,1,0.0,0,0.0,Low Risk
e00d85ce20ea50c1224c66ca5050527d,1,0.0,0,0.0,Low Risk
df91910b6a03bb2e3358fa6a35e32f6f,14,0.0,0,0.0,Low Risk
83c8aafbefb034674a70de0eac5b8954,2,0.0,0,0.0,Low Risk
271b8923c6a549e02d3c9fd1f8c0422b,1,0.0,0,0.0,Low Risk
270572bb714b00531be85e16e1550f26,1,0.0,0,0.0,Low Risk
83c465a786b06574376909b35ef6752a,3,0.0,0,0.0,Low Risk
26e2e5033827d2ba53929f43e03d8ffe,1,0.0,0,0.0,Low Risk
83a75eea11694e36e56dd0cb2240229a,3,0.0,0,0.0,Low Risk
26d6bbee02420494d471c9f6436929c0,12,0.0,0,0.0,Low Risk
23ff42c4bf1f8f16cddb19d8b972974a,2,0.0,0,0.0,Low Risk
e1c76f339ebd5460999f25a2aa8c92c5,1,0.0,0,0.0,Low Risk
e1bed63d68ac36fe1f3061befe196af5,1,0.0,0,0.0,Low Risk
83645b1645cdee8953ee54c29ceed564,14,0.0,0,0.0,Low Risk
e1a210d482714ce337763a19aef94ba4,1,0.0,0,0.0,Low Risk
e174dc2de86d60fee178170a154c05e7,1,0.0,0,0.0,Low Risk
e1643dff33666ca629e3644c02738179,3,0.0,0,0.0,Low Risk
e116c7455dd26a4d8c3e92532583905f,1,0.0,0,0.0,Low Risk
e0eabded302882513ced4ea3eb0c7059,8,0.0,0,0.0,Low Risk
e0b162a693bc7f9eab00f783a31d60ea,1,0.0,0,0.0,Low Risk
e0a3c37054ade6478d923a6efc10f308,2,0.0,0,0.0,Low Risk
80cfd480be3eb6d6267139f5cb793555,1,0.0,0,0.0,Low Risk
269cff2d3c8d205c11f37a52402ea93b,4,0.0,0,0.0,Low Risk
269c5fc9fcadee614364c3620c30a1f9,3,0.0,0,0.0,Low Risk
80ceebb4ee9b31afb6c6a916a574a1e2,1,0.0,0,0.0,Low Risk
265fdc289dffa9f1ad801c74f7d0de47,1,0.0,0,0.0,Low Risk
22a23e5ac7061fc538cc2a019afaaf16,1,0.0,0,0.0,Low Risk
228e4c1a0be164f613d41c24345f9d2c,5,0.0,0,0.0,Low Risk
2235cf78d3e2073a88146a9cb60f0dd0,1,0.0,0,0.0,Low Risk
21e83881401b92b49fb09a16d3852291,14,0.0,0,0.0,Low Risk
e4253cef933647000a82ff39c67b7bde,2,0.0,0,0.0,Low Risk
e3d3b3efac954a60d61be70b7e05b49b,3,0.0,0,0.0,Low Risk
e3b4998c7a498169dc7bce44e6bb6277,3,0.0,0,0.0,Low Risk
e2c92f9c1c7746d899d18f2e158bbff7,14,0.0,0,0.0,Low Risk
e2a1ac9bf33e5549a2a4f834e70df2f8,5,0.0,0,0.0,Low Risk
257e61d3251fb5efb9daadddbc2cf7ca,12,0.0,0,0.0,Low Risk
253f95b3a0e6983ae18aed49fbc2b845,5,0.0,0,0.0,Low Risk
253c025bab43881055aeecde5e2d8b77,2,0.0,0,0.0,Low Risk
24c1de8d9551c0b4fbc53317d53efda8,1,0.0,0,0.0,Low Risk
24a6daf925d9d591870a66660416de31,2,0.0,0,0.0,Low Risk
2493dc3f20131696a0ecdb9948051a8d,4,0.0,0,0.0,Low Risk
247587846358bb1d2e4c6522020b36fe,1,0.0,0,0.0,Low Risk
20fd2d2080ed85fa67fad3fcbb2c1813,1,0.0,0,0.0,Low Risk
20f0aeea30bc3b8c4420be8ced4226c0,1,0.0,0,0.0,Low Risk
809413606dbfe5deefd2db646693ef67,3,0.0,0,0.0,Low Risk
e546117ed9cafbc40239c0c78635c584,2,0.0,0,0.0,Low Risk
e53d5b9b29d1218281f4a907ada18626,4,0.0,0,0.0,Low Risk
e51f22821f0c12a16ad5c020cdcd55e9,4,0.0,0,0.0,Low Risk
e503f22be6a4f456d9851920a5d9c670,2,0.0,0,0.0,Low Risk
e4fc40017a6d22c46a14ac2e17f87c3e,3,0.0,0,0.0,Low Risk
8060d731897e33b5c5ae575ce1e209e1,5,0.0,0,0.0,Low Risk
e4ebd3f87bf70440014f07ddda7fbe03,7,0.0,0,0.0,Low Risk
e45edf75f568ed2f93f78d060e246e25,6,0.0,0,0.0,Low Risk
804287717b9156fb7a787acd9af4fac1,1,0.0,0,0.0,Low Risk
e433f5fd4050e3352b5d83522b7fe24b,1,0.0,0,0.0,Low Risk
23ca5f678e0b3ea6c630b30fa8bf51ea,6,0.0,0,0.0,Low Risk
80146bc52c4f6af5239b23de2a20262b,1,0.0,0,0.0,Low Risk
22c32ec35d0116ef02c281798a25bf8b,4,0.0,0,0.0,Low Risk
2039c5e51785b5dde7cf93ccb3b7be2c,1,0.0,0,0.0,Low Risk
1fe61aa5494bd3ae92a2c13e067c810f,1,0.0,0,0.0,Low Risk
1fdc574883ef3b33ad41562d93f3a74a,18,0.0,0,0.0,Low Risk
e5def42655b7490edac5a56fe8e9e603,1,0.0,0,0.0,Low Risk
e5d4b2b0c3bca22085f7a19a28de0c42,4,0.0,0,0.0,Low Risk
e5cbe890e679490127e9a390b46bbd20,2,0.0,0,0.0,Low Risk
e5c84227854980f1db19a58958c551d9,4,0.0,0,0.0,Low Risk
e59e575a175fadcadf8479e191770425,1,0.0,0,0.0,Low Risk
e595809a6c31ec4314fd06ef198c244d,1,0.0,0,0.0,Low Risk
e58a5b390e28abc0b216cfb0e07d27d7,7,0.0,0,0.0,Low Risk
e5899683388855d3dabe8913bbe365de,3,0.0,0,0.0,Low Risk
e560e4022d8f7aebf155db95946c5c0f,2,0.0,0,0.0,Low Risk
e5545d4d4473876ea78c5bcebca365c3,1,0.0,0,0.0,Low Risk
21d59342ba150175ca2aa4f8faddeca6,2,0.0,0,0.0,Low Risk
21c62b998a043ebe31161d38f84929fc,4,0.0,0,0.0,Low Risk
217f005bb37ff3aeef5b2ae1788e75ba,3,0.0,0,0.0,Low Risk
1e47defeeadeca0e9a18fa5a9311e735,3,0.0,0,0.0,Low Risk
1e26c56af8d48424e1df0140a2401f83,2,0.0,0,0.0,Low Risk
e732329483fd5f27367dd997b47f598a,1,0.0,0,0.0,Low Risk
e72b4feb7abe210c52aa667abc25a3a2,1,0.0,0,0.0,Low Risk
e70053bf73d1b5863932e53a9fa47496,7,0.0,0,0.0,Low Risk
e6ffc9ac6a7adc9d16a1cfc2286dd546,1,0.0,0,0.0,Low Risk
e64ddbe1cbcf4f2fc3092b7c481f3f9d,1,0.0,0,0.0,Low Risk
e64882b4ef12aee8d0faca4db5b681f4,1,0.0,0,0.0,Low Risk
e644cbadf7eeb30d0d29f335ce7d52ec,8,0.0,0,0.0,Low Risk
800214c63934acd05d47e84214db8ba8,4,0.0,0,0.0,Low Risk
20a7efa9721046319bdde5d60b6b5365,3,0.0,0,0.0,Low Risk
2075d8cd4dd63ff12df0749a5866bb06,3,0.0,0,0.0,Low Risk
2063dd1b9f568df1c16741ea7d3e6adb,3,0.0,0,0.0,Low Risk
20611af7866c6068fd5ae1f9dbe15c92,2,0.0,0,0.0,Low Risk
2059c39f76271d4ca3f15b5ffaccc8b8,12,0.0,0,0.0,Low Risk
204b4e07bddef3c9b317f70189135b22,1,0.0,0,0.0,Low Risk
1d139e3a3b14025640d8df1b230aace0,2,0.0,0,0.0,Low Risk
e88f7a2995ba184710d339c5c4bf2e30,2,0.0,0,0.0,Low Risk
e88c9b79e592e370d6bd852eeefbf057,8,0.0,0,0.0,Low Risk
7fe21dd00d2f4943ae09525efa2fd674,4,0.0,0,0.0,Low Risk
e83e93b71371817b11d78a63ff156aee,2,0.0,0,0.0,Low Risk
880ce4951cf857ab1d9e0b75c1d856f4,1,0.0,0,0.0,Low Risk
e82de6494d91d3c4c54450f59b227a94,3,0.0,0,0.0,Low Risk
e76ecc7e9a1a1e3c6df9d2a8261c423d,1,0.0,0,0.0,Low Risk
e73bf2cea7fe4b0b4d287a7568ed1099,4,0.0,0,0.0,Low Risk
87d73636a3acf123e842bb890a4db036,1,0.0,0,0.0,Low Risk
87b4428a334b8f676fd9a7f3bf544fb5,1,0.0,0,0.0,Low Risk
1f7fd2a6fcd5a6fa5d8a4dabc72aaae0,3,0.0,0,0.0,Low Risk
876182d1918783bbe15233febfbd4926,3,0.0,0,0.0,Low Risk
1f2eebc0e970fd3c463e4f5d9652687a,1,0.0,0,0.0,Low Risk
1e9d5a33694bddb76316fd1f54734d20,2,0.0,0,0.0,Low Risk
1e483cc5c76fef08d3ca05f9a8af7d01,10,0.0,0,0.0,Low Risk
1cbdc7cf130a41fd13a3c2a7d2fcfda7,2,0.0,0,0.0,Low Risk
86ff3eaef0267069cc891a2ed9d10a17,7,0.0,0,0.0,Low Risk
1cbcd2ee0afb3fc09963b87eb65e7e4f,1,0.0,0,0.0,Low Risk
1c83418358f249c9d6affa52d579db0e,1,0.0,0,0.0,Low Risk
1c742ac33582852aaf3bcfbf5893abcf,1,0.0,0,0.0,Low Risk
1c56ffe0e9dea2657fc6e95b53f40b13,3,0.0,0,0.0,Low Risk
1c40343cc5d18c2d8248ac2f3366de34,21,0.0,0,0.0,Low Risk
e9b6c33b71b67737693b4cfa68341c8d,1,0.0,0,0.0,Low Risk
e9874ae10b2d60d43917b6bbfa13a599,1,0.0,0,0.0,Low Risk
e9729944ba65dc3ce425e0c5a22ae7b2,4,0.0,0,0.0,Low Risk
e94b64dc6979b302a5a5be1662c83bb6,2,0.0,0,0.0,Low Risk
e908c0f3646e8b60375734a350d95d71,1,0.0,0,0.0,Low Risk
e8ff5a6ceb895583033fc2a0f314e3c2,1,0.0,0,0.0,Low Risk
7f5e4d5efad7e44b91115dd1decb65f3,3,0.0,0,0.0,Low Risk
1de62b6f2fd96227629786db492433db,2,0.0,0,0.0,Low Risk
1d953075c2f0dd990bacf27b83b330f1,1,0.0,0,0.0,Low Risk
1967a9e2ad6f51802b093147d861df58,2,0.0,0,0.0,Low Risk
1927cdb9fa74f5270097f6250e8e8f34,1,0.0,0,0.0,Low Risk
eaaa46e98c9e61f6764dd1d7a2ab8b3e,1,0.0,0,0.0,Low Risk
ea846a0e7ad98a741783e886d89dfa44,2,0.0,0,0.0,Low Risk
ea4e9ce63a2134743b4a92777437fcdd,3,0.0,0,0.0,Low Risk
ea3ebea5317b0efbc663ecc8ce5e9bc2,3,0.0,0,0.0,Low Risk
7f40d06aa0b5f1aa4f41af8c0480e2ef,6,0.0,0,0.0,Low Risk
e9e446d01bd10a97a8ffcfc4a3a20cb2,4,0.0,0,0.0,Low Risk
e9c2dc0dd4ac38448289be644ac94f42,3,0.0,0,0.0,Low Risk
1bb3812d5f0747a3ab7348f199001a10,9,0.0,0,0.0,Low Risk
1b61fb1f0f2185d89e9a126c498e9cc7,1,0.0,0,0.0,Low Risk
7f02656561b680def9986c0795a8a080,2,0.0,0,0.0,Low Risk
1b0b0f4f95e962d6f32fe90c759d0479,2,0.0,0,0.0,Low Risk
7ecef8194babfec876ca720714327841,7,0.0,0,0.0,Low Risk
1d0646a72178a6fb37ee8082140e06ec,2,0.0,0,0.0,Low Risk
1cd9e0cc1839d55516843def5600816d,5,0.0,0,0.0,Low Risk
184725737946a1a938bbbd1a9e978103,3,0.0,0,0.0,Low Risk
17adeba047385fb0c67d8e90b4296d21,1,0.0,0,0.0,Low Risk
ebe3dabc4955c9b0d695e7bda38bf5c3,1,0.0,0,0.0,Low Risk
ebd1417732defaf66c50b5a800eb293e,1,0.0,0,0.0,Low Risk
eb9267cccc90f1b49c8d2f9887c7dd97,1,0.0,0,0.0,Low Risk
eb4a59a06b3948e851a7d7a830bcbc42,2,0.0,0,0.0,Low Risk
eb3071b9f0b0ddaa2df5ea130f09f26b,9,0.0,0,0.0,Low Risk
eb1bf309f4f6af9a97e9ddac3fdbeabe,1,0.0,0,0.0,Low Risk
eaf6d55068dea77334e8477d3878d89e,3,0.0,0,0.0,Low Risk
eae9af4811c294c56795d70e715b7337,1,0.0,0,0.0,Low Risk
1a8e2d9c38b84a9702ac7922924b0573,1,0.0,0,0.0,Low Risk
1a6245add4353f18ed55138808906979,1,0.0,0,0.0,Low Risk
19e0f40a907ec568c34bfac15de4f4a1,4,0.0,0,0.0,Low Risk
19d62d484cba71963c93f0f00ab42013,1,0.0,0,0.0,Low Risk
19a7c9f66ffa6452ff4b4c0cca71da27,1,0.0,0,0.0,Low Risk
7e959205cebc10adefcb331f934238a4,2,0.0,0,0.0,Low Risk
17998cf586426bf0f2c3726cb0a4b211,2,0.0,0,0.0,Low Risk
17908cf9b444ee34047cadd5c0f4a516,11,0.0,0,0.0,Low Risk
1782ce2db72c3dda627d5e7c898104e1,9,0.0,0,0.0,Low Risk
1771297ac436903d1dd6b0e9279aa505,28,0.0,0,0.0,Low Risk
1746c1ae87ac63d530c7c943d0ac42e2,1,0.0,0,0.0,Low Risk
173d56ffbd4c56cb80fc3615487d712b,2,0.0,0,0.0,Low Risk
1710c3aaa9c6b44ec3883ee0fe300e21,2,0.0,0,0.0,Low Risk
1703bc09972dab9782e7a9194943b69f,1,0.0,0,0.0,Low Risk
16bdc8cefd0e32a6f0824d296c5ad14a,1,0.0,0,0.0,Low Risk
1690cada046eb7e92c12f98b1f8a8167,11,0.0,0,0.0,Low Risk
166e8f1381e09651983c38b1f6f91c11,2,0.0,0,0.0,Low Risk
7e79d65b5c6f1f544b7daea036acf720,4,0.0,0,0.0,Low Risk
ec933281fb017b5020d06df29c3f77e8,8,0.0,0,0.0,Low Risk
ec8463980a4e0ea9f8517aea1ed0c419,2,0.0,0,0.0,Low Risk
18e694e0e48ed6f7aa3f24aade5fd697,31,0.0,0,0.0,Low Risk
186cdd1b2df32caa72cfb410bba768d3,6,0.0,0,0.0,Low Risk
164a5a8794e6d42e14f55e447b12a3bc,1,0.0,0,0.0,Low Risk
160851d3ece7aa1a510f8d1a4bb8a8af,2,0.0,0,0.0,Low Risk
15ead3a5037a918ddb520dfe39a3d2b9,7,0.0,0,0.0,Low Risk
89a51f50b8095ea78d5768f34c13a76f,10,0.0,0,0.0,Low Risk
15aec03fe4cf30dfa574cf550f5ff5ff,1,0.0,0,0.0,Low Risk
15ac3c501e2599e4917316fde5c5669a,1,0.0,0,0.0,Low Risk
eec3469d83e142f9a104886655338c37,4,0.0,0,0.0,Low Risk
ee2fbacc2fc3794e656cc4d933d59ce7,2,0.0,0,0.0,Low Risk
ee27a8f15b1dded4d213a468ba4eb391,1,0.0,0,0.0,Low Risk
edf3fabebcc20f7463cc9c53da932ea8,1,0.0,0,0.0,Low Risk
ede2977fbaf3738583170735ca403f6c,1,0.0,0,0.0,Low Risk
edd066cd02126d7800f9b66e980e9931,6,0.0,0,0.0,Low Risk
edb65fe661681b1c0de8bd47c8655855,1,0.0,0,0.0,Low Risk
edb58a1390adf273840030a3d6253829,1,0.0,0,0.0,Low Risk
ed9eef5be0992d413d251fadba1a410d,3,0.0,0,0.0,Low Risk
89757206b887aed36f3e18d858460fea,2,0.0,0,0.0,Low Risk
134a288e7de827ec5ec62e3ec9c3a295,9,0.0,0,0.0,Low Risk
131fcb0a0c9a47bba4474aacff0f14b7,4,0.0,0,0.0,Low Risk
12c2ed9cded6138cf0c75f525f565fc7,4,0.0,0,0.0,Low Risk
f00f5b35d0abcacbdd863672f4bb2c1a,1,0.0,0,0.0,Low Risk
efff9341f3f8f5237b44ff67ed36a7bf,5,0.0,0,0.0,Low Risk
efb628aa07c8ca93d7db0d85b91a4f5a,1,0.0,0,0.0,Low Risk
ef9952469137ff190bacafe117f51537,5,0.0,0,0.0,Low Risk
ef728fa1f17436c91ed1ccd03dcf9631,3,0.0,0,0.0,Low Risk
8936ba0de1073ee888cb3185ae5dc661,1,0.0,0,0.0,Low Risk
152ee17e4c8aaf53dac99f3462e4999b,6,0.0,0,0.0,Low Risk
14ee35374a7876217954b5fa08e50463,6,0.0,0,0.0,Low Risk
13f57c12a00ed4610db646b913a7f5c6,7,0.0,0,0.0,Low Risk
13e85aac53340018b40c2af68001b7e0,1,0.0,0,0.0,Low Risk
13dd308f81fea30cc670c656b2b46cc3,3,0.0,0,0.0,Low Risk
13d95f0f6f73943d4ceffad0fc2cd32c,1,0.0,0,0.0,Low Risk
165b1235e9e9942cb5fae67103576fb0,11,0.0,0,0.0,Low Risk
11d4c477d09821164bca4f70a2eae031,3,0.0,0,0.0,Low Risk
119d1aef1b4144adba89163f6cd9f5d4,4,0.0,0,0.0,Low Risk
119c7f1a00ef43fad0e57604e76a747c,2,0.0,0,0.0,Low Risk
117cfc326c6d50da67ca858ff5c0c852,5,0.0,0,0.0,Low Risk
11742f81550ac064cc9a40f67151d9ad,2,0.0,0,0.0,Low Risk
f18112da765e0971ca5d510dec322bdd,2,0.0,0,0.0,Low Risk
f12d3c2a14729ae461b920c11fe20fdc,9,0.0,0,0.0,Low Risk
f1198c871e0171278b63f40d112caeec,2,0.0,0,0.0,Low Risk
f0ec78809fe0bc3edb11c9fe5b97b059,2,0.0,0,0.0,Low Risk
f0ec6a2adb05c62655a26dd347b8dede,1,0.0,0,0.0,Low Risk
f0e103c63864d5405b958d984b6e94c9,11,0.0,0,0.0,Low Risk
f09b760d23495ac9a7e00d29b769007c,1,0.0,0,0.0,Low Risk
f0837c8d71434931d9e38e7b79234797,22,0.0,0,0.0,Low Risk
88cf19ec1fc2c58f161aee259d57142c,14,0.0,0,0.0,Low Risk
139157dd4daa45c25b0807ffff348363,1,0.0,0,0.0,Low Risk
134b867a0f7f8bbe6abf10f91874891e,1,0.0,0,0.0,Low Risk
10089e9f2fd0c668a8fd4e52e1698888,3,0.0,0,0.0,Low Risk
88cd3681e0a2ba85e190f7d817629c4c,1,0.0,0,0.0,Low Risk
0ff83046c3fa22efee8ecf291888b191,10,0.0,0,0.0,Low Risk
0fe2d9733ed841eb064503920015a8c0,3,0.0,0,0.0,Low Risk
0f94588695d71662beec8d883ffacf09,1,0.0,0,0.0,Low Risk
0f80a40c312b2472dca482cf50f5186f,1,0.0,0,0.0,Low Risk
0f7eea709efdf942b5f95c7516dbacd7,3,0.0,0,0.0,Low Risk
f266295f49a28eee21f413e0cbb0521d,2,0.0,0,0.0,Low Risk
f2336e113377dd21c744d9c4fc8293a9,4,0.0,0,0.0,Low Risk
88af55b4a7ca402b27df16f7c7c9b5d2,1,0.0,0,0.0,Low Risk
f205b1a3ca9a34e0f8a228bae6e4c7b3,8,0.0,0,0.0,Low Risk
f1fdf2d13186575751aa25876536d85c,1,0.0,0,0.0,Low Risk
f1fd5ab1181f827ffad998c1a5de7d74,15,0.0,0,0.0,Low Risk
f1ce5fdecd64935c28b9ff932751d0dc,2,0.0,0,0.0,Low Risk
120476eb7a04c149d14772edaf5d9bf2,4,0.0,0,0.0,Low Risk
11fb6f6d341adbe19e81733701704635,3,0.0,0,0.0,Low Risk
88ae906ea2acf6971f26c3e8b7cb4357,3,0.0,0,0.0,Low Risk
0ddefe3c7a032b91f4e25b9c3a08fca1,9,0.0,0,0.0,Low Risk
889009a0ed0bb52c87819941192931b8,1,0.0,0,0.0,Low Risk
f3975e8a41157005d4bcbb358678cd9b,2,0.0,0,0.0,Low Risk
f3862c2188522d89860c38a3ea8b550d,1,0.0,0,0.0,Low Risk
7bb8fac2913a6064ec412e583c6d8b4d,1,0.0,0,0.0,Low Risk
f3511c85f59f8dec53d140501ee8e7a8,1,0.0,0,0.0,Low Risk
f326006815956455b2859abd58fe7e39,9,0.0,0,0.0,Low Risk
f307937c1bb287c3efc2a514b94b0d1d,1,0.0,0,0.0,Low Risk
f3055483058c84d75ca2a3314fb4deef,1,0.0,0,0.0,Low Risk
f3041c2e75ec683697a6a5ea82192210,1,0.0,0,0.0,Low Risk
f26d70155c2b6326fcfa1780c8c684e4,1,0.0,0,0.0,Low Risk
10cdd491d1dbea8fb4ead97b19c334ce,3,0.0,0,0.0,Low Risk
10264f60a8f0a4d2f30810f5c661c673,4,0.0,0,0.0,Low Risk
101a3a003516bc11253298b2fad3cb65,5,0.0,0,0.0,Low Risk
101921376b577a4540dc30e9009133ca,1,0.0,0,0.0,Low Risk
0c7f30ae9b147eca07affbef92832a6a,5,0.0,0,0.0,Low Risk
8a9260f2b0340411d6d2a56bcf4f7378,8,0.0,0,0.0,Low Risk
0bebbb2cea103a4a020c95d43fd7d754,9,0.0,0,0.0,Low Risk
0bb738e4d789e63e2267697c42d35a2d,30,0.0,0,0.0,Low Risk
f4db9b37944bcb8873e6b456ee190bbf,21,0.0,0,0.0,Low Risk
f4ce8ca9fa7157e3b33f536ac9a4487d,4,0.0,0,0.0,Low Risk
f4a04f7be452aa3bb31760bf00055dd0,18,0.0,0,0.0,Low Risk
f44b6f775a2b390380e0e30b5c9d3eee,10,0.0,0,0.0,Low Risk
8a8835a43bda99fd37310ad76c457510,2,0.0,0,0.0,Low Risk
8a87611c08849ffeeccab52aa798b6c7,13,0.0,0,0.0,Low Risk
f410c8873029fcc3809b9df6d0b28914,2,0.0,0,0.0,Low Risk
0f519b0d2e5eb2227c93dd25038bfc01,1,0.0,0,0.0,Low Risk
0ee4fb99ac55ffbbc98795aa01b7f8fa,1,0.0,0,0.0,Low Risk
0ec28cec4046a4a199b6de9b4c891d97,3,0.0,0,0.0,Low Risk
0e982cff76cc0579f632cea8a0e38c9d,7,0.0,0,0.0,Low Risk
0e72c1a751b496722a6cb1f10653b62a,3,0.0,0,0.0,Low Risk
0b46f784306be7200ca1700aa55d819f,1,0.0,0,0.0,Low Risk
0b3f27369a4d8df98f7eb91077e438ac,2,0.0,0,0.0,Low Risk
0b36063d5818f81ccb94b54adfaebbf5,1,0.0,0,0.0,Low Risk
0b1ca3ef18a63d7eb0c8897fa0849c08,1,0.0,0,0.0,Low Risk
0b18d63d0cd1d723567903fd34a07df2,9,0.0,0,0.0,Low Risk
0b0ddbc7b9d9584f442c7ac92b0ff6c9,3,0.0,0,0.0,Low Risk
0b09101900100c0e9d312861fad5a1b9,1,0.0,0,0.0,Low Risk
0af977692321d895349eded183341d28,2,0.0,0,0.0,Low Risk
0af2ab31141893d26aca5a404a537dab,1,0.0,0,0.0,Low Risk
8a207b6080964f3c1fc9d35bd6096ba4,2,0.0,0,0.0,Low Risk
f5fea3ffed6c2e889bab72705557c63a,3,0.0,0,0.0,Low Risk
f5b84683a9bf9e1df748cf40f601b39c,1,0.0,0,0.0,Low Risk
f5403d3f50089112c4eed37928b7f622,2,0.0,0,0.0,Low Risk
8a1ff5c35f6595a73fef4c7b96e4908a,2,0.0,0,0.0,Low Risk
0daf5180aa44356f60f8effa533b55a2,2,0.0,0,0.0,Low Risk
0cab2da43793a6f3c5ed8514c5f54627,3,0.0,0,0.0,Low Risk
08d2d642cf72b622b14dde1d2f5eb2f5,17,0.0,0,0.0,Low Risk
08d1c9478fb0d7d7fcac9c0da4e82fc7,1,0.0,0,0.0,Low Risk
0887a9f087bcd5d9f6642b52f897fc6c,12,0.0,0,0.0,Low Risk
08084d990eb3f53af056ccbc1730c8a7,12,0.0,0,0.0,Low Risk
f7c31656c19db6275a8acadca289f426,1,0.0,0,0.0,Low Risk
f7315bb81aea4ddca2d39e249a801c98,2,0.0,0,0.0,Low Risk
f682e0f848abafc6f41e0d4e868c66ef,2,0.0,0,0.0,Low Risk
0ade5cc4a305ed7093a23f68ca47519c,2,0.0,0,0.0,Low Risk
0ad80de75c811326389cfb1daba7d45e,6,0.0,0,0.0,Low Risk
0a85ebe4e328db81ac9109781205e2f7,12,0.0,0,0.0,Low Risk
0a82f5fb06a4fe4ac2cf7cb412ec71b8,2,0.0,0,0.0,Low Risk
0a198e95d32b1be2da9424c962a6ebfa,1,0.0,0,0.0,Low Risk
09bad886111255c5b5030314fc7f1a4a,5,0.0,0,0.0,Low Risk
0951a6e282947e09cd47969f4ed0b47f,7,0.0,0,0.0,Low Risk
0bb27263628258b8111a0262769fa9db,1,0.0,0,0.0,Low Risk
0b64bcdb0784abc139af04077d49a20e,4,0.0,0,0.0,Low Risk
08061dc0fc165ed41288cc7acde738ee,4,0.0,0,0.0,Low Risk
07e8e8fc5222bb358e6f259da3197074,2,0.0,0,0.0,Low Risk
89dda63a3c907c468ec88c310ed91213,2,0.0,0,0.0,Low Risk
07a9bc7f61396b658ddf3ac534efe44c,1,0.0,0,0.0,Low Risk
079d295dcbf06ee8bb1b65ba964eb2b6,5,0.0,0,0.0,Low Risk
077c5fae4bea9500e3737b16f71b9d3a,4,0.0,0,0.0,Low Risk
0761743cbffb25d7148189e9f1a5f03a,3,0.0,0,0.0,Low Risk
0743a0239d764b9a0f959a57d07e36ab,4,0.0,0,0.0,Low Risk
f92d8c817434bd2d84d4e9c61322b7fa,5,0.0,0,0.0,Low Risk
f90f77ef2799a27f80d90c425ca944f7,1,0.0,0,0.0,Low Risk
f8f35af4634605e6693c17cc3ffff5a8,1,0.0,0,0.0,Low Risk
f8e2c1b59cd4225a3e4fd0d013a76b93,2,0.0,0,0.0,Low Risk
f8d5c7085db9a4ad2b8c1ffbeb2798c8,6,0.0,0,0.0,Low Risk
f805b96fa705ba7995a221f1749dc141,7,0.0,0,0.0,Low Risk
0936e1837d0c79253456bbb2ffaaef10,1,0.0,0,0.0,Low Risk
08f5819815f3d06545011850bd70f0a8,3,0.0,0,0.0,Low Risk
fa8d335d68129e464e60c1826a683e96,1,0.0,0,0.0,Low Risk
fa7ad8ae9bcb2c4493fdf38e96b1d74f,1,0.0,0,0.0,Low Risk
fa5fdc4e4bb6bd1009ad0e4ac4096562,1,0.0,0,0.0,Low Risk
fa14641f57b655e933124a9ea49cd7a5,7,0.0,0,0.0,Low Risk
f9f68daa2af419d38f745478bcb3da1a,2,0.0,0,0.0,Low Risk
f9eedec3129e8cc6b6429c42d0808c5b,2,0.0,0,0.0,Low Risk
f9eda05b67bef472deaddbba84aca289,1,0.0,0,0.0,Low Risk
f9ec7093df3a7b346b7bcf7864069ca3,9,0.0,0,0.0,Low Risk
f9bbdd976532d50b7816d285a22bd01e,2,0.0,0,0.0,Low Risk
f9a02f1922d1de564392e656d82b3fda,1,0.0,0,0.0,Low Risk
06bb3a2fe5e7b7a845b13e8fb91bd944,17,0.0,0,0.0,Low Risk
0692610d8abe24f287e9fae90ea0bbee,4,0.0,0,0.0,Low Risk
06532f10282704ef4c69168b914b77be,8,0.0,0,0.0,Low Risk
062c325cd6a2b87845fab56b4ec2eeae,2,0.0,0,0.0,Low Risk
05feb94f19d094d4b0f9281f0b1d4c99,6,0.0,0,0.0,Low Risk
05e107217c7266362fd44b75b2cd4cc4,5,0.0,0,0.0,Low Risk
05aebce0b5c8f0d41b29b686f2d05fd3,2,0.0,0,0.0,Low Risk
05a48cc8859962767935ab9087417fbb,1,0.0,0,0.0,Low Risk
05730013efda596306417c3b09302475,4,0.0,0,0.0,Low Risk
0570350b23eda5444f8d1d9544932058,6,0.0,0,0.0,Low Risk
052577151711aec5c744fe12e66db3e1,4,0.0,0,0.0,Low Risk
89d9a386b0b6e5fc8403071b03f7206a,2,0.0,0,0.0,Low Risk
04ee0ec01589969663ba5967c0e0bdc0,1,0.0,0,0.0,Low Risk
7e3dde9ffba72d5340f9aaf09b4424be,1,0.0,0,0.0,Low Risk
fc4751cfe3b279c419615b9b00c1abb4,1,0.0,0,0.0,Low Risk
fc38b5dceee1a730fad8853453437fbd,5,0.0,0,0.0,Low Risk
fc0b214b59a83615fea981c6424a02ae,1,0.0,0,0.0,Low Risk
fb8904a8ea99f8831b64ce27db2c1765,2,0.0,0,0.0,Low Risk
fb503a924a0b9db19d83dd0ac6dbef8c,1,0.0,0,0.0,Low Risk
fadb07c842a2aef5d5a676b85f220e71,7,0.0,0,0.0,Low Risk
fac35d150712afb921ec59ac5f39bb11,5,0.0,0,0.0,Low Risk
fac1a9017ade7bdc94058fc1c969f355,9,0.0,0,0.0,Low Risk
00ab3eff1b5192e5f1a63bcecfee11c8,1,0.0,0,0.0,Low Risk
01ed254b9ff8407dfb9d99ba1e17d923,5,0.0,0,0.0,Low Risk
fe19dce63ae80346207c6c55713d1023,1,0.0,0,0.0,Low Risk
fdf736c18c589ed030e058312203e1b2,1,0.0,0,0.0,Low Risk
fd435faa3c0422b60440ea3480d0e77c,1,0.0,0,0.0,Low Risk
fd312b6bf05efac6c3772d5b52205d8a,2,0.0,0,0.0,Low Risk
fcba71d4d5db057f43249145e4eb1e27,3,0.0,0,0.0,Low Risk
fc908879b9ca1bd65419e54e50432d38,4,0.0,0,0.0,Low Risk
04843805947f0fc584fc1969b6e50fe7,1,0.0,0,0.0,Low Risk
044668ccd5316b12a7cf0d54a156e3e9,3,0.0,0,0.0,Low Risk
03bd479e1d9484cdb14104d3023f7321,3,0.0,0,0.0,Low Risk
039b29ff3b3473435d0cd59040575de9,9,0.0,0,0.0,Low Risk
038b75b729c8a9a04b0d07cba7eabe86,2,0.0,0,0.0,Low Risk
034b9387752bfa309f350a70cd45ffa3,8,0.0,0,0.0,Low Risk
7dea6f73af847b42cc3985bd620f994d,2,0.0,0,0.0,Low Risk
05ca864204d09595ae591b93ea9cf93d,1,0.0,0,0.0,Low Risk
010543a62bd80aa422851e79a3bc7540,2,0.0,0,0.0,Low Risk
fedaedd3ca31d56ab33e92035e4b361c,1,0.0,0,0.0,Low Risk
fec8cd45395b3cb0c2b173d7739706a1,4,0.0,0,0.0,Low Risk
fec6912baad85d41729669edd6b4d3b8,1,0.0,0,0.0,Low Risk
feb793c88d836c3a75efa4b5a3465d70,1,0.0,0,0.0,Low Risk
fe9d9cf8631285d5982c6e2cf27fb114,1,0.0,0,0.0,Low Risk
fe87f472055fbcf1d7e691c00b1560dc,6,0.0,0,0.0,Low Risk
fe8055980a4ff7f64ed889c2b5926929,3,0.0,0,0.0,Low Risk
fe4cd9461203cee790d36792420b310f,3,0.0,0,0.0,Low Risk
fe26f3ecb51a15e6d8335cd92da42562,7,0.0,0,0.0,Low Risk
fe1bbc5feda5c8979a8a1b3b2512d5a6,9,0.0,0,0.0,Low Risk
fe1b067411b8c5066e962aa146ccee03,8,0.0,0,0.0,Low Risk
7dc9a3355bae96dd82008b313d3a456c,1,0.0,0,0.0,Low Risk
02b72cdeb9cfcc429f1af6f4e3f3b737,4,0.0,0,0.0,Low Risk
7d81e74a4755b552267cd5e081563028,1,0.0,0,0.0,Low Risk
028872bfa080090a9d0abd4f1af168f8,1,0.0,0,0.0,Low Risk
